dates,Soybean futures prices,Log-return,moving averages,relative strength index
03/09/2019 21:05,3596,,,
03/09/2019 21:10,3599,0.000833912,,
03/09/2019 21:15,3595,-0.001112038,,
03/09/2019 21:20,3604,0.002500349,,
03/09/2019 21:25,3604,0,3599.6,
03/09/2019 21:30,3604,0,3601.2,
03/09/2019 21:35,3601,-0.000832755,3601.6,
03/09/2019 21:40,3595,-0.001667593,3601.6,
03/09/2019 21:45,3592,-0.000834841,3599.2,
03/09/2019 21:50,3593,0.000278358,3597,
03/09/2019 21:55,3594,0.00027828,3595,
03/09/2019 22:00,3594,0,3593.6,
03/09/2019 22:05,3593,-0.00027828,3593.2,A是正数  B是负数
03/09/2019 22:10,3592,-0.000278358,3593.2,
03/09/2019 22:15,3593,0.000278358,3593.2,
03/09/2019 22:20,3593,0,3593,
03/09/2019 22:25,3592,-0.000278358,3592.6,
03/09/2019 22:30,3596,0.001112966,3593.2,
03/09/2019 22:35,3592,-0.001112966,3593.2,
03/09/2019 22:40,3596,0.001112966,3593.8,
03/09/2019 22:45,3598,0.000556019,3594.8,
03/09/2019 22:50,3597,-0.000277971,3595.8,
03/09/2019 22:55,3592,-0.001391014,3595,
03/09/2019 23:00,3593,0.000278358,3595.2,
04/09/2019 09:05,3584,-0.002508013,3592.8,
04/09/2019 09:10,3579,-0.001396063,3589,
04/09/2019 09:15,3581,0.000558659,3585.8,
04/09/2019 09:20,3572,-0.002516428,3581.8,
04/09/2019 09:25,3576,0.001119194,3578.4,
04/09/2019 09:30,3578,0.000559128,3577.2,
04/09/2019 09:35,3576,-0.000559128,3576.6,
04/09/2019 09:40,3575,-0.000279681,3575.4,
04/09/2019 09:45,3575,0,3576,
04/09/2019 09:50,3577,0.000559284,3576.2,
04/09/2019 09:55,3577,0,3576,
04/09/2019 10:00,3578,0.000279525,3576.4,
04/09/2019 10:05,3575,-0.000838809,3576.4,
04/09/2019 10:10,3576,0.000279681,3576.6,
04/09/2019 10:15,3576,0,3576.4,
04/09/2019 10:35,3575,-0.000279681,3576,
04/09/2019 10:40,3581,0.001676915,3576.6,
04/09/2019 10:45,3584,0.000837404,3578.4,
04/09/2019 10:50,3582,-0.000558191,3579.6,
04/09/2019 10:55,3585,0.00083717,3581.4,
04/09/2019 11:00,3583,-0.000558036,3583,
04/09/2019 11:05,3586,0.000836937,3584,
04/09/2019 11:10,3586,0,3584.4,
04/09/2019 11:15,3582,-0.001116072,3584.4,
04/09/2019 11:20,3581,-0.000279213,3583.6,
04/09/2019 11:25,3584,0.000837404,3583.8,
04/09/2019 11:30,3583,-0.000279057,3583.2,
04/09/2019 13:35,3588,0.001394506,3583.6,
04/09/2019 13:40,3592,0.001114206,3585.6,
04/09/2019 13:45,3591,-0.000278435,3587.6,
04/09/2019 13:50,3585,-0.001672241,3587.8,
04/09/2019 13:55,3586,0.000278901,3588.4,
04/09/2019 14:00,3591,0.00139334,3589,
04/09/2019 14:05,3588,-0.000835771,3588.2,
04/09/2019 14:10,3591,0.000835771,3588.2,
04/09/2019 14:15,3590,-0.000278513,3589.2,
04/09/2019 14:20,3595,0.001391789,3591,
04/09/2019 14:25,3593,-0.000556483,3591.4,
04/09/2019 14:30,3586,-0.001950133,3591,
04/09/2019 14:35,3582,-0.001116072,3589.2,
04/09/2019 14:40,3583,0.000279135,3587.8,
04/09/2019 14:45,3584,0.000279057,3585.6,
04/09/2019 14:50,3582,-0.000558191,3583.4,
04/09/2019 14:55,3582,0,3582.6,
04/09/2019 15:00,3578,-0.001117319,3581.8,
04/09/2019 21:05,3586,0.00223339,3582.4,
04/09/2019 21:10,3585,-0.000278901,3582.6,
04/09/2019 21:15,3587,0.000557724,3583.6,
04/09/2019 21:20,3586,-0.000278823,3584.4,
04/09/2019 21:25,3589,0.000836237,3586.6,
04/09/2019 21:30,3590,0.00027859,3587.4,
04/09/2019 21:35,3586,-0.001114827,3587.6,
04/09/2019 21:40,3586,0,3587.4,
04/09/2019 21:45,3584,-0.00055788,3587,
04/09/2019 21:50,3584,0,3586,
04/09/2019 21:55,3583,-0.000279057,3584.6,
04/09/2019 22:00,3579,-0.001117007,3583.2,
04/09/2019 22:05,3580,0.000279369,3582,
04/09/2019 22:10,3576,-0.001117943,3580.4,
04/09/2019 22:15,3574,-0.000559441,3578.4,
04/09/2019 22:20,3577,0.000839044,3577.2,
04/09/2019 22:25,3577,0,3576.8,
04/09/2019 22:30,3576,-0.000279603,3576,
04/09/2019 22:35,3575,-0.000279681,3575.8,
04/09/2019 22:40,3574,-0.000279759,3575.8,
04/09/2019 22:45,3574,0,3575.2,
04/09/2019 22:50,3573,-0.000279838,3574.4,
04/09/2019 22:55,3573,0,3573.8,
04/09/2019 23:00,3577,0.001118881,3574.2,
05/09/2019 09:05,3583,0.001675978,3576,
05/09/2019 09:10,3581,-0.000558347,3577.4,
05/09/2019 09:15,3567,-0.003917185,3576.2,
05/09/2019 09:20,3569,0.000560538,3575.4,
05/09/2019 09:25,3567,-0.000560538,3573.4,
05/09/2019 09:30,3552,-0.004214081,3567.2,
05/09/2019 09:35,3539,-0.003666624,3558.8,
05/09/2019 09:40,3536,-0.000848057,3552.6,
05/09/2019 09:45,3539,0.000848057,3546.6,
05/09/2019 09:50,3535,-0.001130902,3540.2,
05/09/2019 09:55,3536,0.000282845,3537,
05/09/2019 10:00,3532,-0.001131862,3535.6,
05/09/2019 10:05,3531,-0.000283166,3534.6,
05/09/2019 10:10,3538,0.001980479,3534.4,
05/09/2019 10:15,3539,0.000282606,3535.2,
05/09/2019 10:30,3536,-0.000848057,3535.2,
05/09/2019 10:35,3539,0.000848057,3536.6,
05/09/2019 10:40,3537,-0.000565291,3537.8,
05/09/2019 10:45,3543,0.001694916,3538.8,
05/09/2019 10:50,3541,-0.000564653,3539.2,
05/09/2019 10:55,3544,0.00084686,3540.8,
05/09/2019 11:00,3544,0,3541.8,
05/09/2019 11:05,3548,0.001128032,3544,
05/09/2019 11:10,3550,0.000563539,3545.4,
05/09/2019 11:15,3548,-0.000563539,3546.8,
05/09/2019 11:20,3548,0,3547.6,
05/09/2019 11:25,3545,-0.000845904,3547.8,
05/09/2019 11:30,3545,0,3547.2,
05/09/2019 13:35,3543,-0.000564334,3545.8,
05/09/2019 13:40,3539,-0.001129625,3544,
05/09/2019 13:45,3542,0.000847338,3542.8,
05/09/2019 13:50,3545,0.000846621,3542.8,
05/09/2019 13:55,3540,-0.001411433,3541.8,
05/09/2019 14:00,3535,-0.001413428,3540.2,
05/09/2019 14:05,3542,0.00197824,3540.8,
05/09/2019 14:10,3546,0.001128668,3541.6,
05/09/2019 14:15,3546,0,3541.8,
05/09/2019 14:20,3542,-0.001128668,3542.2,
05/09/2019 14:25,3544,0.000564493,3544,
05/09/2019 14:30,3541,-0.00084686,3543.8,
05/09/2019 14:35,3542,0.000282366,3543,
05/09/2019 14:40,3541,-0.000282366,3542,
05/09/2019 14:45,3536,-0.001413028,3540.8,
05/09/2019 14:50,3539,0.000848057,3539.8,
05/09/2019 14:55,3536,-0.000848057,3538.8,
05/09/2019 15:00,3531,-0.001415028,3536.6,
05/09/2019 21:05,3541,0.002828056,3536.6,
05/09/2019 21:10,3541,0,3537.6,
05/09/2019 21:15,3542,0.000282366,3538.2,
05/09/2019 21:20,3546,0.001128668,3540.2,
05/09/2019 21:25,3545,-0.000282048,3543,
05/09/2019 21:30,3545,0,3543.8,
05/09/2019 21:35,3538,-0.001976564,3543.2,
05/09/2019 21:40,3541,0.000847577,3543,
05/09/2019 21:45,3533,-0.002261805,3540.4,
05/09/2019 21:50,3536,0.000848776,3538.6,
05/09/2019 21:55,3533,-0.000848776,3536.2,
05/09/2019 22:00,3529,-0.001132824,3534.4,
05/09/2019 22:05,3524,-0.001417837,3531,
05/09/2019 22:10,3526,0.000567376,3529.6,
05/09/2019 22:15,3525,-0.000283648,3527.4,
05/09/2019 22:20,3506,-0.00540465,3522,
05/09/2019 22:25,3492,-0.004001149,3514.6,
05/09/2019 22:30,3470,-0.006320044,3503.8,
05/09/2019 22:35,3479,0.002590302,3494.4,
05/09/2019 22:40,3478,-0.00028748,3485,
05/09/2019 22:45,3474,-0.001150748,3478.6,
05/09/2019 22:50,3479,0.001438228,3476,
05/09/2019 22:55,3484,0.001436163,3478.8,
05/09/2019 23:00,3477,-0.002011206,3478.4,
06/09/2019 09:05,3478,0.000287563,3478.4,
06/09/2019 09:10,3479,0.00028748,3479.4,
06/09/2019 09:15,3481,0.000574713,3479.8,
06/09/2019 09:20,3479,-0.000574713,3478.8,
06/09/2019 09:25,3475,-0.001150417,3478.4,
06/09/2019 09:30,3476,0.000287728,3478,
06/09/2019 09:35,3474,-0.00057554,3477,
06/09/2019 09:40,3473,-0.000287894,3475.4,
06/09/2019 09:45,3469,-0.001152406,3473.4,
06/09/2019 09:50,3465,-0.001153735,3471.4,
06/09/2019 09:55,3465,0,3469.2,
06/09/2019 10:00,3463,-0.000577367,3467,
06/09/2019 10:05,3465,0.000577367,3465.4,
06/09/2019 10:10,3459,-0.001733103,3463.4,
06/09/2019 10:15,3455,-0.001157073,3461.4,
06/09/2019 10:30,3458,0.00086793,3460,
06/09/2019 10:35,3459,0.000289143,3459.2,
06/09/2019 10:40,3464,0.001444461,3459,
06/09/2019 10:45,3461,-0.000866426,3459.4,
06/09/2019 10:50,3465,0.001155068,3461.4,
06/09/2019 10:55,3465,0,3462.8,
06/09/2019 11:00,3464,-0.000288642,3463.8,
06/09/2019 11:05,3462,-0.000577534,3463.4,
06/09/2019 11:10,3461,-0.000288892,3463.4,
06/09/2019 11:15,3462,0.000288892,3462.8,
06/09/2019 11:20,3464,0.000577534,3462.6,
06/09/2019 11:25,3462,-0.000577534,3462.2,
06/09/2019 11:30,3461,-0.000288892,3462,
06/09/2019 13:35,3463,0.000577701,3462.4,
06/09/2019 13:40,3469,0.001731103,3463.8,
06/09/2019 13:45,3468,-0.000288309,3464.6,
06/09/2019 13:50,3469,0.000288309,3466,
06/09/2019 13:55,3468,-0.000288309,3467.4,
06/09/2019 14:00,3475,0.00201642,3469.8,
06/09/2019 14:05,3473,-0.000575705,3470.6,
06/09/2019 14:10,3471,-0.000576037,3471.2,
06/09/2019 14:15,3471,0,3471.6,
06/09/2019 14:20,3467,-0.00115307,3471.4,
06/09/2019 14:25,3474,0.002017001,3471.2,
06/09/2019 14:30,3476,0.00057554,3471.8,
06/09/2019 14:35,3475,-0.000287728,3472.6,
06/09/2019 14:40,3473,-0.000575705,3473,
06/09/2019 14:45,3471,-0.000576037,3473.8,
06/09/2019 14:50,3464,-0.002018746,3471.8,
06/09/2019 14:55,3456,-0.00231214,3467.8,
06/09/2019 15:00,3464,0.00231214,3465.6,
06/09/2019 21:05,3461,-0.000866426,3463.2,
06/09/2019 21:10,3463,0.000577701,3461.6,
06/09/2019 21:15,3467,0.001154401,3462.2,
06/09/2019 21:20,3469,0.000576701,3464.8,
06/09/2019 21:25,3470,0.000288226,3466,
06/09/2019 21:30,3469,-0.000288226,3467.6,
06/09/2019 21:35,3467,-0.000576701,3468.4,
06/09/2019 21:40,3465,-0.000577034,3468,
06/09/2019 21:45,3464,-0.000288642,3467,
06/09/2019 21:50,3465,0.000288642,3466,
06/09/2019 21:55,3462,-0.000866176,3464.6,
06/09/2019 22:00,3464,0.000577534,3464,
06/09/2019 22:05,3462,-0.000577534,3463.4,
06/09/2019 22:10,3464,0.000577534,3463.4,
06/09/2019 22:15,3461,-0.000866426,3462.6,
06/09/2019 22:20,3462,0.000288892,3462.6,
06/09/2019 22:25,3462,0,3462.2,
06/09/2019 22:30,3462,0,3462.2,
06/09/2019 22:35,3459,-0.000866927,3461.2,
06/09/2019 22:40,3461,0.000578035,3461.2,
06/09/2019 22:45,3462,0.000288892,3461.2,
06/09/2019 22:50,3464,0.000577534,3461.6,
06/09/2019 22:55,3465,0.000288642,3462.2,
06/09/2019 23:00,3463,-0.000577367,3463,
09/09/2019 09:05,3462,-0.000288809,3463.2,
09/09/2019 09:10,3470,0.002308137,3464.8,
09/09/2019 09:15,3466,-0.001153403,3465.2,
09/09/2019 09:20,3467,0.000288475,3465.6,
09/09/2019 09:25,3468,0.000288392,3466.6,
09/09/2019 09:30,3467,-0.000288392,3467.6,
09/09/2019 09:35,3467,0,3467,
09/09/2019 09:40,3463,-0.001154401,3466.4,
09/09/2019 09:45,3463,0,3465.6,
09/09/2019 09:50,3464,0.000288725,3464.8,
09/09/2019 09:55,3467,0.000865676,3464.8,
09/09/2019 10:00,3470,0.000864927,3465.4,
09/09/2019 10:05,3473,0.00086418,3467.4,
09/09/2019 10:10,3473,0,3469.4,
09/09/2019 10:15,3472,-0.000287977,3471,
09/09/2019 10:30,3471,-0.00028806,3471.8,
09/09/2019 10:35,3469,-0.000576369,3471.6,
09/09/2019 10:40,3469,0,3470.8,
09/09/2019 10:45,3468,-0.000288309,3469.8,
09/09/2019 10:50,3466,-0.000576868,3468.6,
09/09/2019 10:55,3465,-0.000288559,3467.4,
09/09/2019 11:00,3465,0,3466.6,
09/09/2019 11:05,3464,-0.000288642,3465.6,
09/09/2019 11:10,3463,-0.000288725,3464.6,
09/09/2019 11:15,3465,0.000577367,3464.4,
09/09/2019 11:20,3463,-0.000577367,3464,
09/09/2019 11:25,3465,0.000577367,3464,
09/09/2019 11:30,3461,-0.001155068,3463.4,
09/09/2019 13:35,3462,0.000288892,3463.2,
09/09/2019 13:40,3460,-0.000577868,3462.2,
09/09/2019 13:45,3458,-0.000578202,3461.2,
09/09/2019 13:50,3459,0.000289143,3460,
09/09/2019 13:55,3454,-0.00144655,3458.6,
09/09/2019 14:00,3453,-0.000289561,3456.8,
09/09/2019 14:05,3448,-0.001449066,3454.4,
09/09/2019 14:10,3450,0.000579878,3452.8,
09/09/2019 14:15,3452,0.000579542,3451.4,
09/09/2019 14:20,3449,-0.000869439,3450.4,
09/09/2019 14:25,3449,0,3449.6,
09/09/2019 14:30,3445,-0.001160429,3449,
09/09/2019 14:35,3442,-0.000871207,3447.4,
09/09/2019 14:40,3442,0,3445.4,
09/09/2019 14:45,3442,0,3444,
09/09/2019 14:50,3442,0,3442.6,
09/09/2019 14:55,3444,0.000580889,3442.4,
09/09/2019 15:00,3440,-0.001162115,3442,
09/09/2019 21:05,3448,0.002322881,3443.2,
09/09/2019 21:10,3449,0.000289981,3444.6,
09/09/2019 21:15,3451,0.00057971,3446.4,
09/09/2019 21:20,3453,0.000579374,3448.2,
09/09/2019 21:25,3452,-0.000289645,3450.6,
09/09/2019 21:30,3453,0.000289645,3451.6,
09/09/2019 21:35,3454,0.000289561,3452.6,
09/09/2019 21:40,3452,-0.000579207,3452.8,
09/09/2019 21:45,3454,0.000579207,3453,
09/09/2019 21:50,3453,-0.000289561,3453.2,
09/09/2019 21:55,3452,-0.000289645,3453,
09/09/2019 22:00,3453,0.000289645,3452.8,
09/09/2019 22:05,3452,-0.000289645,3452.8,
09/09/2019 22:10,3452,0,3452.4,
09/09/2019 22:15,3453,0.000289645,3452.4,
09/09/2019 22:20,3455,0.000579039,3453,
09/09/2019 22:25,3453,-0.000579039,3453,
09/09/2019 22:30,3454,0.000289561,3453.4,
09/09/2019 22:35,3456,0.000578871,3454.2,
09/09/2019 22:40,3454,-0.000578871,3454.4,
09/09/2019 22:45,3452,-0.000579207,3453.8,
09/09/2019 22:50,3452,0,3453.6,
09/09/2019 22:55,3456,0.001158078,3454,
09/09/2019 23:00,3454,-0.000578871,3453.6,
10/09/2019 09:05,3458,0.001157408,3454.4,
10/09/2019 09:10,3457,-0.000289226,3455.4,
10/09/2019 09:15,3459,0.000578369,3456.8,
10/09/2019 09:20,3452,-0.002025757,3456,
10/09/2019 09:25,3456,0.001158078,3456.4,
10/09/2019 09:30,3454,-0.000578871,3455.6,
10/09/2019 09:35,3452,-0.000579207,3454.6,
10/09/2019 09:40,3449,-0.000869439,3452.6,
10/09/2019 09:45,3450,0.000289897,3452.2,
10/09/2019 09:50,3448,-0.000579878,3450.6,
10/09/2019 09:55,3453,0.001449066,3450.4,
10/09/2019 10:00,3452,-0.000289645,3450.4,
10/09/2019 10:05,3449,-0.000869439,3450.4,
10/09/2019 10:10,3450,0.000289897,3450.4,
10/09/2019 10:15,3449,-0.000289897,3450.6,
10/09/2019 10:30,3449,0,3449.8,
10/09/2019 10:35,3446,-0.000870196,3448.6,
10/09/2019 10:40,3446,0,3448,
10/09/2019 10:45,3448,0.000580215,3447.6,
10/09/2019 10:50,3448,0,3447.4,
10/09/2019 10:55,3447,-0.000290065,3447,
10/09/2019 11:00,3449,0.000580046,3447.6,
10/09/2019 11:05,3446,-0.000870196,3447.6,
10/09/2019 11:10,3445,-0.000290234,3447,
10/09/2019 11:15,3445,0,3446.4,
10/09/2019 11:20,3445,0,3446,
10/09/2019 11:25,3443,-0.00058072,3444.8,
10/09/2019 11:30,3447,0.001161103,3445,
10/09/2019 13:35,3450,0.000869944,3446,
10/09/2019 13:40,3448,-0.000579878,3446.6,
10/09/2019 13:45,3451,0.000869691,3447.8,
10/09/2019 13:50,3451,0,3449.4,
10/09/2019 13:55,3451,0,3450.2,
10/09/2019 14:00,3451,0,3450.4,
10/09/2019 14:05,3449,-0.00057971,3450.6,
10/09/2019 14:10,3448,-0.000289981,3450,
10/09/2019 14:15,3449,0.000289981,3449.6,
10/09/2019 14:20,3449,0,3449.2,
10/09/2019 14:25,3449,0,3448.8,
10/09/2019 14:30,3449,0,3448.8,
10/09/2019 14:35,3450,0.000289897,3449.2,
10/09/2019 14:40,3451,0.000289813,3449.6,
10/09/2019 14:45,3453,0.000579374,3450.4,
10/09/2019 14:50,3452,-0.000289645,3451,
10/09/2019 14:55,3452,0,3451.6,
10/09/2019 15:00,3450,-0.000579542,3451.6,
10/09/2019 21:05,3454,0.001158749,3452.2,
10/09/2019 21:10,3450,-0.001158749,3451.6,
10/09/2019 21:15,3451,0.000289813,3451.4,
10/09/2019 21:20,3453,0.000579374,3451.6,
10/09/2019 21:25,3450,-0.000869187,3451.6,
10/09/2019 21:30,3452,0.000579542,3451.2,
10/09/2019 21:35,3451,-0.000289729,3451.4,
10/09/2019 21:40,3452,0.000289729,3451.6,
10/09/2019 21:45,3453,0.000289645,3451.6,
10/09/2019 21:50,3455,0.000579039,3452.6,
10/09/2019 21:55,3453,-0.000579039,3452.8,
10/09/2019 22:00,3452,-0.000289645,3453,
10/09/2019 22:05,3452,0,3453,
10/09/2019 22:10,3453,0.000289645,3453,
10/09/2019 22:15,3453,0,3452.6,
10/09/2019 22:20,3451,-0.000579374,3452.2,
10/09/2019 22:25,3451,0,3452,
10/09/2019 22:30,3451,0,3451.8,
10/09/2019 22:35,3451,0,3451.4,
10/09/2019 22:40,3451,0,3451,
10/09/2019 22:45,3452,0.000289729,3451.2,
10/09/2019 22:50,3451,-0.000289729,3451.2,
10/09/2019 22:55,3449,-0.00057971,3450.8,
10/09/2019 23:00,3450,0.000289897,3450.6,
11/09/2019 09:05,3449,-0.000289897,3450.2,
11/09/2019 09:10,3448,-0.000289981,3449.4,
11/09/2019 09:15,3442,-0.001741655,3447.6,
11/09/2019 09:20,3437,-0.0014537,3445.2,
11/09/2019 09:25,3430,-0.002038737,3441.2,
11/09/2019 09:30,3427,-0.000875018,3436.8,
11/09/2019 09:35,3428,0.000291758,3432.8,
11/09/2019 09:40,3430,0.00058326,3430.4,
11/09/2019 09:45,3432,0.00058292,3429.4,
11/09/2019 09:50,3430,-0.00058292,3429.4,
11/09/2019 09:55,3432,0.00058292,3430.4,
11/09/2019 10:00,3434,0.000582581,3431.6,
11/09/2019 10:05,3432,-0.000582581,3432,
11/09/2019 10:10,3434,0.000582581,3432.4,
11/09/2019 10:15,3434,0,3433.2,
11/09/2019 10:35,3433,-0.000291248,3433.4,
11/09/2019 10:40,3431,-0.000582751,3432.8,
11/09/2019 10:45,3430,-0.000291503,3432.4,
11/09/2019 10:50,3429,-0.000291588,3431.4,
11/09/2019 10:55,3427,-0.000583431,3430,
11/09/2019 11:00,3427,0,3428.8,
11/09/2019 11:05,3426,-0.000291843,3427.8,
11/09/2019 11:10,3424,-0.000583942,3426.6,
11/09/2019 11:15,3424,0,3425.6,
11/09/2019 11:20,3427,0.000875785,3425.6,
11/09/2019 11:25,3425,-0.000583771,3425.2,
11/09/2019 11:30,3425,0,3425,
11/09/2019 13:35,3426,0.000291928,3425.4,
11/09/2019 13:40,3426,0,3425.8,
11/09/2019 13:45,3423,-0.00087604,3425,
11/09/2019 13:50,3423,0,3424.6,
11/09/2019 13:55,3422,-0.000292184,3424,
11/09/2019 14:00,3422,0,3423.2,
11/09/2019 14:05,3424,0.000584283,3422.8,
11/09/2019 14:10,3423,-0.000292099,3422.8,
11/09/2019 14:15,3421,-0.000584454,3422.4,
11/09/2019 14:20,3421,0,3422.2,
11/09/2019 14:25,3421,0,3422,
11/09/2019 14:30,3420,-0.000292355,3421.2,
11/09/2019 14:35,3418,-0.000584966,3420.2,
11/09/2019 14:40,3416,-0.000585309,3419.2,
11/09/2019 14:45,3419,0.000877835,3418.8,
11/09/2019 14:50,3418,-0.000292526,3418.2,
11/09/2019 14:55,3419,0.000292526,3418,
11/09/2019 15:00,3425,0.001753361,3419.4,
11/09/2019 21:05,3425,0,3421.2,
11/09/2019 21:10,3425,0,3422.4,
11/09/2019 21:15,3425,0,3423.8,
11/09/2019 21:20,3424,-0.000292013,3424.8,
11/09/2019 21:25,3423,-0.000292099,3424.4,
11/09/2019 21:30,3424,0.000292099,3424.2,
11/09/2019 21:35,3423,-0.000292099,3423.8,
11/09/2019 21:40,3420,-0.000876808,3422.8,
11/09/2019 21:45,3415,-0.001463058,3421,
11/09/2019 21:50,3417,0.00058548,3419.8,
11/09/2019 21:55,3419,0.000585138,3418.8,
11/09/2019 22:00,3416,-0.000877835,3417.4,
11/09/2019 22:05,3417,0.000292697,3416.8,
11/09/2019 22:10,3418,0.000292612,3417.4,
11/09/2019 22:15,3417,-0.000292612,3417.4,
11/09/2019 22:20,3419,0.000585138,3417.4,
11/09/2019 22:25,3420,0.00029244,3418.2,
11/09/2019 22:30,3418,-0.000584966,3418.4,
11/09/2019 22:35,3423,0.001461775,3419.4,
11/09/2019 22:40,3426,0.00087604,3421.2,
11/09/2019 22:45,3425,-0.000291928,3422.4,
11/09/2019 22:50,3427,0.000583771,3423.8,
11/09/2019 22:55,3428,0.000291758,3425.8,
11/09/2019 23:00,3427,-0.000291758,3426.6,
12/09/2019 09:05,3424,-0.000875785,3426.2,
12/09/2019 09:10,3426,0.000583942,3426.4,
12/09/2019 09:15,3425,-0.000291928,3426,
12/09/2019 09:20,3424,-0.000292013,3425.2,
12/09/2019 09:25,3425,0.000292013,3424.8,
12/09/2019 09:30,3427,0.000583771,3425.4,
12/09/2019 09:35,3425,-0.000583771,3425.2,
12/09/2019 09:40,3426,0.000291928,3425.4,
12/09/2019 09:45,3426,0,3425.8,
12/09/2019 09:50,3430,0.001166861,3426.8,
12/09/2019 09:55,3430,0,3427.4,
12/09/2019 10:00,3430,0,3428.4,
12/09/2019 10:05,3430,0,3429.2,
12/09/2019 10:10,3432,0.00058292,3430.4,
12/09/2019 10:15,3429,-0.000874508,3430.2,
12/09/2019 10:30,3429,0,3430,
12/09/2019 10:35,3430,0.000291588,3430,
12/09/2019 10:40,3428,-0.00058326,3429.6,
12/09/2019 10:45,3429,0.000291673,3429,
12/09/2019 10:50,3430,0.000291588,3429.2,
12/09/2019 10:55,3429,-0.000291588,3429.2,
12/09/2019 11:00,3431,0.00058309,3429.4,
12/09/2019 11:05,3431,0,3430,
12/09/2019 11:10,3429,-0.00058309,3430,
12/09/2019 11:15,3427,-0.000583431,3429.4,
12/09/2019 11:20,3424,-0.000875785,3428.4,
12/09/2019 11:25,3425,0.000292013,3427.2,
12/09/2019 11:30,3424,-0.000292013,3425.8,
12/09/2019 13:35,3424,0,3424.8,
12/09/2019 13:40,3425,0.000292013,3424.4,
12/09/2019 13:45,3422,-0.000876296,3424,
12/09/2019 13:50,3418,-0.001169591,3422.6,
12/09/2019 13:55,3418,0,3421.4,
12/09/2019 14:00,3419,0.000292526,3420.4,
12/09/2019 14:05,3419,0,3419.2,
12/09/2019 14:10,3420,0.00029244,3418.8,
12/09/2019 14:15,3418,-0.000584966,3418.8,
12/09/2019 14:20,3421,0.000877321,3419.4,
12/09/2019 14:25,3421,0,3419.8,
12/09/2019 14:30,3419,-0.000584795,3419.8,
12/09/2019 14:35,3418,-0.000292526,3419.4,
12/09/2019 14:40,3419,0.000292526,3419.6,
12/09/2019 14:45,3419,0,3419.2,
12/09/2019 14:50,3420,0.00029244,3419,
12/09/2019 14:55,3420,0,3419.2,
12/09/2019 15:00,3420,0,3419.6,
16/09/2019 09:05,3419,-0.00029244,3419.6,
16/09/2019 09:10,3425,0.001753361,3420.8,
16/09/2019 09:15,3426,0.000291928,3422,
16/09/2019 09:20,3424,-0.000583942,3422.8,
16/09/2019 09:25,3418,-0.001753874,3422.4,
16/09/2019 09:30,3422,0.001169591,3423,
16/09/2019 09:35,3421,-0.000292269,3422.2,
16/09/2019 09:40,3419,-0.000584795,3420.8,
16/09/2019 09:45,3420,0.00029244,3420,
16/09/2019 09:50,3422,0.000584624,3420.8,
16/09/2019 09:55,3423,0.000292184,3421,
16/09/2019 10:00,3425,0.000584112,3421.8,
16/09/2019 10:05,3427,0.000583771,3423.4,
16/09/2019 10:10,3426,-0.000291843,3424.6,
16/09/2019 10:15,3427,0.000291843,3425.6,
16/09/2019 10:30,3426,-0.000291843,3426.2,
16/09/2019 10:35,3427,0.000291843,3426.6,
16/09/2019 10:40,3430,0.000875018,3427.2,
16/09/2019 10:45,3430,0,3428,
16/09/2019 10:50,3431,0.000291503,3428.8,
16/09/2019 10:55,3431,0,3429.8,
16/09/2019 11:00,3435,0.001165162,3431.4,
16/09/2019 11:05,3431,-0.001165162,3431.6,
16/09/2019 11:10,3432,0.000291418,3432,
16/09/2019 11:15,3436,0.001164822,3433,
16/09/2019 11:20,3440,0.001163467,3434.8,
16/09/2019 11:25,3440,0,3435.8,
16/09/2019 11:30,3439,-0.00029074,3437.4,
16/09/2019 13:35,3441,0.000581395,3439.2,
16/09/2019 13:40,3441,0,3440.2,
16/09/2019 13:45,3438,-0.00087222,3439.8,
16/09/2019 13:50,3442,0.001162791,3440.2,
16/09/2019 13:55,3445,0.000871207,3441.4,
16/09/2019 14:00,3443,-0.00058072,3441.8,
16/09/2019 14:05,3443,0,3442.2,
16/09/2019 14:10,3442,-0.000290487,3443,
16/09/2019 14:15,3439,-0.000871966,3442.4,
16/09/2019 14:20,3441,0.000581395,3441.6,
16/09/2019 14:25,3440,-0.000290655,3441,
16/09/2019 14:30,3441,0.000290655,3440.6,
16/09/2019 14:35,3441,0,3440.4,
16/09/2019 14:40,3442,0.000290571,3441,
16/09/2019 14:45,3440,-0.000581226,3440.8,
16/09/2019 14:50,3440,0,3440.8,
16/09/2019 14:55,3436,-0.001163467,3439.8,
16/09/2019 15:00,3440,0.001163467,3439.6,
16/09/2019 21:05,3437,-0.000872474,3438.6,
16/09/2019 21:10,3438,0.000290909,3438.2,
16/09/2019 21:15,3440,0.000581564,3438.2,
16/09/2019 21:20,3437,-0.000872474,3438.4,
16/09/2019 21:25,3438,0.000290909,3438,
16/09/2019 21:30,3442,0.001162791,3439,
16/09/2019 21:35,3444,0.000580889,3440.2,
16/09/2019 21:40,3446,0.000580552,3441.4,
16/09/2019 21:45,3445,-0.000290234,3443,
16/09/2019 21:50,3443,-0.00058072,3444,
16/09/2019 21:55,3444,0.000290402,3444.4,
16/09/2019 22:00,3445,0.000290318,3444.6,
16/09/2019 22:05,3443,-0.00058072,3444,
16/09/2019 22:10,3446,0.000870954,3444.2,
16/09/2019 22:15,3444,-0.000580552,3444.4,
16/09/2019 22:20,3444,0,3444.4,
16/09/2019 22:25,3446,0.000580552,3444.6,
16/09/2019 22:30,3451,0.001449906,3446.2,
16/09/2019 22:35,3456,0.001447807,3448.2,
16/09/2019 22:40,3456,0,3450.6,
16/09/2019 22:45,3451,-0.001447807,3452,
16/09/2019 22:50,3451,0,3453,
16/09/2019 22:55,3446,-0.001449906,3452,
16/09/2019 23:00,3442,-0.00116144,3449.2,
17/09/2019 09:05,3441,-0.000290571,3446.2,
17/09/2019 09:10,3449,0.002322207,3445.8,
17/09/2019 09:15,3460,0.003184255,3447.6,
17/09/2019 09:20,3460,0,3450.4,
17/09/2019 09:25,3461,0.000288976,3454.2,
17/09/2019 09:30,3461,0,3458.2,
17/09/2019 09:35,3453,-0.002314146,3459,
17/09/2019 09:40,3452,-0.000289645,3457.4,
17/09/2019 09:45,3452,0,3455.8,
17/09/2019 09:50,3448,-0.00115942,3453.2,
17/09/2019 09:55,3449,0.000289981,3450.8,
17/09/2019 10:00,3450,0.000289897,3450.2,
17/09/2019 10:05,3449,-0.000289897,3449.6,
17/09/2019 10:10,3449,0,3449,
17/09/2019 10:15,3452,0.000869439,3449.8,
17/09/2019 10:30,3452,0,3450.4,
17/09/2019 10:35,3452,0,3450.8,
17/09/2019 10:40,3450,-0.000579542,3451,
17/09/2019 10:45,3448,-0.000579878,3450.8,
17/09/2019 10:50,3449,0.000289981,3450.2,
17/09/2019 10:55,3453,0.001159084,3450.4,
17/09/2019 11:00,3454,0.000289561,3450.8,
17/09/2019 11:05,3457,0.000868181,3452.2,
17/09/2019 11:10,3455,-0.000578704,3453.6,
17/09/2019 11:15,3457,0.000578704,3455.2,
17/09/2019 11:20,3455,-0.000578704,3455.6,
17/09/2019 11:25,3454,-0.000289477,3455.6,
17/09/2019 11:30,3450,-0.001158749,3454.2,
17/09/2019 13:35,3458,0.002316156,3454.8,
17/09/2019 13:40,3461,0.000867177,3455.6,
17/09/2019 13:45,3459,-0.000578035,3456.4,
17/09/2019 13:50,3458,-0.000289143,3457.2,
17/09/2019 13:55,3459,0.000289143,3459,
17/09/2019 14:00,3461,0.000578035,3459.6,
17/09/2019 14:05,3459,-0.000578035,3459.2,
17/09/2019 14:10,3462,0.000866927,3459.8,
17/09/2019 14:15,3464,0.000577534,3461,
17/09/2019 14:20,3464,0,3462,
17/09/2019 14:25,3469,0.001442377,3463.6,
17/09/2019 14:30,3490,0.006035368,3469.8,
17/09/2019 14:35,3488,-0.00057323,3475,
17/09/2019 14:40,3486,-0.000573559,3479.4,
17/09/2019 14:45,3492,0.001719691,3485,
17/09/2019 14:50,3492,0,3489.6,
17/09/2019 14:55,3494,0.000572574,3490.4,
17/09/2019 15:00,3486,-0.002292265,3490,
17/09/2019 21:05,3489,0.000860215,3490.6,
17/09/2019 21:10,3484,-0.001434103,3489,
17/09/2019 21:15,3486,0.000573888,3487.8,
17/09/2019 21:20,3484,-0.000573888,3485.8,
17/09/2019 21:25,3482,-0.000574218,3485,
17/09/2019 21:30,3481,-0.000287233,3483.4,
17/09/2019 21:35,3484,0.00086145,3483.4,
17/09/2019 21:40,3478,-0.001723643,3481.8,
17/09/2019 21:45,3475,-0.000862937,3480,
17/09/2019 21:50,3477,0.000575374,3479,
17/09/2019 21:55,3479,0.000575043,3478.6,
17/09/2019 22:00,3477,-0.000575043,3477.2,
17/09/2019 22:05,3476,-0.000287646,3476.8,
17/09/2019 22:10,3478,0.000575209,3477.4,
17/09/2019 22:15,3479,0.00028748,3477.8,
17/09/2019 22:20,3484,0.001436163,3478.8,
17/09/2019 22:25,3486,0.000573888,3480.6,
17/09/2019 22:30,3487,0.000286821,3482.8,
17/09/2019 22:35,3485,-0.000573723,3484.2,
17/09/2019 22:40,3482,-0.000861203,3484.8,
17/09/2019 22:45,3485,0.000861203,3485,
17/09/2019 22:50,3485,0,3484.8,
17/09/2019 22:55,3482,-0.000861203,3483.8,
17/09/2019 23:00,3482,0,3483.2,
18/09/2019 09:05,3486,0.001148106,3484,
18/09/2019 09:10,3489,0.000860215,3484.8,
18/09/2019 09:15,3491,0.000573066,3486,
18/09/2019 09:20,3501,0.002860414,3489.8,
18/09/2019 09:25,3497,-0.001143184,3492.8,
18/09/2019 09:30,3487,-0.00286369,3493,
18/09/2019 09:35,3489,0.000573395,3493,
18/09/2019 09:40,3494,0.00143205,3493.6,
18/09/2019 09:45,3487,-0.002005444,3490.8,
18/09/2019 09:50,3484,-0.000860709,3488.2,
18/09/2019 09:55,3473,-0.003162285,3485.4,
18/09/2019 10:00,3466,-0.002017582,3480.8,
18/09/2019 10:05,3467,0.000288475,3475.4,
18/09/2019 10:10,3472,0.00144113,3472.4,
18/09/2019 10:15,3472,0,3470,
18/09/2019 10:30,3473,0.000287977,3470,
18/09/2019 10:35,3473,0,3471.4,
18/09/2019 10:40,3472,-0.000287977,3472.4,
18/09/2019 10:45,3474,0.000575871,3472.8,
18/09/2019 10:50,3472,-0.000575871,3472.8,
18/09/2019 10:55,3471,-0.00028806,3472.4,
18/09/2019 11:00,3472,0.00028806,3472.2,
18/09/2019 11:05,3472,0,3472.2,
18/09/2019 11:10,3473,0.000287977,3472,
18/09/2019 11:15,3471,-0.000576037,3471.8,
18/09/2019 11:20,3471,0,3471.8,
18/09/2019 11:25,3473,0.000576037,3472,
18/09/2019 11:30,3476,0.000863434,3472.8,
18/09/2019 13:35,3479,0.000862689,3474,
18/09/2019 13:40,3488,0.00258361,3477.4,
18/09/2019 13:45,3489,0.000286656,3481,
18/09/2019 13:50,3484,-0.001434103,3483.2,
18/09/2019 13:55,3486,0.000573888,3485.2,
18/09/2019 14:00,3485,-0.000286903,3486.4,
18/09/2019 14:05,3478,-0.002010628,3484.4,
18/09/2019 14:10,3480,0.000574878,3482.6,
18/09/2019 14:15,3479,-0.000287398,3481.6,
18/09/2019 14:20,3478,-0.00028748,3480,
18/09/2019 14:25,3480,0.000574878,3479,
18/09/2019 14:30,3484,0.001148765,3480.2,
18/09/2019 14:35,3483,-0.000287068,3480.8,
18/09/2019 14:40,3484,0.000287068,3481.8,
18/09/2019 14:45,3481,-0.00086145,3482.4,
18/09/2019 14:50,3480,-0.000287315,3482.4,
18/09/2019 14:55,3482,0.000574548,3482,
18/09/2019 15:00,3483,0.00028715,3482,
18/09/2019 21:05,3484,0.000287068,3482,
18/09/2019 21:10,3487,0.000860709,3483.2,
18/09/2019 21:15,3483,-0.001147776,3483.8,
18/09/2019 21:20,3485,0.000574053,3484.4,
18/09/2019 21:25,3481,-0.001148435,3484,
18/09/2019 21:30,3481,0,3483.4,
18/09/2019 21:35,3479,-0.000574713,3481.8,
18/09/2019 21:40,3481,0.000574713,3481.4,
18/09/2019 21:45,3482,0.000287233,3480.8,
18/09/2019 21:50,3482,0,3481,
18/09/2019 21:55,3481,-0.000287233,3481,
18/09/2019 22:00,3480,-0.000287315,3481.2,
18/09/2019 22:05,3477,-0.000862441,3480.4,
18/09/2019 22:10,3472,-0.001439056,3478.4,
18/09/2019 22:15,3476,0.001151411,3477.2,
18/09/2019 22:20,3474,-0.00057554,3475.8,
18/09/2019 22:25,3477,0.000863185,3475.2,
18/09/2019 22:30,3475,-0.000575374,3474.8,
18/09/2019 22:35,3478,0.000862937,3476,
18/09/2019 22:40,3479,0.00028748,3476.6,
18/09/2019 22:45,3482,0.000861945,3478.2,
18/09/2019 22:50,3480,-0.000574548,3478.8,
18/09/2019 22:55,3477,-0.000862441,3479.2,
18/09/2019 23:00,3479,0.000575043,3479.4,
19/09/2019 09:05,3469,-0.002878528,3477.4,
19/09/2019 09:10,3469,0,3474.8,
19/09/2019 09:15,3468,-0.000288309,3472.4,
19/09/2019 09:20,3465,-0.000865426,3470,
19/09/2019 09:25,3471,0.001730104,3468.4,
19/09/2019 09:30,3469,-0.000576369,3468.4,
19/09/2019 09:35,3472,0.000864429,3469,
19/09/2019 09:40,3472,0,3469.8,
19/09/2019 09:45,3471,-0.00028806,3471,
19/09/2019 09:50,3471,0,3471,
19/09/2019 09:55,3475,0.001151742,3472.2,
19/09/2019 10:00,3475,0,3472.8,
19/09/2019 10:05,3474,-0.000287811,3473.2,
19/09/2019 10:10,3474,0,3473.8,
19/09/2019 10:15,3473,-0.000287894,3474.2,
19/09/2019 10:30,3475,0.000575705,3474.2,
19/09/2019 10:35,3468,-0.00201642,3472.8,
19/09/2019 10:40,3467,-0.000288392,3471.4,
19/09/2019 10:45,3465,-0.000577034,3469.6,
19/09/2019 10:50,3468,0.000865426,3468.6,
19/09/2019 10:55,3466,-0.000576868,3466.8,
19/09/2019 11:00,3467,0.000288475,3466.6,
19/09/2019 11:05,3470,0.000864927,3467.2,
19/09/2019 11:10,3467,-0.000864927,3467.6,
19/09/2019 11:15,3467,0,3467.4,
19/09/2019 11:20,3467,0,3467.6,
19/09/2019 11:25,3466,-0.000288475,3467.4,
19/09/2019 11:30,3467,0.000288475,3466.8,
19/09/2019 13:35,3465,-0.000577034,3466.4,
19/09/2019 13:40,3468,0.000865426,3466.6,
19/09/2019 13:45,3468,0,3466.8,
19/09/2019 13:50,3467,-0.000288392,3467,
19/09/2019 13:55,3460,-0.002021078,3465.6,
19/09/2019 14:00,3462,0.000577868,3465,
19/09/2019 14:05,3461,-0.000288892,3463.6,
19/09/2019 14:10,3462,0.000288892,3462.4,
19/09/2019 14:15,3466,0.001154735,3462.2,
19/09/2019 14:20,3464,-0.000577201,3463,
19/09/2019 14:25,3468,0.001154068,3464.2,
19/09/2019 14:30,3473,0.001440715,3466.6,
19/09/2019 14:35,3472,-0.000287977,3468.6,
19/09/2019 14:40,3476,0.001151411,3470.6,
19/09/2019 14:45,3475,-0.000287728,3472.8,
19/09/2019 14:50,3470,-0.001439885,3473.2,
19/09/2019 14:55,3467,-0.000864927,3472,
19/09/2019 15:00,3463,-0.001154401,3470.2,
19/09/2019 21:05,3460,-0.000866676,3467,
19/09/2019 21:10,3459,-0.000289059,3463.8,
19/09/2019 21:15,3464,0.001444461,3462.6,
19/09/2019 21:20,3461,-0.000866426,3461.4,
19/09/2019 21:25,3459,-0.000578035,3460.6,
19/09/2019 21:30,3454,-0.00144655,3459.4,
19/09/2019 21:35,3456,0.000578871,3458.8,
19/09/2019 21:40,3455,-0.000289394,3457,
19/09/2019 21:45,3454,-0.000289477,3455.6,
19/09/2019 21:50,3452,-0.000579207,3454.2,
19/09/2019 21:55,3454,0.000579207,3454.2,
19/09/2019 22:00,3456,0.000578871,3454.2,
19/09/2019 22:05,3453,-0.000868433,3453.8,
19/09/2019 22:10,3453,0,3453.6,
19/09/2019 22:15,3454,0.000289561,3454,
19/09/2019 22:20,3456,0.000578871,3454.4,
19/09/2019 22:25,3455,-0.000289394,3454.2,
19/09/2019 22:30,3454,-0.000289477,3454.4,
19/09/2019 22:35,3453,-0.000289561,3454.4,
19/09/2019 22:40,3446,-0.00202928,3452.8,
19/09/2019 22:45,3449,0.000870196,3451.4,
19/09/2019 22:50,3452,0.000869439,3450.8,
19/09/2019 22:55,3453,0.000289645,3450.6,
19/09/2019 23:00,3454,0.000289561,3450.8,
20/09/2019 09:05,3436,-0.005224976,3448.8,
20/09/2019 09:10,3436,0,3446.2,
20/09/2019 09:15,3436,0,3443,
20/09/2019 09:20,3433,-0.00087349,3439,
20/09/2019 09:25,3436,0.00087349,3435.4,
20/09/2019 09:30,3430,-0.001747743,3434.2,
20/09/2019 09:35,3434,0.001165501,3433.8,
20/09/2019 09:40,3438,0.001164144,3434.2,
20/09/2019 09:45,3439,0.000290824,3435.4,
20/09/2019 09:50,3440,0.00029074,3436.2,
20/09/2019 09:55,3442,0.000581226,3438.6,
20/09/2019 10:00,3442,0,3440.2,
20/09/2019 10:05,3443,0.000290487,3441.2,
20/09/2019 10:10,3441,-0.000581058,3441.6,
20/09/2019 10:15,3441,0,3441.8,
20/09/2019 10:30,3441,0,3441.6,
20/09/2019 10:35,3439,-0.000581395,3441,
20/09/2019 10:40,3443,0.001162453,3441,
20/09/2019 10:45,3438,-0.001453277,3440.4,
20/09/2019 10:50,3440,0.000581564,3440.2,
20/09/2019 10:55,3439,-0.00029074,3439.8,
20/09/2019 11:00,3439,0,3439.8,
20/09/2019 11:05,3433,-0.001746217,3437.8,
20/09/2019 11:10,3434,0.000291248,3437,
20/09/2019 11:15,3436,0.000582242,3436.2,
20/09/2019 11:20,3434,-0.000582242,3435.2,
20/09/2019 11:25,3434,0,3434.2,
20/09/2019 11:30,3434,0,3434.4,
20/09/2019 13:35,3438,0.001164144,3435.2,
20/09/2019 13:40,3438,0,3435.6,
20/09/2019 13:45,3436,-0.000581903,3436,
20/09/2019 13:50,3436,0,3436.4,
20/09/2019 13:55,3434,-0.000582242,3436.4,
20/09/2019 14:00,3433,-0.000291248,3435.4,
20/09/2019 14:05,3433,0,3434.4,
20/09/2019 14:10,3436,0.00087349,3434.4,
20/09/2019 14:15,3434,-0.000582242,3434,
20/09/2019 14:20,3431,-0.000873999,3433.4,
20/09/2019 14:25,3430,-0.000291503,3432.8,
20/09/2019 14:30,3427,-0.000875018,3431.6,
20/09/2019 14:35,3430,0.000875018,3430.4,
20/09/2019 14:40,3431,0.000291503,3429.8,
20/09/2019 14:45,3431,0,3429.8,
20/09/2019 14:50,3431,0,3430,
20/09/2019 14:55,3427,-0.001166521,3430,
20/09/2019 15:00,3429,0.000583431,3429.8,
20/09/2019 21:05,3426,-0.000875274,3428.8,
20/09/2019 21:10,3427,0.000291843,3428,
20/09/2019 21:15,3423,-0.001167883,3426.4,
20/09/2019 21:20,3425,0.000584112,3426,
20/09/2019 21:25,3424,-0.000292013,3425,
20/09/2019 21:30,3425,0.000292013,3424.8,
20/09/2019 21:35,3427,0.000583771,3424.8,
20/09/2019 21:40,3427,0,3425.6,
20/09/2019 21:45,3428,0.000291758,3426.2,
20/09/2019 21:50,3427,-0.000291758,3426.8,
20/09/2019 21:55,3426,-0.000291843,3427,
20/09/2019 22:00,3429,0.000875274,3427.4,
20/09/2019 22:05,3427,-0.000583431,3427.4,
20/09/2019 22:10,3428,0.000291758,3427.4,
20/09/2019 22:15,3426,-0.000583601,3427.2,
20/09/2019 22:20,3428,0.000583601,3427.6,
20/09/2019 22:25,3427,-0.000291758,3427.2,
20/09/2019 22:30,3427,0,3427.2,
20/09/2019 22:35,3425,-0.000583771,3426.6,
20/09/2019 22:40,3425,0,3426.4,
20/09/2019 22:45,3424,-0.000292013,3425.6,
20/09/2019 22:50,3424,0,3425,
20/09/2019 22:55,3425,0.000292013,3424.6,
20/09/2019 23:00,3423,-0.000584112,3424.2,
23/09/2019 09:05,3433,0.002917155,3425.8,
23/09/2019 09:10,3444,0.003199072,3429.8,
23/09/2019 09:15,3449,0.001450747,3434.8,
23/09/2019 09:20,3444,-0.001450747,3438.6,
23/09/2019 09:25,3447,0.000870701,3443.4,
23/09/2019 09:30,3446,-0.000290149,3446,
23/09/2019 09:35,3440,-0.001742667,3445.2,
23/09/2019 09:40,3440,0,3443.4,
23/09/2019 09:45,3438,-0.000581564,3442.2,
23/09/2019 09:50,3443,0.001453277,3441.4,
23/09/2019 09:55,3439,-0.001162453,3440,
23/09/2019 10:00,3441,0.000581395,3440.2,
23/09/2019 10:05,3441,0,3440.4,
23/09/2019 10:10,3440,-0.000290655,3440.8,
23/09/2019 10:15,3439,-0.00029074,3440,
23/09/2019 10:30,3439,0,3440,
23/09/2019 10:35,3437,-0.000581734,3439.2,
23/09/2019 10:40,3436,-0.000290994,3438.2,
23/09/2019 10:45,3436,0,3437.4,
23/09/2019 10:50,3437,0.000290994,3437,
23/09/2019 10:55,3434,-0.000873235,3436,
23/09/2019 11:00,3436,0.000582242,3435.8,
23/09/2019 11:05,3436,0,3435.8,
23/09/2019 11:10,3439,0.000872727,3436.4,
23/09/2019 11:15,3440,0.00029074,3437,
23/09/2019 11:20,3440,0,3438.2,
23/09/2019 11:25,3439,-0.00029074,3438.8,
23/09/2019 11:30,3439,0,3439.4,
23/09/2019 13:35,3438,-0.000290824,3439.2,
23/09/2019 13:40,3438,0,3438.8,
23/09/2019 13:45,3439,0.000290824,3438.6,
23/09/2019 13:50,3441,0.000581395,3439,
23/09/2019 13:55,3440,-0.000290655,3439.2,
23/09/2019 14:00,3443,0.000871713,3440.2,
23/09/2019 14:05,3442,-0.000290487,3441,
23/09/2019 14:10,3440,-0.000581226,3441.2,
23/09/2019 14:15,3441,0.000290655,3441.2,
23/09/2019 14:20,3444,0.00087146,3442,
23/09/2019 14:25,3443,-0.000290402,3442,
23/09/2019 14:30,3440,-0.000871713,3441.6,
23/09/2019 14:35,3439,-0.00029074,3441.4,
23/09/2019 14:40,3442,0.000871966,3441.6,
23/09/2019 14:45,3444,0.000580889,3441.6,
23/09/2019 14:50,3444,0,3441.8,
23/09/2019 14:55,3449,0.001450747,3443.6,
23/09/2019 15:00,3448,-0.000289981,3445.4,
23/09/2019 21:05,3441,-0.002032226,3445.2,
23/09/2019 21:10,3444,0.00087146,3445.2,
23/09/2019 21:15,3439,-0.001452855,3444.2,
23/09/2019 21:20,3440,0.00029074,3442.4,
23/09/2019 21:25,3440,0,3440.8,
23/09/2019 21:30,3438,-0.000581564,3440.2,
23/09/2019 21:35,3448,0.002904446,3441,
23/09/2019 21:40,3447,-0.000290065,3442.6,
23/09/2019 21:45,3444,-0.000870701,3443.4,
23/09/2019 21:50,3445,0.000290318,3444.4,
23/09/2019 21:55,3445,0,3445.8,
23/09/2019 22:00,3443,-0.00058072,3444.8,
23/09/2019 22:05,3443,0,3444,
23/09/2019 22:10,3442,-0.000290487,3443.6,
23/09/2019 22:15,3439,-0.000871966,3442.4,
23/09/2019 22:20,3439,0,3441.2,
23/09/2019 22:25,3442,0.000871966,3441,
23/09/2019 22:30,3441,-0.000290571,3440.6,
23/09/2019 22:35,3440,-0.000290655,3440.2,
23/09/2019 22:40,3432,-0.00232829,3438.8,
23/09/2019 22:45,3436,0.001164822,3438.2,
23/09/2019 22:50,3437,0.000290994,3437.2,
23/09/2019 22:55,3435,-0.000582072,3436,
23/09/2019 23:00,3437,0.000582072,3435.4,
24/09/2019 09:05,3434,-0.000873235,3435.8,
24/09/2019 09:10,3432,-0.000582581,3435,
24/09/2019 09:15,3426,-0.001749782,3432.8,
24/09/2019 09:20,3429,0.000875274,3431.6,
24/09/2019 09:25,3427,-0.000583431,3429.6,
24/09/2019 09:30,3426,-0.000291843,3428,
24/09/2019 09:35,3428,0.000583601,3427.2,
24/09/2019 09:40,3427,-0.000291758,3427.4,
24/09/2019 09:45,3426,-0.000291843,3426.8,
24/09/2019 09:50,3427,0.000291843,3426.8,
24/09/2019 09:55,3427,0,3427,
24/09/2019 10:00,3423,-0.001167883,3426,
24/09/2019 10:05,3424,0.000292099,3425.4,
24/09/2019 10:10,3424,0,3425,
24/09/2019 10:15,3426,0.000583942,3424.8,
24/09/2019 10:30,3426,0,3424.6,
24/09/2019 10:35,3426,0,3425.2,
24/09/2019 10:40,3426,0,3425.6,
24/09/2019 10:45,3425,-0.000291928,3425.8,
24/09/2019 10:50,3423,-0.000584112,3425.2,
24/09/2019 10:55,3416,-0.002047084,3423.2,
24/09/2019 11:00,3416,0,3421.2,
24/09/2019 11:05,3416,0,3419.2,
24/09/2019 11:10,3414,-0.000585652,3417,
24/09/2019 11:15,3412,-0.000585995,3414.8,
24/09/2019 11:20,3413,0.00029304,3414.2,
24/09/2019 11:25,3413,0,3413.6,
24/09/2019 11:30,3412,-0.00029304,3412.8,
24/09/2019 13:35,3415,0.000878863,3413,
24/09/2019 13:40,3413,-0.000585823,3413.2,
24/09/2019 13:45,3410,-0.000879379,3412.6,
24/09/2019 13:50,3413,0.000879379,3412.6,
24/09/2019 13:55,3413,0,3412.8,
24/09/2019 14:00,3412,-0.00029304,3412.2,
24/09/2019 14:05,3412,0,3412,
24/09/2019 14:10,3412,0,3412.4,
24/09/2019 14:15,3415,0.000878863,3412.8,
24/09/2019 14:20,3415,0,3413.2,
24/09/2019 14:25,3416,0.000292783,3414,
24/09/2019 14:30,3415,-0.000292783,3414.6,
24/09/2019 14:35,3418,0.000878092,3415.8,
24/09/2019 14:40,3421,0.000877321,3417,
24/09/2019 14:45,3420,-0.000292355,3418,
24/09/2019 14:50,3424,0.001168907,3419.6,
24/09/2019 14:55,3426,0.000583942,3421.8,
24/09/2019 15:00,3426,0,3423.4,
24/09/2019 21:05,3424,-0.000583942,3424,
24/09/2019 21:10,3426,0.000583942,3425.2,
24/09/2019 21:15,3425,-0.000291928,3425.4,
24/09/2019 21:20,3426,0.000291928,3425.4,
24/09/2019 21:25,3428,0.000583601,3425.8,
24/09/2019 21:30,3428,0,3426.6,
24/09/2019 21:35,3427,-0.000291758,3426.8,
24/09/2019 21:40,3425,-0.000583771,3426.8,
24/09/2019 21:45,3427,0.000583771,3427,
24/09/2019 21:50,3429,0.000583431,3427.2,
24/09/2019 21:55,3429,0,3427.4,
24/09/2019 22:00,3429,0,3427.8,
24/09/2019 22:05,3426,-0.000875274,3428,
24/09/2019 22:10,3425,-0.000291928,3427.6,
24/09/2019 22:15,3426,0.000291928,3427,
24/09/2019 22:20,3424,-0.000583942,3426,
24/09/2019 22:25,3422,-0.000584283,3424.6,
24/09/2019 22:30,3424,0.000584283,3424.2,
24/09/2019 22:35,3425,0.000292013,3424.2,
24/09/2019 22:40,3427,0.000583771,3424.4,
24/09/2019 22:45,3426,-0.000291843,3424.8,
24/09/2019 22:50,3427,0.000291843,3425.8,
24/09/2019 22:55,3426,-0.000291843,3426.2,
24/09/2019 23:00,3423,-0.00087604,3425.8,
25/09/2019 09:05,3418,-0.001461775,3424,
25/09/2019 09:10,3418,0,3422.4,
25/09/2019 09:15,3420,0.000584966,3421,
25/09/2019 09:20,3425,0.001460921,3420.8,
25/09/2019 09:25,3427,0.000583771,3421.6,
25/09/2019 09:30,3430,0.000875018,3424,
25/09/2019 09:35,3430,0,3426.4,
25/09/2019 09:40,3431,0.000291503,3428.6,
25/09/2019 09:45,3430,-0.000291503,3429.6,
25/09/2019 09:50,3431,0.000291503,3430.4,
25/09/2019 09:55,3438,0.002038143,3432,
25/09/2019 10:00,3438,0,3433.6,
25/09/2019 10:05,3439,0.000290824,3435.2,
25/09/2019 10:10,3441,0.000581395,3437.4,
25/09/2019 10:15,3438,-0.00087222,3438.8,
25/09/2019 10:30,3438,0,3438.8,
25/09/2019 10:35,3435,-0.000872981,3438.2,
25/09/2019 10:40,3437,0.000582072,3437.8,
25/09/2019 10:45,3435,-0.000582072,3436.6,
25/09/2019 10:50,3433,-0.000582411,3435.6,
25/09/2019 10:55,3432,-0.000291333,3434.4,
25/09/2019 11:00,3433,0.000291333,3434,
25/09/2019 11:05,3431,-0.000582751,3432.8,
25/09/2019 11:10,3432,0.000291418,3432.2,
25/09/2019 11:15,3433,0.000291333,3432.2,
25/09/2019 11:20,3431,-0.000582751,3432,
25/09/2019 11:25,3432,0.000291418,3431.8,
25/09/2019 11:30,3430,-0.00058292,3431.6,
25/09/2019 13:35,3427,-0.000875018,3430.6,
25/09/2019 13:40,3429,0.000583431,3429.8,
25/09/2019 13:45,3430,0.000291588,3429.6,
25/09/2019 13:50,3431,0.000291503,3429.4,
25/09/2019 13:55,3431,0,3429.6,
25/09/2019 14:00,3432,0.000291418,3430.6,
25/09/2019 14:05,3432,0,3431.2,
25/09/2019 14:10,3432,0,3431.6,
25/09/2019 14:15,3430,-0.00058292,3431.4,
25/09/2019 14:20,3431,0.000291503,3431.4,
25/09/2019 14:25,3431,0,3431.2,
25/09/2019 14:30,3431,0,3431,
25/09/2019 14:35,3434,0.000873999,3431.4,
25/09/2019 14:40,3434,0,3432.2,
25/09/2019 14:45,3435,0.000291163,3433,
25/09/2019 14:50,3437,0.000582072,3434.2,
25/09/2019 14:55,3439,0.000581734,3435.8,
25/09/2019 15:00,3438,-0.000290824,3436.6,
25/09/2019 21:05,3435,-0.000872981,3436.8,
25/09/2019 21:10,3432,-0.000873744,3436.2,
25/09/2019 21:15,3432,0,3435.2,
25/09/2019 21:20,3432,0,3433.8,
25/09/2019 21:25,3429,-0.000874508,3432,
25/09/2019 21:30,3424,-0.001459215,3429.8,
25/09/2019 21:35,3423,-0.000292099,3428,
25/09/2019 21:40,3423,0,3426.2,
25/09/2019 21:45,3423,0,3424.4,
25/09/2019 21:50,3424,0.000292099,3423.4,
25/09/2019 21:55,3425,0.000292013,3423.6,
25/09/2019 22:00,3426,0.000291928,3424.2,
25/09/2019 22:05,3427,0.000291843,3425,
25/09/2019 22:10,3424,-0.000875785,3425.2,
25/09/2019 22:15,3423,-0.000292099,3425,
25/09/2019 22:20,3422,-0.000292184,3424.4,
25/09/2019 22:25,3419,-0.000877065,3423,
25/09/2019 22:30,3421,0.000584795,3421.8,
25/09/2019 22:35,3423,0.000584454,3421.6,
25/09/2019 22:40,3420,-0.000876808,3421,
25/09/2019 22:45,3420,0,3420.6,
25/09/2019 22:50,3419,-0.00029244,3420.6,
25/09/2019 22:55,3423,0.001169249,3421,
25/09/2019 23:00,3421,-0.000584454,3420.6,
26/09/2019 09:05,3416,-0.00146263,3419.8,
26/09/2019 09:10,3409,-0.002051283,3417.6,
26/09/2019 09:15,3410,0.000293298,3415.8,
26/09/2019 09:20,3410,0,3413.2,
26/09/2019 09:25,3412,0.000586338,3411.4,
26/09/2019 09:30,3412,0,3410.6,
26/09/2019 09:35,3410,-0.000586338,3410.8,
26/09/2019 09:40,3409,-0.000293298,3410.6,
26/09/2019 09:45,3409,0,3410.4,
26/09/2019 09:50,3409,0,3409.8,
26/09/2019 09:55,3409,0,3409.2,
26/09/2019 10:00,3409,0,3409,
26/09/2019 10:05,3408,-0.000293384,3408.8,
26/09/2019 10:10,3410,0.000586682,3409,
26/09/2019 10:15,3410,0,3409.2,
26/09/2019 10:30,3410,0,3409.4,
26/09/2019 10:35,3409,-0.000293298,3409.4,
26/09/2019 10:40,3409,0,3409.6,
26/09/2019 10:45,3414,0.001465631,3410.4,
26/09/2019 10:50,3415,0.000292869,3411.4,
26/09/2019 10:55,3414,-0.000292869,3412.2,
26/09/2019 11:00,3413,-0.000292954,3413,
26/09/2019 11:05,3412,-0.00029304,3413.6,
26/09/2019 11:10,3411,-0.000293126,3413,
26/09/2019 11:15,3408,-0.000879894,3411.6,
26/09/2019 11:20,3409,0.000293384,3410.6,
26/09/2019 11:25,3409,0,3409.8,
26/09/2019 11:30,3409,0,3409.2,
26/09/2019 13:35,3409,0,3408.8,
26/09/2019 13:40,3408,-0.000293384,3408.8,
26/09/2019 13:45,3406,-0.000587027,3408.2,
26/09/2019 13:50,3398,-0.002351559,3406,
26/09/2019 13:55,3399,0.000294247,3404,
26/09/2019 14:00,3399,0,3402,
26/09/2019 14:05,3400,0.000294161,3400.4,
26/09/2019 14:10,3401,0.000294074,3399.4,
26/09/2019 14:15,3402,0.000293988,3400.2,
26/09/2019 14:20,3401,-0.000293988,3400.6,
26/09/2019 14:25,3401,0,3401,
26/09/2019 14:30,3401,0,3401.2,
26/09/2019 14:35,3393,-0.00235502,3399.6,
26/09/2019 14:40,3396,0.000883783,3398.4,
26/09/2019 14:45,3395,-0.000294507,3397.2,
26/09/2019 14:50,3399,0.00117751,3396.8,
26/09/2019 14:55,3398,-0.000294247,3396.2,
26/09/2019 15:00,3402,0.001176471,3398,
26/09/2019 21:05,3400,-0.000588062,3398.8,
26/09/2019 21:10,3402,0.000588062,3400.2,
26/09/2019 21:15,3401,-0.000293988,3400.6,
26/09/2019 21:20,3401,0,3401.2,
26/09/2019 21:25,3406,0.001469076,3402,
26/09/2019 21:30,3406,0,3403.2,
26/09/2019 21:35,3409,0.000880411,3404.6,
26/09/2019 21:40,3408,-0.000293384,3406,
26/09/2019 21:45,3406,-0.000587027,3407,
26/09/2019 21:50,3405,-0.000293643,3406.8,
26/09/2019 21:55,3406,0.000293643,3406.8,
26/09/2019 22:00,3405,-0.000293643,3406,
26/09/2019 22:05,3406,0.000293643,3405.6,
26/09/2019 22:10,3406,0,3405.6,
26/09/2019 22:15,3404,-0.000587372,3405.4,
26/09/2019 22:20,3404,0,3405,
26/09/2019 22:25,3404,0,3404.8,
26/09/2019 22:30,3403,-0.000293815,3404.2,
26/09/2019 22:35,3401,-0.000587889,3403.2,
26/09/2019 22:40,3403,0.000587889,3403,
26/09/2019 22:45,3402,-0.000293902,3402.6,
26/09/2019 22:50,3402,0,3402.2,
26/09/2019 22:55,3390,-0.003533573,3399.6,
26/09/2019 23:00,3386,-0.001180638,3396.6,
27/09/2019 09:05,3370,-0.004736539,3390,
27/09/2019 09:10,3366,-0.001187649,3382.8,
27/09/2019 09:15,3338,-0.008353271,3370,
27/09/2019 09:20,3349,0.003289969,3361.8,
27/09/2019 09:25,3354,0.00149187,3355.4,
27/09/2019 09:30,3356,0.000596125,3352.6,
27/09/2019 09:35,3356,0,3350.6,
27/09/2019 09:40,3356,0,3354.2,
27/09/2019 09:45,3357,0.000297929,3355.8,
27/09/2019 09:50,3357,0,3356.4,
27/09/2019 09:55,3360,0.000893256,3357.2,
27/09/2019 10:00,3356,-0.001191185,3357.2,
27/09/2019 10:05,3360,0.001191185,3358,
27/09/2019 10:10,3359,-0.000297663,3358.4,
27/09/2019 10:15,3360,0.000297663,3359,
27/09/2019 10:30,3360,0,3359,
27/09/2019 10:35,3361,0.000297575,3360,
27/09/2019 10:40,3363,0.000594884,3360.6,
27/09/2019 10:45,3364,0.000297309,3361.6,
27/09/2019 10:50,3357,-0.002083024,3361,
27/09/2019 10:55,3355,-0.000595948,3360,
27/09/2019 11:00,3353,-0.000596303,3358.4,
27/09/2019 11:05,3352,-0.000298285,3356.2,
27/09/2019 11:10,3352,0,3353.8,
27/09/2019 11:15,3353,0.000298285,3353,
27/09/2019 11:20,3351,-0.000596659,3352.2,
27/09/2019 11:25,3353,0.000596659,3352.2,
27/09/2019 11:30,3357,0.001192251,3353.2,
27/09/2019 13:35,3357,0,3354.2,
27/09/2019 13:40,3354,-0.000894055,3354.4,
27/09/2019 13:45,3353,-0.000298196,3354.8,
27/09/2019 13:50,3352,-0.000298285,3354.6,
27/09/2019 13:55,3351,-0.000298374,3353.4,
27/09/2019 14:00,3352,0.000298374,3352.4,
27/09/2019 14:05,3356,0.001192606,3352.8,
27/09/2019 14:10,3358,0.00059577,3353.8,
27/09/2019 14:15,3358,0,3355,
27/09/2019 14:20,3356,-0.00059577,3356,
27/09/2019 14:25,3355,-0.000298018,3356.6,
27/09/2019 14:30,3354,-0.000298107,3356.2,
27/09/2019 14:35,3355,0.000298107,3355.6,
27/09/2019 14:40,3353,-0.000596303,3354.6,
27/09/2019 14:45,3359,0.001787843,3355.2,
27/09/2019 14:50,3358,-0.000297752,3355.8,
27/09/2019 14:55,3356,-0.00059577,3356.2,
27/09/2019 15:00,3362,0.001786246,3357.6,
27/09/2019 21:05,3365,0.000891928,3360,
27/09/2019 21:10,3361,-0.001189414,3360.4,
27/09/2019 21:15,3363,0.000594884,3361.4,
27/09/2019 21:20,3360,-0.000892459,3362.2,
27/09/2019 21:25,3353,-0.002085506,3360.4,
27/09/2019 21:30,3354,0.000298196,3358.2,
27/09/2019 21:35,3358,0.001191895,3357.6,
27/09/2019 21:40,3355,-0.000893788,3356,
27/09/2019 21:45,3351,-0.001192962,3354.2,
27/09/2019 21:50,3349,-0.000597015,3353.4,
27/09/2019 21:55,3349,0,3352.4,
27/09/2019 22:00,3346,-0.000896191,3350,
27/09/2019 22:05,3343,-0.000896995,3347.6,
27/09/2019 22:10,3347,0.001195815,3346.8,
27/09/2019 22:15,3349,0.000597372,3346.8,
27/09/2019 22:20,3347,-0.000597372,3346.4,
27/09/2019 22:25,3348,0.00029873,3346.8,
27/09/2019 22:30,3348,0,3347.8,
27/09/2019 22:35,3348,0,3348,
27/09/2019 22:40,3343,-0.001494545,3346.8,
27/09/2019 22:45,3344,0.000299088,3346.2,
27/09/2019 22:50,3349,0.001494099,3346.4,
27/09/2019 22:55,3350,0.000298552,3346.8,
27/09/2019 23:00,3347,-0.000895924,3346.6,
30/09/2019 09:05,3350,0.000895924,3348,
30/09/2019 09:10,3351,0.000298463,3349.4,
30/09/2019 09:15,3349,-0.000597015,3349.4,
30/09/2019 09:20,3353,0.001193674,3350,
30/09/2019 09:25,3347,-0.001791045,3350,
30/09/2019 09:30,3345,-0.000597729,3349,
30/09/2019 09:35,3346,0.000298909,3348,
30/09/2019 09:40,3342,-0.001196172,3346.6,
30/09/2019 09:45,3344,0.000598265,3344.8,
30/09/2019 09:50,3343,-0.000299088,3344,
30/09/2019 09:55,3348,0.001494545,3344.6,
30/09/2019 10:00,3346,-0.00059755,3344.6,
30/09/2019 10:05,3348,0.00059755,3345.8,
30/09/2019 10:10,3350,0.000597193,3347,
30/09/2019 10:15,3348,-0.000597193,3348,
30/09/2019 10:35,3345,-0.000896459,3347.4,
30/09/2019 10:40,3345,0,3347.2,
30/09/2019 10:45,3343,-0.000598086,3346.2,
30/09/2019 10:50,3343,0,3344.8,
30/09/2019 10:55,3341,-0.000598444,3343.4,
30/09/2019 11:00,3342,0.000299267,3342.8,
30/09/2019 11:05,3341,-0.000299267,3342,
30/09/2019 11:10,3335,-0.001797484,3340.4,
30/09/2019 11:15,3334,-0.000299895,3338.6,
30/09/2019 11:20,3331,-0.000900225,3336.6,
30/09/2019 11:25,3332,0.000300165,3334.6,
30/09/2019 11:30,3331,-0.000300165,3332.6,
30/09/2019 13:35,3344,0.003895136,3334.4,
30/09/2019 13:40,3343,-0.000299088,3336.2,
30/09/2019 13:45,3347,0.001195815,3339.4,
30/09/2019 13:50,3345,-0.000597729,3342,
30/09/2019 13:55,3343,-0.000598086,3344.4,
30/09/2019 14:00,3345,0.000598086,3344.6,
30/09/2019 14:05,3346,0.000298909,3345.2,
30/09/2019 14:10,3345,-0.000298909,3344.8,
30/09/2019 14:15,3344,-0.000298998,3344.6,
30/09/2019 14:20,3341,-0.000897532,3344.2,
30/09/2019 14:25,3343,0.000598444,3343.8,
30/09/2019 14:30,3344,0.000299088,3343.4,
30/09/2019 14:35,3344,0,3343.2,
30/09/2019 14:40,3344,0,3343.2,
30/09/2019 14:45,3348,0.001195457,3344.6,
30/09/2019 14:50,3347,-0.00029873,3345.4,
30/09/2019 14:55,3345,-0.000597729,3345.6,
30/09/2019 15:00,3350,0.001493652,3346.8,
08/10/2019 09:05,3362,0.003575689,3350.4,
08/10/2019 09:10,3361,-0.000297486,3353,
08/10/2019 09:15,3364,0.000892193,3356.4,
08/10/2019 09:20,3373,0.002671814,3362,
08/10/2019 09:25,3377,0.001185185,3367.4,
08/10/2019 09:30,3383,0.001775148,3371.6,
08/10/2019 09:35,3378,-0.001479071,3375,
08/10/2019 09:40,3384,0.001774623,3379,
08/10/2019 09:45,3382,-0.000591191,3380.8,
08/10/2019 09:50,3377,-0.001479509,3380.8,
08/10/2019 09:55,3376,-0.000296165,3379.4,
08/10/2019 10:00,3379,0.000888231,3379.6,
08/10/2019 10:05,3379,0,3378.6,
08/10/2019 10:10,3375,-0.001184483,3377.2,
08/10/2019 10:15,3381,0.001776199,3378,
08/10/2019 10:30,3381,0,3379,
08/10/2019 10:35,3378,-0.000887705,3378.8,
08/10/2019 10:40,3376,-0.000592242,3378.2,
08/10/2019 10:45,3373,-0.000889021,3377.8,
08/10/2019 10:50,3376,0.000889021,3376.8,
08/10/2019 10:55,3374,-0.000592593,3375.4,
08/10/2019 11:00,3377,0.000888757,3375.2,
08/10/2019 11:05,3378,0.000296077,3375.6,
08/10/2019 11:10,3378,0,3376.6,
08/10/2019 11:15,3379,0.000295989,3377.2,
08/10/2019 11:20,3378,-0.000295989,3378,
08/10/2019 11:25,3377,-0.000296077,3378,
08/10/2019 11:30,3379,0.000592066,3378.2,
08/10/2019 13:35,3379,0,3378.4,
08/10/2019 13:40,3379,0,3378.4,
08/10/2019 13:45,3386,0.002069476,3380,
08/10/2019 13:50,3392,0.001770434,3383,
08/10/2019 13:55,3386,-0.001770434,3384.4,
08/10/2019 14:00,3386,0,3385.8,
08/10/2019 14:05,3384,-0.000590842,3386.8,
08/10/2019 14:10,3384,0,3386.4,
08/10/2019 14:15,3383,-0.000295552,3384.6,
08/10/2019 14:20,3382,-0.000295639,3383.8,
08/10/2019 14:25,3383,0.000295639,3383.2,
08/10/2019 14:30,3383,0,3383,
08/10/2019 14:35,3378,-0.001479071,3381.8,
08/10/2019 14:40,3375,-0.000888494,3380.2,
08/10/2019 14:45,3375,0,3378.8,
08/10/2019 14:50,3379,0.001184483,3378,
08/10/2019 14:55,3377,-0.000592066,3376.8,
08/10/2019 15:00,3376,-0.000296165,3376.4,
08/10/2019 21:05,3384,0.002366865,3378.2,
08/10/2019 21:10,3385,0.000295465,3380.2,
08/10/2019 21:15,3387,0.000590667,3381.8,
08/10/2019 21:20,3389,0.000590319,3384.2,
08/10/2019 21:25,3390,0.000295029,3387,
08/10/2019 21:30,3386,-0.001180638,3387.4,
08/10/2019 21:35,3389,0.000885609,3388.2,
08/10/2019 21:40,3387,-0.000590319,3388.2,
08/10/2019 21:45,3390,0.000885348,3388.4,
08/10/2019 21:50,3392,0.000589797,3388.8,
08/10/2019 21:55,3388,-0.001179941,3389.2,
08/10/2019 22:00,3390,0.000590145,3389.4,
08/10/2019 22:05,3389,-0.000295029,3389.8,
08/10/2019 22:10,3389,0,3389.6,
08/10/2019 22:15,3390,0.000295029,3389.2,
08/10/2019 22:20,3389,-0.000295029,3389.4,
08/10/2019 22:25,3390,0.000295029,3389.4,
08/10/2019 22:30,3391,0.000294942,3389.8,
08/10/2019 22:35,3387,-0.001180289,3389.4,
08/10/2019 22:40,3389,0.000590319,3389.2,
08/10/2019 22:45,3398,0.002652131,3391,
08/10/2019 22:50,3397,-0.000294334,3392.4,
08/10/2019 22:55,3396,-0.000294421,3393.4,
08/10/2019 23:00,3400,0.001177163,3396,
09/10/2019 09:05,3403,0.000881964,3398.8,
09/10/2019 09:10,3401,-0.000587889,3399.4,
09/10/2019 09:15,3398,-0.000882483,3399.6,
09/10/2019 09:20,3400,0.000588408,3400.4,
09/10/2019 09:25,3401,0.000294074,3400.6,
09/10/2019 09:30,3398,-0.000882483,3399.6,
09/10/2019 09:35,3401,0.000882483,3399.6,
09/10/2019 09:40,3398,-0.000882483,3399.6,
09/10/2019 09:45,3395,-0.000883262,3398.6,
09/10/2019 09:50,3394,-0.000294594,3397.2,
09/10/2019 09:55,3394,0,3396.4,
09/10/2019 10:00,3395,0.000294594,3395.2,
09/10/2019 10:05,3394,-0.000294594,3394.4,
09/10/2019 10:10,3395,0.000294594,3394.4,
09/10/2019 10:15,3394,-0.000294594,3394.4,
09/10/2019 10:30,3393,-0.000294681,3394.2,
09/10/2019 10:35,3394,0.000294681,3394,
09/10/2019 10:40,3392,-0.000589449,3393.6,
09/10/2019 10:45,3393,0.000294768,3393.2,
09/10/2019 10:50,3398,0.001472537,3394,
09/10/2019 10:55,3396,-0.000588755,3394.6,
09/10/2019 11:00,3394,-0.000589102,3394.6,
09/10/2019 11:05,3393,-0.000294681,3394.8,
09/10/2019 11:10,3390,-0.000884564,3394.2,
09/10/2019 11:15,3391,0.000294942,3392.8,
09/10/2019 11:20,3392,0.000294855,3392,
09/10/2019 11:25,3390,-0.000589797,3391.2,
09/10/2019 11:30,3392,0.000589797,3391,
09/10/2019 13:35,3393,0.000294768,3391.6,
09/10/2019 13:40,3391,-0.000589623,3391.6,
09/10/2019 13:45,3385,-0.001770957,3390.2,
09/10/2019 13:50,3388,0.00088587,3389.8,
09/10/2019 13:55,3392,0.001179941,3389.8,
09/10/2019 14:00,3394,0.000589449,3390,
09/10/2019 14:05,3395,0.000294594,3390.8,
09/10/2019 14:10,3395,0,3392.8,
09/10/2019 14:15,3395,0,3394.2,
09/10/2019 14:20,3396,0.000294507,3395,
09/10/2019 14:25,3399,0.000883002,3396,
09/10/2019 14:30,3398,-0.000294247,3396.6,
09/10/2019 14:35,3400,0.000588408,3397.6,
09/10/2019 14:40,3401,0.000294074,3398.8,
09/10/2019 14:45,3403,0.000587889,3400.2,
09/10/2019 14:50,3404,0.000293815,3401.2,
09/10/2019 14:55,3411,0.002054293,3403.8,
09/10/2019 15:00,3410,-0.000293212,3405.8,
09/10/2019 21:05,3409,-0.000293298,3407.4,
09/10/2019 21:10,3409,0,3408.6,
09/10/2019 21:15,3406,-0.000880411,3409,
09/10/2019 21:20,3410,0.001173709,3408.8,
09/10/2019 21:25,3409,-0.000293298,3408.6,
09/10/2019 21:30,3406,-0.000880411,3408,
09/10/2019 21:35,3406,0,3407.4,
09/10/2019 21:40,3400,-0.001763151,3406.2,
09/10/2019 21:45,3399,-0.000294161,3404,
09/10/2019 21:50,3398,-0.000294247,3401.8,
09/10/2019 21:55,3399,0.000294247,3400.4,
09/10/2019 22:00,3397,-0.000588582,3398.6,
09/10/2019 22:05,3397,0,3398,
09/10/2019 22:10,3396,-0.000294421,3397.4,
09/10/2019 22:15,3397,0.000294421,3397.2,
09/10/2019 22:20,3396,-0.000294421,3396.6,
09/10/2019 22:25,3393,-0.000883783,3395.8,
09/10/2019 22:30,3390,-0.000884564,3394.4,
09/10/2019 22:35,3394,0.001179245,3394,
09/10/2019 22:40,3391,-0.000884304,3392.8,
09/10/2019 22:45,3392,0.000294855,3392,
09/10/2019 22:50,3390,-0.000589797,3391.4,
09/10/2019 22:55,3389,-0.000295029,3391.2,
09/10/2019 23:00,3390,0.000295029,3390.4,
10/10/2019 09:05,3400,0.00294551,3392.2,
10/10/2019 09:10,3402,0.000588062,3394.2,
10/10/2019 09:15,3398,-0.001176471,3395.8,
10/10/2019 09:20,3400,0.000588408,3398,
10/10/2019 09:25,3400,0,3400,
10/10/2019 09:30,3403,0.000881964,3400.6,
10/10/2019 09:35,3402,-0.000293902,3400.6,
10/10/2019 09:40,3396,-0.001765226,3400.2,
10/10/2019 09:45,3395,-0.000294507,3399.2,
10/10/2019 09:50,3397,0.000588928,3398.6,
10/10/2019 09:55,3398,0.000294334,3397.6,
10/10/2019 10:00,3397,-0.000294334,3396.6,
10/10/2019 10:05,3399,0.000588582,3397.2,
10/10/2019 10:10,3400,0.000294161,3398.2,
10/10/2019 10:15,3402,0.000588062,3399.2,
10/10/2019 10:30,3402,0,3400,
10/10/2019 10:35,3400,-0.000588062,3400.6,
10/10/2019 10:40,3403,0.000881964,3401.4,
10/10/2019 10:45,3404,0.000293815,3402.2,
10/10/2019 10:50,3406,0.000587372,3403,
10/10/2019 10:55,3404,-0.000587372,3403.4,
10/10/2019 11:00,3403,-0.000293815,3404,
10/10/2019 11:05,3404,0.000293815,3404.2,
10/10/2019 11:10,3403,-0.000293815,3404,
10/10/2019 11:15,3404,0.000293815,3403.6,
10/10/2019 11:20,3407,0.000880928,3404.2,
10/10/2019 11:25,3410,0.000880153,3405.6,
10/10/2019 11:30,3411,0.000293212,3407,
10/10/2019 13:35,3409,-0.00058651,3408.2,
10/10/2019 13:40,3407,-0.000586854,3408.8,
10/10/2019 13:45,3407,0,3408.8,
10/10/2019 13:50,3406,-0.000293556,3408,
10/10/2019 13:55,3407,0.000293556,3407.2,
10/10/2019 14:00,3409,0.000586854,3407.2,
10/10/2019 14:05,3410,0.000293298,3407.8,
10/10/2019 14:10,3407,-0.000880153,3407.8,
10/10/2019 14:15,3407,0,3408,
10/10/2019 14:20,3406,-0.000293556,3407.8,
10/10/2019 14:25,3402,-0.001175088,3406.4,
10/10/2019 14:30,3398,-0.001176471,3404,
10/10/2019 14:35,3399,0.000294247,3402.4,
10/10/2019 14:40,3401,0.000588235,3401.2,
10/10/2019 14:45,3400,-0.000294074,3400,
10/10/2019 14:50,3398,-0.000588408,3399.2,
10/10/2019 14:55,3403,0.001470372,3400.2,
10/10/2019 15:00,3400,-0.000881964,3400.4,
10/10/2019 21:05,3401,0.000294074,3400.4,
10/10/2019 21:10,3402,0.000293988,3400.8,
10/10/2019 21:15,3404,0.000587717,3402,
10/10/2019 21:20,3400,-0.001175779,3401.4,
10/10/2019 21:25,3399,-0.000294161,3401.2,
10/10/2019 21:30,3400,0.000294161,3401,
10/10/2019 21:35,3398,-0.000588408,3400.2,
10/10/2019 21:40,3398,0,3399,
10/10/2019 21:45,3399,0.000294247,3398.8,
10/10/2019 21:50,3398,-0.000294247,3398.6,
10/10/2019 21:55,3397,-0.000294334,3398,
10/10/2019 22:00,3397,0,3397.8,
10/10/2019 22:05,3396,-0.000294421,3397.4,
10/10/2019 22:10,3396,0,3396.8,
10/10/2019 22:15,3396,0,3396.4,
10/10/2019 22:20,3398,0.000588755,3396.6,
10/10/2019 22:25,3398,0,3396.8,
10/10/2019 22:30,3398,0,3397.2,
10/10/2019 22:35,3396,-0.000588755,3397.2,
10/10/2019 22:40,3397,0.000294421,3397.4,
10/10/2019 22:45,3397,0,3397.2,
10/10/2019 22:50,3394,-0.000883522,3396.4,
10/10/2019 22:55,3395,0.000294594,3395.8,
10/10/2019 23:00,3395,0,3395.6,
11/10/2019 09:05,3410,0.00440853,3398.2,
11/10/2019 09:10,3413,0.000879379,3401.4,
11/10/2019 09:15,3412,-0.00029304,3405,
11/10/2019 09:20,3415,0.000878863,3409,
11/10/2019 09:25,3413,-0.000585823,3412.6,
11/10/2019 09:30,3415,0.000585823,3413.6,
11/10/2019 09:35,3414,-0.000292869,3413.8,
11/10/2019 09:40,3419,0.001463486,3415.2,
11/10/2019 09:45,3420,0.00029244,3416.2,
11/10/2019 09:50,3427,0.002044692,3419,
11/10/2019 09:55,3427,0,3421.4,
11/10/2019 10:00,3428,0.000291758,3424.2,
11/10/2019 10:05,3423,-0.001459641,3425,
11/10/2019 10:10,3429,0.001751314,3426.8,
11/10/2019 10:15,3428,-0.000291673,3427,
11/10/2019 10:30,3428,0,3427.2,
11/10/2019 10:35,3427,-0.000291758,3427,
11/10/2019 10:40,3426,-0.000291843,3427.6,
11/10/2019 10:45,3427,0.000291843,3427.2,
11/10/2019 10:50,3431,0.001166521,3427.8,
11/10/2019 10:55,3426,-0.001458364,3427.4,
11/10/2019 11:00,3428,0.000583601,3427.6,
11/10/2019 11:05,3423,-0.001459641,3427,
11/10/2019 11:10,3424,0.000292099,3426.4,
11/10/2019 11:15,3425,0.000292013,3425.2,
11/10/2019 11:20,3428,0.000875529,3425.6,
11/10/2019 11:25,3424,-0.001167542,3424.8,
11/10/2019 11:30,3424,0,3425,
11/10/2019 13:35,3428,0.001167542,3425.8,
11/10/2019 13:40,3430,0.00058326,3426.8,
11/10/2019 13:45,3432,0.00058292,3427.6,
11/10/2019 13:50,3432,0,3429.2,
11/10/2019 13:55,3432,0,3430.8,
11/10/2019 14:00,3434,0.000582581,3432,
11/10/2019 14:05,3432,-0.000582581,3432.4,
11/10/2019 14:10,3429,-0.000874508,3431.8,
11/10/2019 14:15,3429,0,3431.2,
11/10/2019 14:20,3431,0.00058309,3431,
11/10/2019 14:25,3432,0.000291418,3430.6,
11/10/2019 14:30,3431,-0.000291418,3430.4,
11/10/2019 14:35,3427,-0.001166521,3430,
11/10/2019 14:40,3426,-0.000291843,3429.4,
11/10/2019 14:45,3430,0.001166861,3429.2,
11/10/2019 14:50,3428,-0.00058326,3428.4,
11/10/2019 14:55,3431,0.000874763,3428.4,
11/10/2019 15:00,3438,0.002038143,3430.6,
11/10/2019 21:05,3431,-0.002038143,3431.6,
11/10/2019 21:10,3429,-0.00058309,3431.4,
11/10/2019 21:15,3428,-0.000291673,3431.4,
11/10/2019 21:20,3423,-0.001459641,3429.8,
11/10/2019 21:25,3419,-0.001169249,3426,
11/10/2019 21:30,3419,0,3423.6,
11/10/2019 21:35,3419,0,3421.6,
11/10/2019 21:40,3415,-0.001170618,3419,
11/10/2019 21:45,3417,0.00058548,3417.8,
11/10/2019 21:50,3415,-0.00058548,3417,
11/10/2019 21:55,3414,-0.000292869,3416,
11/10/2019 22:00,3411,-0.000879121,3414.4,
11/10/2019 22:05,3407,-0.001173365,3412.8,
11/10/2019 22:10,3411,0.001173365,3411.6,
11/10/2019 22:15,3407,-0.001173365,3410,
11/10/2019 22:20,3408,0.00029347,3408.8,
11/10/2019 22:25,3413,0.001466061,3409.2,
11/10/2019 22:30,3411,-0.000586166,3410,
11/10/2019 22:35,3413,0.000586166,3410.4,
11/10/2019 22:40,3412,-0.00029304,3411.4,
11/10/2019 22:45,3409,-0.000879636,3411.6,
11/10/2019 22:50,3410,0.000293298,3411,
11/10/2019 22:55,3408,-0.000586682,3410.4,
11/10/2019 23:00,3411,0.000879894,3410,
14/10/2019 09:05,3413,0.000586166,3410.2,
14/10/2019 09:10,3419,0.001756441,3412.2,
14/10/2019 09:15,3421,0.000584795,3414.4,
14/10/2019 09:20,3419,-0.000584795,3416.6,
14/10/2019 09:25,3423,0.001169249,3419,
14/10/2019 09:30,3422,-0.000292184,3420.8,
14/10/2019 09:35,3421,-0.000292269,3421.2,
14/10/2019 09:40,3426,0.001460494,3422.2,
14/10/2019 09:45,3427,0.000291843,3423.8,
14/10/2019 09:50,3425,-0.000583771,3424.2,
14/10/2019 09:55,3425,0,3424.8,
14/10/2019 10:00,3424,-0.000292013,3425.4,
14/10/2019 10:05,3429,0.001459215,3426,
14/10/2019 10:10,3425,-0.001167202,3425.6,
14/10/2019 10:15,3426,0.000291928,3425.8,
14/10/2019 10:30,3426,0,3426,
14/10/2019 10:35,3427,0.000291843,3426.6,
14/10/2019 10:40,3424,-0.000875785,3425.6,
14/10/2019 10:45,3428,0.001167542,3426.2,
14/10/2019 10:50,3426,-0.000583601,3426.2,
14/10/2019 10:55,3427,0.000291843,3426.4,
14/10/2019 11:00,3426,-0.000291843,3426.2,
14/10/2019 11:05,3427,0.000291843,3426.8,
14/10/2019 11:10,3429,0.000583431,3427,
14/10/2019 11:15,3430,0.000291588,3427.8,
14/10/2019 11:20,3429,-0.000291588,3428.2,
14/10/2019 11:25,3430,0.000291588,3429,
14/10/2019 11:30,3427,-0.000875018,3429,
14/10/2019 13:35,3420,-0.002044692,3427.2,
14/10/2019 13:40,3417,-0.000877578,3424.6,
14/10/2019 13:45,3416,-0.000292697,3422,
14/10/2019 13:50,3417,0.000292697,3419.4,
14/10/2019 13:55,3415,-0.00058548,3417,
14/10/2019 14:00,3417,0.00058548,3416.4,
14/10/2019 14:05,3419,0.000585138,3416.8,
14/10/2019 14:10,3416,-0.000877835,3416.8,
14/10/2019 14:15,3418,0.000585309,3417,
14/10/2019 14:20,3417,-0.000292612,3417.4,
14/10/2019 14:25,3415,-0.00058548,3417,
14/10/2019 14:30,3414,-0.000292869,3416,
14/10/2019 14:35,3416,0.000585652,3416,
14/10/2019 14:40,3415,-0.000292783,3415.4,
14/10/2019 14:45,3411,-0.00117199,3414.2,
14/10/2019 14:50,3410,-0.000293212,3413.2,
14/10/2019 14:55,3423,0.003805068,3415,
14/10/2019 15:00,3434,0.003208403,3418.6,
14/10/2019 21:05,3427,-0.00204052,3421,
14/10/2019 21:10,3431,0.001166521,3425,
14/10/2019 21:15,3434,0.000873999,3429.8,
14/10/2019 21:20,3435,0.000291163,3432.2,
14/10/2019 21:25,3431,-0.001165162,3431.6,
14/10/2019 21:30,3432,0.000291418,3432.6,
14/10/2019 21:35,3434,0.000582581,3433.2,
14/10/2019 21:40,3434,0,3433.2,
14/10/2019 21:45,3433,-0.000291248,3432.8,
14/10/2019 21:50,3429,-0.001165841,3432.4,
14/10/2019 21:55,3429,0,3431.8,
14/10/2019 22:00,3431,0.00058309,3431.2,
14/10/2019 22:05,3429,-0.00058309,3430.2,
14/10/2019 22:10,3427,-0.000583431,3429,
14/10/2019 22:15,3429,0.000583431,3429,
14/10/2019 22:20,3429,0,3429,
14/10/2019 22:25,3436,0.002039331,3430,
14/10/2019 22:30,3433,-0.00087349,3430.8,
14/10/2019 22:35,3431,-0.000582751,3431.6,
14/10/2019 22:40,3434,0.000873999,3432.6,
14/10/2019 22:45,3432,-0.000582581,3433.2,
14/10/2019 22:50,3430,-0.00058292,3432,
14/10/2019 22:55,3429,-0.000291588,3431.2,
14/10/2019 23:00,3432,0.000874508,3431.4,
15/10/2019 09:05,3436,0.001164822,3431.8,
15/10/2019 09:10,3435,-0.000291078,3432.4,
15/10/2019 09:15,3444,0.002616661,3435.2,
15/10/2019 09:20,3448,0.001160766,3439,
15/10/2019 09:25,3446,-0.000580215,3441.8,
15/10/2019 09:30,3440,-0.001742667,3442.6,
15/10/2019 09:35,3439,-0.00029074,3443.4,
15/10/2019 09:40,3437,-0.000581734,3442,
15/10/2019 09:45,3434,-0.000873235,3439.2,
15/10/2019 09:50,3436,0.000582242,3437.2,
15/10/2019 09:55,3434,-0.000582242,3436,
15/10/2019 10:00,3429,-0.001457089,3434,
15/10/2019 10:05,3431,0.00058309,3432.8,
15/10/2019 10:10,3428,-0.000874763,3431.6,
15/10/2019 10:15,3429,0.000291673,3430.2,
15/10/2019 10:30,3429,0,3429.2,
15/10/2019 10:35,3425,-0.001167202,3428.4,
15/10/2019 10:40,3422,-0.000876296,3426.6,
15/10/2019 10:45,3422,0,3425.4,
15/10/2019 10:50,3419,-0.000877065,3423.4,
15/10/2019 10:55,3417,-0.000585138,3421,
15/10/2019 11:00,3415,-0.00058548,3419,
15/10/2019 11:05,3419,0.001170618,3418.4,
15/10/2019 11:10,3417,-0.000585138,3417.4,
15/10/2019 11:15,3417,0,3417,
15/10/2019 11:20,3417,0,3417,
15/10/2019 11:25,3414,-0.000878349,3416.8,
15/10/2019 11:30,3412,-0.000585995,3415.4,
15/10/2019 13:35,3414,0.000585995,3414.8,
15/10/2019 13:40,3414,0,3414.2,
15/10/2019 13:45,3415,0.000292869,3413.8,
15/10/2019 13:50,3410,-0.001465202,3413,
15/10/2019 13:55,3411,0.000293212,3412.8,
15/10/2019 14:00,3413,0.000586166,3412.6,
15/10/2019 14:05,3418,0.001463915,3413.4,
15/10/2019 14:10,3419,0.000292526,3414.2,
15/10/2019 14:15,3419,0,3416,
15/10/2019 14:20,3418,-0.000292526,3417.4,
15/10/2019 14:25,3417,-0.000292612,3418.2,
15/10/2019 14:30,3416,-0.000292697,3417.8,
15/10/2019 14:35,3416,0,3417.2,
15/10/2019 14:40,3418,0.000585309,3417,
15/10/2019 14:45,3419,0.000292526,3417.2,
15/10/2019 14:50,3425,0.001753361,3418.8,
15/10/2019 14:55,3427,0.000583771,3421,
15/10/2019 15:00,3426,-0.000291843,3423,
15/10/2019 21:05,3420,-0.001752849,3423.4,
15/10/2019 21:10,3421,0.000292355,3423.8,
15/10/2019 21:15,3422,0.000292269,3423.2,
15/10/2019 21:20,3421,-0.000292269,3422,
15/10/2019 21:25,3421,0,3421,
15/10/2019 21:30,3422,0.000292269,3421.4,
15/10/2019 21:35,3421,-0.000292269,3421.4,
15/10/2019 21:40,3418,-0.000877321,3420.6,
15/10/2019 21:45,3419,0.000292526,3420.2,
15/10/2019 21:50,3419,0,3419.8,
15/10/2019 21:55,3424,0.001461348,3420.2,
15/10/2019 22:00,3423,-0.000292099,3420.6,
15/10/2019 22:05,3423,0,3421.6,
15/10/2019 22:10,3424,0.000292099,3422.6,
15/10/2019 22:15,3423,-0.000292099,3423.4,
15/10/2019 22:20,3428,0.001459641,3424.2,
15/10/2019 22:25,3426,-0.000583601,3424.8,
15/10/2019 22:30,3427,0.000291843,3425.6,
15/10/2019 22:35,3427,0,3426.2,
15/10/2019 22:40,3430,0.000875018,3427.6,
15/10/2019 22:45,3427,-0.000875018,3427.4,
15/10/2019 22:50,3428,0.000291758,3427.8,
15/10/2019 22:55,3428,0,3428,
15/10/2019 23:00,3430,0.00058326,3428.6,
16/10/2019 09:05,3421,-0.002627355,3426.8,
16/10/2019 09:10,3412,-0.002634276,3423.8,
16/10/2019 09:15,3410,-0.000586338,3420.2,
16/10/2019 09:20,3410,0,3416.6,
16/10/2019 09:25,3410,0,3412.6,
16/10/2019 09:30,3409,-0.000293298,3410.2,
16/10/2019 09:35,3411,0.00058651,3410,
16/10/2019 09:40,3406,-0.001466921,3409.2,
16/10/2019 09:45,3412,0.001760047,3409.6,
16/10/2019 09:50,3414,0.000585995,3410.4,
16/10/2019 09:55,3413,-0.000292954,3411.2,
16/10/2019 10:00,3413,0,3411.6,
16/10/2019 10:05,3412,-0.00029304,3412.8,
16/10/2019 10:10,3408,-0.001173021,3412,
16/10/2019 10:15,3411,0.000879894,3411.4,
16/10/2019 10:30,3411,0,3411,
16/10/2019 10:35,3415,0.00117199,3411.4,
16/10/2019 10:40,3417,0.00058548,3412.4,
16/10/2019 10:45,3422,0.001462202,3415.2,
16/10/2019 10:50,3420,-0.000584624,3417,
16/10/2019 10:55,3422,0.000584624,3419.2,
16/10/2019 11:00,3427,0.001460067,3421.6,
16/10/2019 11:05,3426,-0.000291843,3423.4,
16/10/2019 11:10,3427,0.000291843,3424.4,
16/10/2019 11:15,3429,0.000583431,3426.2,
16/10/2019 11:20,3428,-0.000291673,3427.4,
16/10/2019 11:25,3429,0.000291673,3427.8,
16/10/2019 11:30,3428,-0.000291673,3428.2,
16/10/2019 13:35,3424,-0.001167542,3427.6,
16/10/2019 13:40,3423,-0.000292099,3426.4,
16/10/2019 13:45,3426,0.00087604,3426,
16/10/2019 13:50,3428,0.000583601,3425.8,
16/10/2019 13:55,3425,-0.000875529,3425.2,
16/10/2019 14:00,3427,0.000583771,3425.8,
16/10/2019 14:05,3429,0.000583431,3427,
16/10/2019 14:10,3427,-0.000583431,3427.2,
16/10/2019 14:15,3426,-0.000291843,3426.8,
16/10/2019 14:20,3427,0.000291843,3427.2,
16/10/2019 14:25,3427,0,3427.2,
16/10/2019 14:30,3420,-0.002044692,3425.4,
16/10/2019 14:35,3419,-0.00029244,3423.8,
16/10/2019 14:40,3417,-0.000585138,3422,
16/10/2019 14:45,3418,0.000292612,3420.2,
16/10/2019 14:50,3425,0.002045887,3419.8,
16/10/2019 14:55,3421,-0.001168566,3420,
16/10/2019 15:00,3421,0,3420.4,
16/10/2019 21:05,3432,0.003210276,3423.4,
16/10/2019 21:10,3431,-0.000291418,3426,
16/10/2019 21:15,3426,-0.001458364,3426.2,
16/10/2019 21:20,3426,0,3427.2,
16/10/2019 21:25,3427,0.000291843,3428.4,
16/10/2019 21:30,3426,-0.000291843,3427.2,
16/10/2019 21:35,3430,0.001166861,3427,
16/10/2019 21:40,3426,-0.001166861,3427,
16/10/2019 21:45,3424,-0.000583942,3426.6,
16/10/2019 21:50,3422,-0.000584283,3425.6,
16/10/2019 21:55,3423,0.000292184,3425,
16/10/2019 22:00,3424,0.000292099,3423.8,
16/10/2019 22:05,3423,-0.000292099,3423.2,
16/10/2019 22:10,3420,-0.000876808,3422.4,
16/10/2019 22:15,3419,-0.00029244,3421.8,
16/10/2019 22:20,3415,-0.001170618,3420.2,
16/10/2019 22:25,3415,0,3418.4,
16/10/2019 22:30,3414,-0.000292869,3416.6,
16/10/2019 22:35,3414,0,3415.4,
16/10/2019 22:40,3416,0.000585652,3414.8,
16/10/2019 22:45,3417,0.000292697,3415.2,
16/10/2019 22:50,3418,0.000292612,3415.8,
16/10/2019 22:55,3419,0.000292526,3416.8,
16/10/2019 23:00,3423,0.001169249,3418.6,
17/10/2019 09:05,3418,-0.001461775,3419,
17/10/2019 09:10,3412,-0.001756955,3418,
17/10/2019 09:15,3412,0,3416.8,
17/10/2019 09:20,3413,0.00029304,3415.6,
17/10/2019 09:25,3407,-0.001759531,3412.4,
17/10/2019 09:30,3408,0.00029347,3410.4,
17/10/2019 09:35,3409,0.000293384,3409.8,
17/10/2019 09:40,3407,-0.000586854,3408.8,
17/10/2019 09:45,3406,-0.000293556,3407.4,
17/10/2019 09:50,3410,0.001173709,3408,
17/10/2019 09:55,3410,0,3408.4,
17/10/2019 10:00,3411,0.000293212,3408.8,
17/10/2019 10:05,3410,-0.000293212,3409.4,
17/10/2019 10:10,3410,0,3410.2,
17/10/2019 10:15,3409,-0.000293298,3410,
17/10/2019 10:30,3410,0.000293298,3410,
17/10/2019 10:35,3411,0.000293212,3410,
17/10/2019 10:40,3410,-0.000293212,3410,
17/10/2019 10:45,3407,-0.000880153,3409.4,
17/10/2019 10:50,3405,-0.000587199,3408.6,
17/10/2019 10:55,3404,-0.000293729,3407.4,
17/10/2019 11:00,3398,-0.001764187,3404.8,
17/10/2019 11:05,3392,-0.001767305,3401.2,
17/10/2019 11:10,3387,-0.001475144,3397.2,
17/10/2019 11:15,3388,0.000295203,3393.8,
17/10/2019 11:20,3392,0.001179941,3391.4,
17/10/2019 11:25,3390,-0.000589797,3389.8,
17/10/2019 11:30,3387,-0.000885348,3388.8,
17/10/2019 13:35,3401,0.004124932,3391.6,
17/10/2019 13:40,3400,-0.000294074,3394,
17/10/2019 13:45,3402,0.000588062,3396,
17/10/2019 13:50,3402,0,3398.4,
17/10/2019 13:55,3403,0.000293902,3401.6,
17/10/2019 14:00,3403,0,3402,
17/10/2019 14:05,3406,0.000881187,3403.2,
17/10/2019 14:10,3407,0.000293556,3404.2,
17/10/2019 14:15,3406,-0.000293556,3405,
17/10/2019 14:20,3405,-0.000293643,3405.4,
17/10/2019 14:25,3406,0.000293643,3406,
17/10/2019 14:30,3407,0.000293556,3406.2,
17/10/2019 14:35,3407,0,3406.2,
17/10/2019 14:40,3414,0.002052486,3407.8,
17/10/2019 14:45,3413,-0.000292954,3409.4,
17/10/2019 14:50,3411,-0.000586166,3410.4,
17/10/2019 14:55,3413,0.000586166,3411.6,
17/10/2019 15:00,3416,0.000878606,3413.4,
17/10/2019 21:05,3417,0.000292697,3414,
17/10/2019 21:10,3420,0.000877578,3415.4,
17/10/2019 21:15,3419,-0.00029244,3417,
17/10/2019 21:20,3420,0.00029244,3418.4,
17/10/2019 21:25,3420,0,3419.2,
17/10/2019 21:30,3425,0.001460921,3420.8,
17/10/2019 21:35,3425,0,3421.8,
17/10/2019 21:40,3428,0.000875529,3423.6,
17/10/2019 21:45,3429,0.000291673,3425.4,
17/10/2019 21:50,3434,0.001457089,3428.2,
17/10/2019 21:55,3428,-0.001748762,3428.8,
17/10/2019 22:00,3430,0.00058326,3429.8,
17/10/2019 22:05,3430,0,3430.2,
17/10/2019 22:10,3423,-0.002042902,3429,
17/10/2019 22:15,3425,0.000584112,3427.2,
17/10/2019 22:20,3422,-0.000876296,3426,
17/10/2019 22:25,3423,0.000292184,3424.6,
17/10/2019 22:30,3423,0,3423.2,
17/10/2019 22:35,3426,0.00087604,3423.8,
17/10/2019 22:40,3428,0.000583601,3424.4,
17/10/2019 22:45,3428,0,3425.6,
17/10/2019 22:50,3428,0,3426.6,
17/10/2019 22:55,3428,0,3427.6,
17/10/2019 23:00,3431,0.000874763,3428.6,
18/10/2019 09:05,3423,-0.002334404,3427.6,
18/10/2019 09:10,3425,0.000584112,3427,
18/10/2019 09:15,3433,0.002333043,3428,
18/10/2019 09:20,3428,-0.001457514,3428,
18/10/2019 09:25,3425,-0.000875529,3426.8,
18/10/2019 09:30,3426,0.000291928,3427.4,
18/10/2019 09:35,3429,0.000875274,3428.2,
18/10/2019 09:40,3422,-0.002043498,3426,
18/10/2019 09:45,3418,-0.001169591,3424,
18/10/2019 09:50,3417,-0.000292612,3422.4,
18/10/2019 09:55,3420,0.000877578,3421.2,
18/10/2019 10:00,3421,0.000292355,3419.6,
18/10/2019 10:05,3421,0,3419.4,
18/10/2019 10:10,3419,-0.000584795,3419.6,
18/10/2019 10:15,3418,-0.000292526,3419.8,
18/10/2019 10:30,3417,-0.000292612,3419.2,
18/10/2019 10:35,3412,-0.001464344,3417.4,
18/10/2019 10:40,3414,0.000585995,3416,
18/10/2019 10:45,3415,0.000292869,3415.2,
18/10/2019 10:50,3414,-0.000292869,3414.4,
18/10/2019 10:55,3414,0,3413.8,
18/10/2019 11:00,3413,-0.000292954,3414,
18/10/2019 11:05,3411,-0.000586166,3413.4,
18/10/2019 11:10,3414,0.000879121,3413.2,
18/10/2019 11:15,3414,0,3413.2,
18/10/2019 11:20,3414,0,3413.2,
18/10/2019 11:25,3413,-0.000292954,3413.2,
18/10/2019 11:30,3412,-0.00029304,3413.4,
18/10/2019 13:35,3411,-0.000293126,3412.8,
18/10/2019 13:40,3408,-0.000879894,3411.6,
18/10/2019 13:45,3409,0.000293384,3410.6,
18/10/2019 13:50,3409,0,3409.8,
18/10/2019 13:55,3412,0.000879636,3409.8,
18/10/2019 14:00,3411,-0.000293126,3409.8,
18/10/2019 14:05,3411,0,3410.4,
18/10/2019 14:10,3412,0.000293126,3411,
18/10/2019 14:15,3411,-0.000293126,3411.4,
18/10/2019 14:20,3413,0.000586166,3411.6,
18/10/2019 14:25,3416,0.000878606,3412.6,
18/10/2019 14:30,3424,0.002339182,3415.2,
18/10/2019 14:35,3421,-0.000876552,3417,
18/10/2019 14:40,3418,-0.000877321,3418.4,
18/10/2019 14:45,3417,-0.000292612,3419.2,
18/10/2019 14:50,3417,0,3419.4,
18/10/2019 14:55,3414,-0.000878349,3417.4,
18/10/2019 15:00,3419,0.001463486,3417,
18/10/2019 21:05,3409,-0.002929118,3415.2,
18/10/2019 21:10,3406,-0.000880411,3413,
18/10/2019 21:15,3407,0.000293556,3411,
18/10/2019 21:20,3411,0.001173365,3410.4,
18/10/2019 21:25,3409,-0.00058651,3408.4,
18/10/2019 21:30,3410,0.000293298,3408.6,
18/10/2019 21:35,3413,0.000879379,3410,
18/10/2019 21:40,3411,-0.000586166,3410.8,
18/10/2019 21:45,3409,-0.00058651,3410.4,
18/10/2019 21:50,3410,0.000293298,3410.6,
18/10/2019 21:55,3408,-0.000586682,3410.2,
18/10/2019 22:00,3409,0.000293384,3409.4,
18/10/2019 22:05,3405,-0.001174054,3408.2,
18/10/2019 22:10,3403,-0.000587544,3407,
18/10/2019 22:15,3403,0,3405.6,
18/10/2019 22:20,3405,0.000587544,3405,
18/10/2019 22:25,3404,-0.000293729,3404,
18/10/2019 22:30,3402,-0.000587717,3403.4,
18/10/2019 22:35,3401,-0.000293988,3403,
18/10/2019 22:40,3405,0.001175434,3403.4,
18/10/2019 22:45,3400,-0.001469508,3402.4,
18/10/2019 22:50,3403,0.000881964,3402.2,
18/10/2019 22:55,3406,0.000881187,3403,
18/10/2019 23:00,3409,0.000880411,3404.6,
21/10/2019 09:05,3409,0,3405.4,
21/10/2019 09:10,3421,0.003513913,3409.6,
21/10/2019 09:15,3427,0.001752337,3414.4,
21/10/2019 09:20,3427,0,3418.6,
21/10/2019 09:25,3434,0.00204052,3423.6,
21/10/2019 09:30,3432,-0.000582581,3428.2,
21/10/2019 09:35,3433,0.000291333,3430.6,
21/10/2019 09:40,3429,-0.001165841,3431,
21/10/2019 09:45,3432,0.000874508,3432,
21/10/2019 09:50,3433,0.000291333,3431.8,
21/10/2019 09:55,3430,-0.000874253,3431.4,
21/10/2019 10:00,3438,0.002329646,3432.4,
21/10/2019 10:05,3435,-0.000872981,3433.6,
21/10/2019 10:10,3436,0.000291078,3434.4,
21/10/2019 10:15,3435,-0.000291078,3434.8,
21/10/2019 10:30,3435,0,3435.8,
21/10/2019 10:35,3438,0.000872981,3435.8,
21/10/2019 10:40,3442,0.001162791,3437.2,
21/10/2019 10:45,3444,0.000580889,3438.8,
21/10/2019 10:50,3438,-0.00174368,3439.4,
21/10/2019 10:55,3437,-0.000290909,3439.8,
21/10/2019 11:00,3433,-0.001164483,3438.8,
21/10/2019 11:05,3428,-0.001457514,3436,
21/10/2019 11:10,3429,0.000291673,3433,
21/10/2019 11:15,3431,0.00058309,3431.6,
21/10/2019 11:20,3428,-0.000874763,3429.8,
21/10/2019 11:25,3427,-0.000291758,3428.6,
21/10/2019 11:30,3430,0.000875018,3429,
21/10/2019 13:35,3431,0.000291503,3429.4,
21/10/2019 13:40,3431,0,3429.4,
21/10/2019 13:45,3433,0.000582751,3430.4,
21/10/2019 13:50,3431,-0.000582751,3431.2,
21/10/2019 13:55,3425,-0.001750292,3430.2,
21/10/2019 14:00,3430,0.001458789,3430,
21/10/2019 14:05,3428,-0.00058326,3429.4,
21/10/2019 14:10,3429,0.000291673,3428.6,
21/10/2019 14:15,3432,0.000874508,3428.8,
21/10/2019 14:20,3435,0.000873744,3430.8,
21/10/2019 14:25,3435,0,3431.8,
21/10/2019 14:30,3434,-0.000291163,3433,
21/10/2019 14:35,3431,-0.000873999,3433.4,
21/10/2019 14:40,3431,0,3433.2,
21/10/2019 14:45,3431,0,3432.4,
21/10/2019 14:50,3429,-0.00058309,3431.2,
21/10/2019 14:55,3432,0.000874508,3430.8,
21/10/2019 15:00,3430,-0.00058292,3430.6,
21/10/2019 21:05,3437,0.002038737,3431.8,
21/10/2019 21:10,3427,-0.002913755,3431,
21/10/2019 21:15,3426,-0.000291843,3430.4,
21/10/2019 21:20,3430,0.001166861,3430,
21/10/2019 21:25,3428,-0.00058326,3429.6,
21/10/2019 21:30,3429,0.000291673,3428,
21/10/2019 21:35,3428,-0.000291673,3428.2,
21/10/2019 21:40,3428,0,3428.6,
21/10/2019 21:45,3428,0,3428.2,
21/10/2019 21:50,3427,-0.000291758,3428,
21/10/2019 21:55,3427,0,3427.6,
21/10/2019 22:00,3430,0.000875018,3428,
21/10/2019 22:05,3427,-0.000875018,3427.8,
21/10/2019 22:10,3427,0,3427.6,
21/10/2019 22:15,3427,0,3427.6,
21/10/2019 22:20,3427,0,3427.6,
21/10/2019 22:25,3426,-0.000291843,3426.8,
21/10/2019 22:30,3426,0,3426.6,
21/10/2019 22:35,3428,0.000583601,3426.8,
21/10/2019 22:40,3428,0,3427,
21/10/2019 22:45,3430,0.00058326,3427.6,
21/10/2019 22:50,3428,-0.00058326,3428,
21/10/2019 22:55,3425,-0.000875529,3427.8,
21/10/2019 23:00,3422,-0.000876296,3426.6,
22/10/2019 09:05,3417,-0.001462202,3424.4,
22/10/2019 09:10,3414,-0.000878349,3421.2,
22/10/2019 09:15,3408,-0.001759015,3417.2,
22/10/2019 09:20,3408,0,3413.8,
22/10/2019 09:25,3407,-0.00029347,3410.8,
22/10/2019 09:30,3404,-0.000880928,3408.2,
22/10/2019 09:35,3410,0.001761081,3407.4,
22/10/2019 09:40,3411,0.000293212,3408,
22/10/2019 09:45,3411,0,3408.6,
22/10/2019 09:50,3413,0.000586166,3409.8,
22/10/2019 09:55,3410,-0.000879379,3411,
22/10/2019 10:00,3409,-0.000293298,3410.8,
22/10/2019 10:05,3408,-0.000293384,3410.2,
22/10/2019 10:10,3407,-0.00029347,3409.4,
22/10/2019 10:15,3412,0.001466491,3409.2,
22/10/2019 10:30,3411,-0.000293126,3409.4,
22/10/2019 10:35,3409,-0.00058651,3409.4,
22/10/2019 10:40,3411,0.00058651,3410,
22/10/2019 10:45,3411,0,3410.8,
22/10/2019 10:50,3414,0.000879121,3411.2,
22/10/2019 10:55,3415,0.000292869,3412,
22/10/2019 11:00,3417,0.00058548,3413.6,
22/10/2019 11:05,3419,0.000585138,3415.2,
22/10/2019 11:10,3417,-0.000585138,3416.4,
22/10/2019 11:15,3417,0,3417,
22/10/2019 11:20,3416,-0.000292697,3417.2,
22/10/2019 11:25,3413,-0.000878606,3416.4,
22/10/2019 11:30,3414,0.000292954,3415.4,
22/10/2019 13:35,3415,0.000292869,3415,
22/10/2019 13:40,3411,-0.00117199,3413.8,
22/10/2019 13:45,3413,0.000586166,3413.2,
22/10/2019 13:50,3416,0.000878606,3413.8,
22/10/2019 13:55,3415,-0.000292783,3414,
22/10/2019 14:00,3420,0.001463058,3415,
22/10/2019 14:05,3420,0,3416.8,
22/10/2019 14:10,3418,-0.000584966,3417.8,
22/10/2019 14:15,3419,0.000292526,3418.4,
22/10/2019 14:20,3418,-0.000292526,3419,
22/10/2019 14:25,3419,0.000292526,3418.8,
22/10/2019 14:30,3427,0.002337132,3420.2,
22/10/2019 14:35,3425,-0.000583771,3421.6,
22/10/2019 14:40,3425,0,3422.8,
22/10/2019 14:45,3425,0,3424.2,
22/10/2019 14:50,3425,0,3425.4,
22/10/2019 14:55,3429,0.001167202,3425.8,
22/10/2019 15:00,3428,-0.000291673,3426.4,
22/10/2019 21:05,3412,-0.004678371,3423.8,
22/10/2019 21:10,3413,0.00029304,3421.4,
22/10/2019 21:15,3414,0.000292954,3419.2,
22/10/2019 21:20,3414,0,3416.2,
22/10/2019 21:25,3418,0.00117096,3414.2,
22/10/2019 21:30,3416,-0.000585309,3415,
22/10/2019 21:35,3418,0.000585309,3416,
22/10/2019 21:40,3419,0.000292526,3417,
22/10/2019 21:45,3416,-0.000877835,3417.4,
22/10/2019 21:50,3419,0.000877835,3417.6,
22/10/2019 21:55,3418,-0.000292526,3418,
22/10/2019 22:00,3418,0,3418,
22/10/2019 22:05,3413,-0.001463915,3416.8,
22/10/2019 22:10,3413,0,3416.2,
22/10/2019 22:15,3410,-0.000879379,3414.4,
22/10/2019 22:20,3411,0.000293212,3413,
22/10/2019 22:25,3409,-0.00058651,3411.2,
22/10/2019 22:30,3409,0,3410.4,
22/10/2019 22:35,3410,0.000293298,3409.8,
22/10/2019 22:40,3408,-0.000586682,3409.4,
22/10/2019 22:45,3403,-0.001468213,3407.8,
22/10/2019 22:50,3393,-0.00294291,3404.6,
22/10/2019 22:55,3391,-0.000589623,3401,
22/10/2019 23:00,3391,0,3397.2,
23/10/2019 09:05,3387,-0.001180289,3393,
23/10/2019 09:10,3377,-0.002956832,3387.8,
23/10/2019 09:15,3382,0.001479509,3385.6,
23/10/2019 09:20,3391,0.002657613,3385.6,
23/10/2019 09:25,3390,-0.000294942,3385.4,
23/10/2019 09:30,3387,-0.000885348,3385.4,
23/10/2019 09:35,3385,-0.000590667,3387,
23/10/2019 09:40,3390,0.001476015,3388.6,
23/10/2019 09:45,3386,-0.001180638,3387.6,
23/10/2019 09:50,3386,0,3386.8,
23/10/2019 09:55,3388,0.000590493,3387,
23/10/2019 10:00,3386,-0.000590493,3387.2,
23/10/2019 10:05,3386,0,3386.4,
23/10/2019 10:10,3392,0.001770434,3387.6,
23/10/2019 10:15,3394,0.000589449,3389.2,
23/10/2019 10:30,3394,0,3390.4,
23/10/2019 10:35,3394,0,3392,
23/10/2019 10:40,3393,-0.000294681,3393.4,
23/10/2019 10:45,3392,-0.000294768,3393.4,
23/10/2019 10:50,3392,0,3393,
23/10/2019 10:55,3392,0,3392.6,
23/10/2019 11:00,3391,-0.000294855,3392,
23/10/2019 11:05,3390,-0.000294942,3391.4,
23/10/2019 11:10,3388,-0.000590145,3390.6,
23/10/2019 11:15,3386,-0.000590493,3389.4,
23/10/2019 11:20,3386,0,3388.2,
23/10/2019 11:25,3390,0.001180638,3388,
23/10/2019 11:30,3386,-0.001180638,3387.2,
23/10/2019 13:35,3390,0.001180638,3387.6,
23/10/2019 13:40,3391,0.000294942,3388.6,
23/10/2019 13:45,3390,-0.000294942,3389.4,
23/10/2019 13:50,3390,0,3389.4,
23/10/2019 13:55,3391,0.000294942,3390.4,
23/10/2019 14:00,3388,-0.000885086,3390,
23/10/2019 14:05,3392,0.001179941,3390.2,
23/10/2019 14:10,3391,-0.000294855,3390.4,
23/10/2019 14:15,3392,0.000294855,3390.8,
23/10/2019 14:20,3391,-0.000294855,3390.8,
23/10/2019 14:25,3397,0.001767826,3392.6,
23/10/2019 14:30,3402,0.001470805,3394.6,
23/10/2019 14:35,3403,0.000293902,3397,
23/10/2019 14:40,3404,0.000293815,3399.4,
23/10/2019 14:45,3404,0,3402,
23/10/2019 14:50,3403,-0.000293815,3403.2,
23/10/2019 14:55,3405,0.000587544,3403.8,
23/10/2019 15:00,3407,0.000587199,3404.6,
23/10/2019 21:05,3404,-0.000880928,3404.6,
23/10/2019 21:10,3406,0.000587372,3405,
23/10/2019 21:15,3407,0.000293556,3405.8,
23/10/2019 21:20,3408,0.00029347,3406.4,
23/10/2019 21:25,3407,-0.00029347,3406.4,
23/10/2019 21:30,3406,-0.000293556,3406.8,
23/10/2019 21:35,3404,-0.000587372,3406.4,
23/10/2019 21:40,3402,-0.000587717,3405.4,
23/10/2019 21:45,3401,-0.000293988,3404,
23/10/2019 21:50,3401,0,3402.8,
23/10/2019 21:55,3400,-0.000294074,3401.6,
23/10/2019 22:00,3399,-0.000294161,3400.6,
23/10/2019 22:05,3400,0.000294161,3400.2,
23/10/2019 22:10,3401,0.000294074,3400.2,
23/10/2019 22:15,3400,-0.000294074,3400,
23/10/2019 22:20,3401,0.000294074,3400.2,
23/10/2019 22:25,3393,-0.00235502,3399,
23/10/2019 22:30,3394,0.000294681,3397.8,
23/10/2019 22:35,3396,0.000589102,3396.8,
23/10/2019 22:40,3395,-0.000294507,3395.8,
23/10/2019 22:45,3393,-0.000589275,3394.2,
23/10/2019 22:50,3394,0.000294681,3394.4,
23/10/2019 22:55,3394,0,3394.4,
23/10/2019 23:00,3399,0.001472104,3395,
24/10/2019 09:05,3400,0.000294161,3396,
24/10/2019 09:10,3397,-0.000882742,3396.8,
24/10/2019 09:15,3399,0.000588582,3397.8,
24/10/2019 09:20,3395,-0.00117751,3398,
24/10/2019 09:25,3393,-0.000589275,3396.8,
24/10/2019 09:30,3393,0,3395.4,
24/10/2019 09:35,3391,-0.000589623,3394.2,
24/10/2019 09:40,3389,-0.000589971,3392.2,
24/10/2019 09:45,3388,-0.000295116,3390.8,
24/10/2019 09:50,3390,0.000590145,3390.2,
24/10/2019 09:55,3389,-0.000295029,3389.4,
24/10/2019 10:00,3388,-0.000295116,3388.8,
24/10/2019 10:05,3388,0,3388.6,
24/10/2019 10:10,3389,0.000295116,3388.8,
24/10/2019 10:15,3391,0.000589971,3389,
24/10/2019 10:30,3392,0.000294855,3389.6,
24/10/2019 10:35,3394,0.000589449,3390.8,
24/10/2019 10:40,3395,0.000294594,3392.2,
24/10/2019 10:45,3399,0.00117751,3394.2,
24/10/2019 10:50,3398,-0.000294247,3395.6,
24/10/2019 10:55,3404,0.001764187,3398,
24/10/2019 11:00,3405,0.000293729,3400.2,
24/10/2019 11:05,3401,-0.001175434,3401.4,
24/10/2019 11:10,3400,-0.000294074,3401.6,
24/10/2019 11:15,3400,0,3402,
24/10/2019 11:20,3402,0.000588062,3401.6,
24/10/2019 11:25,3404,0.000587717,3401.4,
24/10/2019 11:30,3405,0.000293729,3402.2,
24/10/2019 13:35,3402,-0.000881446,3402.6,
24/10/2019 13:40,3398,-0.001176471,3402.2,
24/10/2019 13:45,3398,0,3401.4,
24/10/2019 13:50,3399,0.000294247,3400.4,
24/10/2019 13:55,3400,0.000294161,3399.4,
24/10/2019 14:00,3403,0.000881964,3399.6,
24/10/2019 14:05,3404,0.000293815,3400.8,
24/10/2019 14:10,3403,-0.000293815,3401.8,
24/10/2019 14:15,3403,0,3402.6,
24/10/2019 14:20,3399,-0.001176125,3402.4,
24/10/2019 14:25,3396,-0.000883002,3401,
24/10/2019 14:30,3396,0,3399.4,
24/10/2019 14:35,3397,0.000294421,3398.2,
24/10/2019 14:40,3394,-0.000883522,3396.4,
24/10/2019 14:45,3395,0.000294594,3395.6,
24/10/2019 14:50,3394,-0.000294594,3395.2,
24/10/2019 14:55,3390,-0.001179245,3394,
24/10/2019 15:00,3394,0.001179245,3393.4,
24/10/2019 21:05,3389,-0.001474274,3392.4,
24/10/2019 21:10,3393,0.001179593,3392,
24/10/2019 21:15,3390,-0.000884564,3391.2,
24/10/2019 21:20,3391,0.000294942,3391.4,
24/10/2019 21:25,3396,0.001473405,3391.8,
24/10/2019 21:30,3396,0,3393.2,
24/10/2019 21:35,3400,0.001177163,3394.6,
24/10/2019 21:40,3400,0,3396.6,
24/10/2019 21:45,3399,-0.000294161,3398.2,
24/10/2019 21:50,3396,-0.000883002,3398.2,
24/10/2019 21:55,3398,0.000588755,3398.6,
24/10/2019 22:00,3399,0.000294247,3398.4,
24/10/2019 22:05,3398,-0.000294247,3398,
24/10/2019 22:10,3400,0.000588408,3398.2,
24/10/2019 22:15,3401,0.000294074,3399.2,
24/10/2019 22:20,3403,0.000587889,3400.2,
24/10/2019 22:25,3404,0.000293815,3401.2,
24/10/2019 22:30,3404,0,3402.4,
24/10/2019 22:35,3403,-0.000293815,3403,
24/10/2019 22:40,3401,-0.000587889,3403,
24/10/2019 22:45,3403,0.000587889,3403,
24/10/2019 22:50,3403,0,3402.8,
24/10/2019 22:55,3403,0,3402.6,
24/10/2019 23:00,3401,-0.000587889,3402.2,
25/10/2019 09:05,3394,-0.002060339,3400.8,
25/10/2019 09:10,3399,0.001472104,3400,
25/10/2019 09:15,3400,0.000294161,3399.4,
25/10/2019 09:20,3396,-0.001177163,3398,
25/10/2019 09:25,3398,0.000588755,3397.4,
25/10/2019 09:30,3396,-0.000588755,3397.8,
25/10/2019 09:35,3394,-0.000589102,3396.8,
25/10/2019 09:40,3389,-0.001474274,3394.6,
25/10/2019 09:45,3389,0,3393.2,
25/10/2019 09:50,3392,0.000884825,3392,
25/10/2019 09:55,3389,-0.000884825,3390.6,
25/10/2019 10:00,3388,-0.000295116,3389.4,
25/10/2019 10:05,3388,0,3389.2,
25/10/2019 10:10,3390,0.000590145,3389.4,
25/10/2019 10:15,3389,-0.000295029,3388.8,
25/10/2019 10:30,3388,-0.000295116,3388.6,
25/10/2019 10:35,3389,0.000295116,3388.8,
25/10/2019 10:40,3388,-0.000295116,3388.8,
25/10/2019 10:45,3387,-0.000295203,3388.2,
25/10/2019 10:50,3392,0.001475144,3388.8,
25/10/2019 10:55,3392,0,3389.6,
25/10/2019 11:00,3391,-0.000294855,3390,
25/10/2019 11:05,3391,0,3390.6,
25/10/2019 11:10,3391,0,3391.4,
25/10/2019 11:15,3391,0,3391.2,
25/10/2019 11:20,3396,0.001473405,3392,
25/10/2019 11:25,3393,-0.000883783,3392.4,
25/10/2019 11:30,3394,0.000294681,3393,
25/10/2019 13:35,3396,0.000589102,3394,
25/10/2019 13:40,3396,0,3395,
25/10/2019 13:45,3401,0.001471238,3396,
25/10/2019 13:50,3411,0.002935997,3399.6,
25/10/2019 13:55,3410,-0.000293212,3402.8,
25/10/2019 14:00,3411,0.000293212,3405.8,
25/10/2019 14:05,3403,-0.002348108,3407.2,
25/10/2019 14:10,3405,0.000587544,3408,
25/10/2019 14:15,3407,0.000587199,3407.2,
25/10/2019 14:20,3406,-0.000293556,3406.4,
25/10/2019 14:25,3406,0,3405.4,
25/10/2019 14:30,3404,-0.000587372,3405.6,
25/10/2019 14:35,3401,-0.000881705,3404.8,
25/10/2019 14:40,3401,0,3403.6,
25/10/2019 14:45,3399,-0.000588235,3402.2,
25/10/2019 14:50,3400,0.000294161,3401,
25/10/2019 14:55,3397,-0.000882742,3399.6,
25/10/2019 15:00,3396,-0.000294421,3398.6,
25/10/2019 21:05,3403,0.002059127,3399,
25/10/2019 21:10,3402,-0.000293902,3399.6,
25/10/2019 21:15,3400,-0.000588062,3399.6,
25/10/2019 21:20,3398,-0.000588408,3399.8,
25/10/2019 21:25,3399,0.000294247,3400.4,
25/10/2019 21:30,3395,-0.00117751,3398.8,
25/10/2019 21:35,3396,0.000294507,3397.6,
25/10/2019 21:40,3394,-0.000589102,3396.4,
25/10/2019 21:45,3394,0,3395.6,
25/10/2019 21:50,3395,0.000294594,3394.8,
25/10/2019 21:55,3395,0,3394.8,
25/10/2019 22:00,3396,0.000294507,3394.8,
25/10/2019 22:05,3393,-0.000883783,3394.6,
25/10/2019 22:10,3391,-0.000589623,3394,
25/10/2019 22:15,3392,0.000294855,3393.4,
25/10/2019 22:20,3393,0.000294768,3393,
25/10/2019 22:25,3390,-0.000884564,3391.8,
25/10/2019 22:30,3391,0.000294942,3391.4,
25/10/2019 22:35,3388,-0.000885086,3390.8,
25/10/2019 22:40,3383,-0.001476887,3389,
25/10/2019 22:45,3387,0.001181684,3387.8,
25/10/2019 22:50,3384,-0.000886132,3386.6,
25/10/2019 22:55,3385,0.000295465,3385.4,
25/10/2019 23:00,3383,-0.000591017,3384.4,
28/10/2019 09:05,3372,-0.00325685,3382.2,
28/10/2019 09:10,3373,0.000296516,3379.4,
28/10/2019 09:15,3372,-0.000296516,3377,
28/10/2019 09:20,3363,-0.002672607,3372.6,
28/10/2019 09:25,3369,0.001782532,3369.8,
28/10/2019 09:30,3369,0,3369.2,
28/10/2019 09:35,3373,0.001186592,3369.2,
28/10/2019 09:40,3371,-0.00059312,3369,
28/10/2019 09:45,3372,0.000296604,3370.8,
28/10/2019 09:50,3371,-0.000296604,3371.2,
28/10/2019 09:55,3375,0.001185888,3372.4,
28/10/2019 10:00,3371,-0.001185888,3372,
28/10/2019 10:05,3372,0.000296604,3372.2,
28/10/2019 10:10,3375,0.000889284,3372.8,
28/10/2019 10:15,3373,-0.000592768,3373.2,
28/10/2019 10:35,3372,-0.000296516,3372.6,
28/10/2019 10:40,3373,0.000296516,3373,
28/10/2019 10:45,3375,0.000592768,3373.6,
28/10/2019 10:50,3376,0.000296252,3373.8,
28/10/2019 10:55,3375,-0.000296252,3374.2,
28/10/2019 11:00,3375,0,3374.8,
28/10/2019 11:05,3373,-0.000592768,3374.8,
28/10/2019 11:10,3372,-0.000296516,3374.2,
28/10/2019 11:15,3372,0,3373.4,
28/10/2019 11:20,3373,0.000296516,3373,
28/10/2019 11:25,3372,-0.000296516,3372.4,
28/10/2019 11:30,3373,0.000296516,3372.4,
28/10/2019 13:35,3371,-0.00059312,3372.2,
28/10/2019 13:40,3370,-0.000296692,3371.8,
28/10/2019 13:45,3372,0.000593296,3371.6,
28/10/2019 13:50,3371,-0.000296604,3371.4,
28/10/2019 13:55,3368,-0.00089034,3370.4,
28/10/2019 14:00,3368,0,3369.8,
28/10/2019 14:05,3370,0.000593648,3369.8,
28/10/2019 14:10,3370,0,3369.4,
28/10/2019 14:15,3371,0.000296692,3369.4,
28/10/2019 14:20,3370,-0.000296692,3369.8,
28/10/2019 14:25,3370,0,3370.2,
28/10/2019 14:30,3371,0.000296692,3370.4,
28/10/2019 14:35,3370,-0.000296692,3370.4,
28/10/2019 14:40,3369,-0.00029678,3370,
28/10/2019 14:45,3369,0,3369.8,
28/10/2019 14:50,3367,-0.000593824,3369.2,
28/10/2019 14:55,3370,0.000890604,3369,
28/10/2019 15:00,3372,0.000593296,3369.4,
28/10/2019 21:05,3370,-0.000593296,3369.6,
28/10/2019 21:10,3374,0.00118624,3370.6,
28/10/2019 21:15,3374,0,3372,
28/10/2019 21:20,3376,0.000592593,3373.2,
28/10/2019 21:25,3375,-0.000296252,3373.8,
28/10/2019 21:30,3380,0.001480385,3375.8,
28/10/2019 21:35,3379,-0.000295902,3376.8,
28/10/2019 21:40,3378,-0.000295989,3377.6,
28/10/2019 21:45,3383,0.001479071,3379,
28/10/2019 21:50,3381,-0.000591366,3380.2,
28/10/2019 21:55,3383,0.000591366,3380.8,
28/10/2019 22:00,3379,-0.001183082,3380.8,
28/10/2019 22:05,3379,0,3381,
28/10/2019 22:10,3379,0,3380.2,
28/10/2019 22:15,3381,0.000591716,3380.2,
28/10/2019 22:20,3379,-0.000591716,3379.4,
28/10/2019 22:25,3382,0.000887443,3380,
28/10/2019 22:30,3383,0.000295639,3380.8,
28/10/2019 22:35,3383,0,3381.6,
28/10/2019 22:40,3384,0.000295552,3382.2,
28/10/2019 22:45,3383,-0.000295552,3383,
28/10/2019 22:50,3383,0,3383.2,
28/10/2019 22:55,3387,0.001181684,3384,
28/10/2019 23:00,3386,-0.00029529,3384.6,
29/10/2019 09:05,3382,-0.001182033,3384.2,
29/10/2019 09:10,3390,0.002362671,3385.6,
29/10/2019 09:15,3390,0,3387,
29/10/2019 09:20,3392,0.000589797,3388,
29/10/2019 09:25,3388,-0.001179941,3388.4,
29/10/2019 09:30,3390,0.000590145,3390,
29/10/2019 09:35,3392,0.000589797,3390.4,
29/10/2019 09:40,3393,0.000294768,3391,
29/10/2019 09:45,3397,0.001178203,3392,
29/10/2019 09:50,3399,0.000588582,3394.2,
29/10/2019 09:55,3397,-0.000588582,3395.6,
29/10/2019 10:00,3401,0.001176817,3397.4,
29/10/2019 10:05,3398,-0.000882483,3398.4,
29/10/2019 10:10,3401,0.000882483,3399.2,
29/10/2019 10:15,3399,-0.000588235,3399.2,
29/10/2019 10:30,3399,0,3399.6,
29/10/2019 10:35,3400,0.000294161,3399.4,
29/10/2019 10:40,3400,0,3399.8,
29/10/2019 10:45,3400,0,3399.6,
29/10/2019 10:50,3403,0.000881964,3400.4,
29/10/2019 10:55,3402,-0.000293902,3401,
29/10/2019 11:00,3403,0.000293902,3401.6,
29/10/2019 11:05,3398,-0.001470372,3401.2,
29/10/2019 11:10,3399,0.000294247,3401,
29/10/2019 11:15,3397,-0.000588582,3399.8,
29/10/2019 11:20,3397,0,3398.8,
29/10/2019 11:25,3396,-0.000294421,3397.4,
29/10/2019 11:30,3395,-0.000294507,3396.8,
29/10/2019 13:35,3396,0.000294507,3396.2,
29/10/2019 13:40,3395,-0.000294507,3395.8,
29/10/2019 13:45,3397,0.000588928,3395.8,
29/10/2019 13:50,3394,-0.000883522,3395.4,
29/10/2019 13:55,3393,-0.000294681,3395,
29/10/2019 14:00,3387,-0.001769912,3393.2,
29/10/2019 14:05,3387,0,3391.6,
29/10/2019 14:10,3387,0,3389.6,
29/10/2019 14:15,3388,0.000295203,3388.4,
29/10/2019 14:20,3388,0,3387.4,
29/10/2019 14:25,3387,-0.000295203,3387.4,
29/10/2019 14:30,3387,0,3387.4,
29/10/2019 14:35,3386,-0.00029529,3387.2,
29/10/2019 14:40,3386,0,3386.8,
29/10/2019 14:45,3386,0,3386.4,
29/10/2019 14:50,3387,0.00029529,3386.4,
29/10/2019 14:55,3386,-0.00029529,3386.2,
29/10/2019 15:00,3379,-0.002069476,3384.8,
29/10/2019 21:05,3384,0.001478634,3384.4,
29/10/2019 21:10,3386,0.000590842,3384.4,
29/10/2019 21:15,3385,-0.000295377,3384,
29/10/2019 21:20,3386,0.000295377,3384,
29/10/2019 21:25,3385,-0.000295377,3385.2,
29/10/2019 21:30,3385,0,3385.4,
29/10/2019 21:35,3387,0.000590667,3385.6,
29/10/2019 21:40,3386,-0.00029529,3385.8,
29/10/2019 21:45,3387,0.00029529,3386,
29/10/2019 21:50,3391,0.001180289,3387.2,
29/10/2019 21:55,3392,0.000294855,3388.6,
29/10/2019 22:00,3392,0,3389.6,
29/10/2019 22:05,3392,0,3390.8,
29/10/2019 22:10,3390,-0.000589797,3391.4,
29/10/2019 22:15,3391,0.000294942,3391.4,
29/10/2019 22:20,3391,0,3391.2,
29/10/2019 22:25,3393,0.000589623,3391.4,
29/10/2019 22:30,3395,0.000589275,3392,
29/10/2019 22:35,3392,-0.000884043,3392.4,
29/10/2019 22:40,3392,0,3392.6,
29/10/2019 22:45,3392,0,3392.8,
29/10/2019 22:50,3391,-0.000294855,3392.4,
29/10/2019 22:55,3389,-0.000589971,3391.2,
29/10/2019 23:00,3390,0.000295029,3390.8,
30/10/2019 09:05,3396,0.001768347,3391.6,
30/10/2019 09:10,3396,0,3392.4,
30/10/2019 09:15,3398,0.000588755,3393.8,
30/10/2019 09:20,3395,-0.000883262,3395,
30/10/2019 09:25,3394,-0.000294594,3395.8,
30/10/2019 09:30,3399,0.001472104,3396.4,
30/10/2019 09:35,3394,-0.001472104,3396,
30/10/2019 09:40,3392,-0.000589449,3394.8,
30/10/2019 09:45,3394,0.000589449,3394.6,
30/10/2019 09:50,3392,-0.000589449,3394.2,
30/10/2019 09:55,3393,0.000294768,3393,
30/10/2019 10:00,3395,0.000589275,3393.2,
30/10/2019 10:05,3394,-0.000294594,3393.6,
30/10/2019 10:10,3393,-0.000294681,3393.4,
30/10/2019 10:15,3392,-0.000294768,3393.4,
30/10/2019 10:30,3392,0,3393.2,
30/10/2019 10:35,3397,0.001472971,3393.6,
30/10/2019 10:40,3396,-0.000294421,3394,
30/10/2019 10:45,3397,0.000294421,3394.8,
30/10/2019 10:50,3398,0.000294334,3396,
30/10/2019 10:55,3398,0,3397.2,
30/10/2019 11:00,3398,0,3397.4,
30/10/2019 11:05,3396,-0.000588755,3397.4,
30/10/2019 11:10,3393,-0.000883783,3396.6,
30/10/2019 11:15,3391,-0.000589623,3395.2,
30/10/2019 11:20,3392,0.000294855,3394,
30/10/2019 11:25,3392,0,3392.8,
30/10/2019 11:30,3391,-0.000294855,3391.8,
30/10/2019 13:35,3393,0.000589623,3391.8,
30/10/2019 13:40,3393,0,3392.2,
30/10/2019 13:45,3395,0.000589275,3392.8,
30/10/2019 13:50,3396,0.000294507,3393.6,
30/10/2019 13:55,3394,-0.000589102,3394.2,
30/10/2019 14:00,3391,-0.000884304,3393.8,
30/10/2019 14:05,3393,0.000589623,3393.8,
30/10/2019 14:10,3393,0,3393.4,
30/10/2019 14:15,3395,0.000589275,3393.2,
30/10/2019 14:20,3393,-0.000589275,3393,
30/10/2019 14:25,3394,0.000294681,3393.6,
30/10/2019 14:30,3392,-0.000589449,3393.4,
30/10/2019 14:35,3392,0,3393.2,
30/10/2019 14:40,3390,-0.000589797,3392.2,
30/10/2019 14:45,3388,-0.000590145,3391.2,
30/10/2019 14:50,3388,0,3390,
30/10/2019 14:55,3388,0,3389.2,
30/10/2019 15:00,3390,0.000590145,3388.8,
31/10/2019 09:05,3394,0.001179245,3389.6,
31/10/2019 09:10,3395,0.000294594,3391,
31/10/2019 09:15,3397,0.000588928,3392.8,
31/10/2019 09:20,3396,-0.000294421,3394.4,
31/10/2019 09:25,3393,-0.000883783,3395,
31/10/2019 09:30,3392,-0.000294768,3394.6,
31/10/2019 09:35,3391,-0.000294855,3393.8,
31/10/2019 09:40,3391,0,3392.6,
31/10/2019 09:45,3392,0.000294855,3391.8,
31/10/2019 09:50,3391,-0.000294855,3391.4,
31/10/2019 09:55,3394,0.000884304,3391.8,
31/10/2019 10:00,3393,-0.000294681,3392.2,
31/10/2019 10:05,3394,0.000294681,3392.8,
31/10/2019 10:10,3394,0,3393.2,
31/10/2019 10:15,3392,-0.000589449,3393.4,
31/10/2019 10:35,3391,-0.000294855,3392.8,
31/10/2019 10:40,3393,0.000589623,3392.8,
31/10/2019 10:45,3396,0.000883783,3393.2,
31/10/2019 10:50,3395,-0.000294507,3393.4,
31/10/2019 10:55,3394,-0.000294594,3393.8,
31/10/2019 11:00,3394,0,3394.4,
31/10/2019 11:05,3393,-0.000294681,3394.4,
31/10/2019 11:10,3393,0,3393.8,
31/10/2019 11:15,3393,0,3393.4,
31/10/2019 11:20,3393,0,3393.2,
31/10/2019 11:25,3393,0,3393,
31/10/2019 11:30,3394,0.000294681,3393.2,
31/10/2019 13:35,3395,0.000294594,3393.6,
31/10/2019 13:40,3394,-0.000294594,3393.8,
31/10/2019 13:45,3395,0.000294594,3394.2,
31/10/2019 13:50,3394,-0.000294594,3394.4,
31/10/2019 13:55,3395,0.000294594,3394.6,
31/10/2019 14:00,3396,0.000294507,3394.8,
31/10/2019 14:05,3395,-0.000294507,3395,
31/10/2019 14:10,3395,0,3395,
31/10/2019 14:15,3394,-0.000294594,3395,
31/10/2019 14:20,3391,-0.000884304,3394.2,
31/10/2019 14:25,3388,-0.000885086,3392.6,
31/10/2019 14:30,3390,0.000590145,3391.6,
31/10/2019 14:35,3387,-0.000885348,3390,
31/10/2019 14:40,3388,0.000295203,3388.8,
31/10/2019 14:45,3387,-0.000295203,3388,
31/10/2019 14:50,3389,0.000590319,3388.2,
31/10/2019 14:55,3393,0.001179593,3388.8,
31/10/2019 15:00,3392,-0.000294768,3389.8,
31/10/2019 21:05,3393,0.000294768,3390.8,
31/10/2019 21:10,3393,0,3392,
31/10/2019 21:15,3392,-0.000294768,3392.6,
31/10/2019 21:20,3395,0.000884043,3393,
31/10/2019 21:25,3396,0.000294507,3393.8,
31/10/2019 21:30,3395,-0.000294507,3394.2,
31/10/2019 21:35,3395,0,3394.6,
31/10/2019 21:40,3396,0.000294507,3395.4,
31/10/2019 21:45,3394,-0.000589102,3395.2,
31/10/2019 21:50,3391,-0.000884304,3394.2,
31/10/2019 21:55,3390,-0.000294942,3393.2,
31/10/2019 22:00,3388,-0.000590145,3391.8,
31/10/2019 22:05,3386,-0.000590493,3389.8,
31/10/2019 22:10,3387,0.00029529,3388.4,
31/10/2019 22:15,3384,-0.000886132,3387,
31/10/2019 22:20,3383,-0.000295552,3385.6,
31/10/2019 22:25,3380,-0.00088718,3384,
31/10/2019 22:30,3381,0.000295814,3383,
31/10/2019 22:35,3380,-0.000295814,3381.6,
31/10/2019 22:40,3380,0,3380.8,
31/10/2019 22:45,3374,-0.001776725,3379,
31/10/2019 22:50,3380,0.001776725,3379,
31/10/2019 22:55,3381,0.000295814,3379,
31/10/2019 23:00,3379,-0.000591716,3378.8,
31/10/2019 23:05,3378,-0.000295989,3378.4,
01/11/2019 09:05,3383,0.001479071,3380.2,
01/11/2019 09:10,3381,-0.000591366,3380.4,
01/11/2019 09:15,3378,-0.000887705,3379.8,
01/11/2019 09:20,3378,0,3379.6,
01/11/2019 09:25,3377,-0.000296077,3379.4,
01/11/2019 09:30,3375,-0.000592417,3377.8,
01/11/2019 09:35,3376,0.000296252,3376.8,
01/11/2019 09:40,3378,0.000592242,3376.8,
01/11/2019 09:45,3380,0.000591891,3377.2,
01/11/2019 09:50,3378,-0.000591891,3377.4,
01/11/2019 09:55,3380,0.000591891,3378.4,
01/11/2019 10:00,3379,-0.000295902,3379,
01/11/2019 10:05,3384,0.001478634,3380.2,
01/11/2019 10:10,3391,0.002066421,3382.4,
01/11/2019 10:15,3392,0.000294855,3385.2,
01/11/2019 10:20,3392,0,3387.6,
01/11/2019 10:35,3390,-0.000589797,3389.8,
01/11/2019 10:40,3391,0.000294942,3391.2,
01/11/2019 10:45,3387,-0.001180289,3390.4,
01/11/2019 10:50,3389,0.000590319,3389.8,
01/11/2019 10:55,3389,0,3389.2,
01/11/2019 11:00,3391,0.000589971,3389.4,
01/11/2019 11:05,3389,-0.000589971,3389,
01/11/2019 11:10,3389,0,3389.4,
01/11/2019 11:15,3390,0.000295029,3389.6,
01/11/2019 11:20,3390,0,3389.8,
01/11/2019 11:25,3390,0,3389.6,
01/11/2019 11:30,3392,0.000589797,3390.2,
01/11/2019 13:35,3391,-0.000294855,3390.6,
01/11/2019 13:40,3393,0.000589623,3391.2,
01/11/2019 13:45,3395,0.000589275,3392.2,
01/11/2019 13:50,3395,0,3393.2,
01/11/2019 13:55,3394,-0.000294594,3393.6,
01/11/2019 14:00,3394,0,3394.2,
01/11/2019 14:05,3396,0.000589102,3394.8,
01/11/2019 14:10,3397,0.000294421,3395.2,
01/11/2019 14:15,3398,0.000294334,3395.8,
01/11/2019 14:20,3398,0,3396.6,
01/11/2019 14:25,3398,0,3397.4,
01/11/2019 14:30,3402,0.001176471,3398.6,
01/11/2019 14:35,3395,-0.002059733,3398.2,
01/11/2019 14:40,3393,-0.000589275,3397.2,
01/11/2019 14:45,3395,0.000589275,3396.6,
01/11/2019 14:50,3396,0.000294507,3396.2,
01/11/2019 14:55,3394,-0.000589102,3394.6,
01/11/2019 15:00,3394,0,3394.4,
01/11/2019 21:05,3393,-0.000294681,3394.4,
01/11/2019 21:10,3395,0.000589275,3394.4,
01/11/2019 21:15,3394,-0.000294594,3394,
01/11/2019 21:20,3394,0,3394,
01/11/2019 21:25,3394,0,3394,
01/11/2019 21:30,3394,0,3394.2,
01/11/2019 21:35,3395,0.000294594,3394.2,
01/11/2019 21:40,3395,0,3394.4,
01/11/2019 21:45,3393,-0.000589275,3394.2,
01/11/2019 21:50,3394,0.000294681,3394.2,
01/11/2019 21:55,3394,0,3394.2,
01/11/2019 22:00,3393,-0.000294681,3393.8,
01/11/2019 22:05,3393,0,3393.4,
01/11/2019 22:10,3393,0,3393.4,
01/11/2019 22:15,3395,0.000589275,3393.6,
01/11/2019 22:20,3394,-0.000294594,3393.6,
01/11/2019 22:25,3395,0.000294594,3394,
01/11/2019 22:30,3392,-0.000884043,3393.8,
01/11/2019 22:35,3392,0,3393.6,
01/11/2019 22:40,3391,-0.000294855,3392.8,
01/11/2019 22:45,3391,0,3392.2,
01/11/2019 22:50,3392,0.000294855,3391.6,
01/11/2019 22:55,3391,-0.000294855,3391.4,
01/11/2019 23:00,3393,0.000589623,3391.6,
01/11/2019 23:05,3392,-0.000294768,3391.8,
04/11/2019 09:05,3394,0.000589449,3392.4,
04/11/2019 09:10,3390,-0.001179245,3392,
04/11/2019 09:15,3387,-0.000885348,3391.2,
04/11/2019 09:20,3379,-0.002364766,3388.4,
04/11/2019 09:25,3378,-0.000295989,3385.6,
04/11/2019 09:30,3376,-0.000592242,3382,
04/11/2019 09:35,3377,0.000296165,3379.4,
04/11/2019 09:40,3377,0,3377.4,
04/11/2019 09:45,3374,-0.000888757,3376.4,
04/11/2019 09:50,3374,0,3375.6,
04/11/2019 09:55,3374,0,3375.2,
04/11/2019 10:00,3375,0.00029634,3374.8,
04/11/2019 10:05,3377,0.000592417,3374.8,
04/11/2019 10:10,3376,-0.000296165,3375.2,
04/11/2019 10:15,3376,0,3375.6,
04/11/2019 10:30,3376,0,3376,
04/11/2019 10:35,3375,-0.000296252,3376,
04/11/2019 10:40,3376,0.000296252,3375.8,
04/11/2019 10:45,3379,0.000888231,3376.4,
04/11/2019 10:50,3378,-0.000295989,3376.8,
04/11/2019 10:55,3378,0,3377.2,
04/11/2019 11:00,3380,0.000591891,3378.2,
04/11/2019 11:05,3378,-0.000591891,3378.6,
04/11/2019 11:10,3378,0,3378.4,
04/11/2019 11:15,3385,0.002070088,3379.8,
04/11/2019 11:20,3389,0.001180986,3382,
04/11/2019 11:25,3388,-0.000295116,3383.6,
04/11/2019 11:30,3389,0.000295116,3385.8,
04/11/2019 13:35,3388,-0.000295116,3387.8,
04/11/2019 13:40,3387,-0.000295203,3388.2,
04/11/2019 13:45,3387,0,3387.8,
04/11/2019 13:50,3386,-0.00029529,3387.4,
04/11/2019 13:55,3386,0,3386.8,
04/11/2019 14:00,3388,0.000590493,3386.8,
04/11/2019 14:05,3386,-0.000590493,3386.6,
04/11/2019 14:10,3386,0,3386.4,
04/11/2019 14:15,3384,-0.000590842,3386,
04/11/2019 14:20,3383,-0.000295552,3385.4,
04/11/2019 14:25,3383,0,3384.4,
04/11/2019 14:30,3383,0,3383.8,
04/11/2019 14:35,3382,-0.000295639,3383,
04/11/2019 14:40,3384,0.000591191,3383,
04/11/2019 14:45,3386,0.000590842,3383.6,
04/11/2019 14:50,3382,-0.001182033,3383.4,
04/11/2019 14:55,3382,0,3383.2,
04/11/2019 15:00,3389,0.002067642,3384.6,
04/11/2019 21:05,3390,0.000295029,3385.8,
04/11/2019 21:10,3390,0,3386.6,
04/11/2019 21:15,3391,0.000294942,3388.4,
04/11/2019 21:20,3391,0,3390.2,
04/11/2019 21:25,3390,-0.000294942,3390.4,
04/11/2019 21:30,3390,0,3390.4,
04/11/2019 21:35,3391,0.000294942,3390.6,
04/11/2019 21:40,3391,0,3390.6,
04/11/2019 21:45,3390,-0.000294942,3390.4,
04/11/2019 21:50,3390,0,3390.4,
04/11/2019 21:55,3389,-0.000295029,3390.2,
04/11/2019 22:00,3389,0,3389.8,
04/11/2019 22:05,3388,-0.000295116,3389.2,
04/11/2019 22:10,3389,0.000295116,3389,
04/11/2019 22:15,3387,-0.000590319,3388.4,
04/11/2019 22:20,3390,0.000885348,3388.6,
04/11/2019 22:25,3392,0.000589797,3389.2,
04/11/2019 22:30,3389,-0.000884825,3389.4,
04/11/2019 22:35,3390,0.000295029,3389.6,
04/11/2019 22:40,3391,0.000294942,3390.4,
04/11/2019 22:45,3391,0,3390.6,
04/11/2019 22:50,3392,0.000294855,3390.6,
04/11/2019 22:55,3392,0,3391.2,
04/11/2019 23:00,3386,-0.001770434,3390.4,
05/11/2019 09:05,3384,-0.000590842,3389,
05/11/2019 09:10,3388,0.001181335,3388.4,
05/11/2019 09:15,3390,0.000590145,3388,
05/11/2019 09:20,3393,0.000884564,3388.2,
05/11/2019 09:25,3389,-0.001179593,3388.8,
05/11/2019 09:30,3387,-0.000590319,3389.4,
05/11/2019 09:35,3387,0,3389.2,
05/11/2019 09:40,3387,0,3388.6,
05/11/2019 09:45,3386,-0.00029529,3387.2,
05/11/2019 09:50,3382,-0.001182033,3385.8,
05/11/2019 09:55,3383,0.000295639,3385,
05/11/2019 10:00,3379,-0.001183082,3383.4,
05/11/2019 10:05,3379,0,3381.8,
05/11/2019 10:10,3379,0,3380.4,
05/11/2019 10:15,3380,0.000295902,3380,
05/11/2019 10:30,3379,-0.000295902,3379.2,
05/11/2019 10:35,3379,0,3379.2,
05/11/2019 10:40,3378,-0.000295989,3379,
05/11/2019 10:45,3377,-0.000296077,3378.6,
05/11/2019 10:50,3378,0.000296077,3378.2,
05/11/2019 10:55,3377,-0.000296077,3377.8,
05/11/2019 11:00,3376,-0.000296165,3377.2,
05/11/2019 11:05,3373,-0.000889021,3376.2,
05/11/2019 11:10,3375,0.000592768,3375.8,
05/11/2019 11:15,3372,-0.000889284,3374.6,
05/11/2019 11:20,3373,0.000296516,3373.8,
05/11/2019 11:25,3378,0.001481262,3374.2,
05/11/2019 11:30,3381,0.000887705,3375.8,
05/11/2019 13:35,3377,-0.001183782,3376.2,
05/11/2019 13:40,3377,0,3377.2,
05/11/2019 13:45,3376,-0.000296165,3377.8,
05/11/2019 13:50,3382,0.001775674,3378.6,
05/11/2019 13:55,3383,0.000295639,3379,
05/11/2019 14:00,3385,0.000591017,3380.6,
05/11/2019 14:05,3385,0,3382.2,
05/11/2019 14:10,3386,0.000295377,3384.2,
05/11/2019 14:15,3386,0,3385,
05/11/2019 14:20,3385,-0.000295377,3385.4,
05/11/2019 14:25,3385,0,3385.4,
05/11/2019 14:30,3385,0,3385.4,
05/11/2019 14:35,3387,0.000590667,3385.6,
05/11/2019 14:40,3387,0,3385.8,
05/11/2019 14:45,3387,0,3386.2,
05/11/2019 14:50,3388,0.000295203,3386.8,
05/11/2019 14:55,3386,-0.000590493,3387,
05/11/2019 15:00,3388,0.000590493,3387.2,
05/11/2019 21:05,3375,-0.003844452,3384.8,
05/11/2019 21:10,3377,0.000592417,3382.8,
05/11/2019 21:15,3375,-0.000592417,3380.2,
05/11/2019 21:20,3378,0.000888494,3378.6,
05/11/2019 21:25,3377,-0.000296077,3376.4,
05/11/2019 21:30,3378,0.000296077,3377,
05/11/2019 21:35,3380,0.000591891,3377.6,
05/11/2019 21:40,3380,0,3378.6,
05/11/2019 21:45,3377,-0.000887968,3378.4,
05/11/2019 21:50,3378,0.000296077,3378.6,
05/11/2019 21:55,3379,0.000295989,3378.8,
05/11/2019 22:00,3376,-0.000888231,3378,
05/11/2019 22:05,3376,0,3377.2,
05/11/2019 22:10,3377,0.000296165,3377.2,
05/11/2019 22:15,3377,0,3377,
05/11/2019 22:20,3377,0,3376.6,
05/11/2019 22:25,3377,0,3376.8,
05/11/2019 22:30,3375,-0.000592417,3376.6,
05/11/2019 22:35,3371,-0.001185888,3375.4,
05/11/2019 22:40,3370,-0.000296692,3374,
05/11/2019 22:45,3369,-0.00029678,3372.4,
05/11/2019 22:50,3370,0.00029678,3371,
05/11/2019 22:55,3368,-0.000593648,3369.6,
05/11/2019 23:00,3366,-0.000594001,3368.6,
06/11/2019 09:05,3362,-0.001189061,3367,
06/11/2019 09:10,3355,-0.002084265,3364.2,
06/11/2019 09:15,3352,-0.000894588,3360.6,
06/11/2019 09:20,3355,0.000894588,3358,
06/11/2019 09:25,3345,-0.002985077,3353.8,
06/11/2019 09:30,3350,0.001493652,3351.4,
06/11/2019 09:35,3341,-0.002690182,3348.6,
06/11/2019 09:40,3338,-0.000898338,3345.8,
06/11/2019 09:45,3347,0.002692597,3344.2,
06/11/2019 09:50,3357,0.002983296,3346.6,
06/11/2019 09:55,3353,-0.001192251,3347.2,
06/11/2019 10:00,3340,-0.00388466,3347,
06/11/2019 10:05,3340,0,3347.4,
06/11/2019 10:10,3341,0.000299356,3346.2,
06/11/2019 10:15,3343,0.000598444,3343.4,
06/11/2019 10:30,3346,0.000896995,3342,
06/11/2019 10:35,3352,0.00179158,3344.4,
06/11/2019 10:40,3359,0.002086128,3348.2,
06/11/2019 10:45,3359,0,3351.8,
06/11/2019 10:50,3360,0.000297663,3355.2,
06/11/2019 10:55,3364,0.001189768,3358.8,
06/11/2019 11:00,3363,-0.000297309,3361,
06/11/2019 11:05,3366,0.000891663,3362.4,
06/11/2019 11:10,3367,0.000297044,3364,
06/11/2019 11:15,3372,0.0014839,3366.4,
06/11/2019 11:20,3377,0.001481701,3369,
06/11/2019 11:25,3379,0.000592066,3372.2,
06/11/2019 11:30,3381,0.000591716,3375.2,
06/11/2019 13:35,3383,0.000591366,3378.4,
06/11/2019 13:40,3389,0.001772003,3381.8,
06/11/2019 13:45,3393,0.001179593,3385,
06/11/2019 13:50,3388,-0.001474709,3386.8,
06/11/2019 13:55,3384,-0.001181335,3387.4,
06/11/2019 14:00,3387,0.000886132,3388.2,
06/11/2019 14:05,3391,0.001180289,3388.6,
06/11/2019 14:10,3390,-0.000294942,3388,
06/11/2019 14:15,3386,-0.001180638,3387.6,
06/11/2019 14:20,3386,0,3388,
06/11/2019 14:25,3384,-0.000590842,3387.4,
06/11/2019 14:30,3387,0.000886132,3386.6,
06/11/2019 14:35,3392,0.001475144,3387,
06/11/2019 14:40,3393,0.000294768,3388.4,
06/11/2019 14:45,3388,-0.001474709,3388.8,
06/11/2019 14:50,3388,0,3389.6,
06/11/2019 14:55,3387,-0.000295203,3389.6,
06/11/2019 15:00,3390,0.000885348,3389.2,
06/11/2019 21:05,3403,0.003827474,3391.2,
06/11/2019 21:10,3411,0.002348108,3395.8,
06/11/2019 21:15,3394,-0.004996337,3397,
06/11/2019 21:20,3391,-0.000884304,3397.8,
06/11/2019 21:25,3394,0.000884304,3398.6,
06/11/2019 21:30,3395,0.000294594,3397,
06/11/2019 21:35,3391,-0.001178898,3393,
06/11/2019 21:40,3391,0,3392.4,
06/11/2019 21:45,3391,0,3392.4,
06/11/2019 21:50,3390,-0.000294942,3391.6,
06/11/2019 21:55,3393,0.000884564,3391.2,
06/11/2019 22:00,3395,0.000589275,3392,
06/11/2019 22:05,3391,-0.001178898,3392,
06/11/2019 22:10,3392,0.000294855,3392.2,
06/11/2019 22:15,3391,-0.000294855,3392.4,
06/11/2019 22:20,3391,0,3392,
06/11/2019 22:25,3390,-0.000294942,3391,
06/11/2019 22:30,3389,-0.000295029,3390.6,
06/11/2019 22:35,3387,-0.000590319,3389.6,
06/11/2019 22:40,3389,0.000590319,3389.2,
06/11/2019 22:45,3392,0.000884825,3389.4,
06/11/2019 22:50,3390,-0.000589797,3389.4,
06/11/2019 22:55,3389,-0.000295029,3389.4,
06/11/2019 23:00,3387,-0.000590319,3389.4,
07/11/2019 09:05,3389,0.000590319,3389.4,
07/11/2019 09:10,3394,0.001474274,3389.8,
07/11/2019 09:15,3396,0.000589102,3391,
07/11/2019 09:20,3395,-0.000294507,3392.2,
07/11/2019 09:25,3399,0.00117751,3394.6,
07/11/2019 09:30,3406,0.002057312,3398,
07/11/2019 09:35,3411,0.001466921,3401.4,
07/11/2019 09:40,3400,-0.003230072,3402.2,
07/11/2019 09:45,3399,-0.000294161,3403,
07/11/2019 09:50,3400,0.000294161,3403.2,
07/11/2019 09:55,3397,-0.000882742,3401.4,
07/11/2019 10:00,3399,0.000588582,3399,
07/11/2019 10:05,3400,0.000294161,3399,
07/11/2019 10:10,3400,0,3399.2,
07/11/2019 10:15,3398,-0.000588408,3398.8,
07/11/2019 10:35,3398,0,3399,
07/11/2019 10:40,3402,0.001176471,3399.6,
07/11/2019 10:45,3406,0.001175088,3400.8,
07/11/2019 10:50,3403,-0.000881187,3401.4,
07/11/2019 10:55,3404,0.000293815,3402.6,
07/11/2019 11:00,3406,0.000587372,3404.2,
07/11/2019 11:05,3404,-0.000587372,3404.6,
07/11/2019 11:10,3397,-0.002058522,3402.8,
07/11/2019 11:15,3396,-0.000294421,3401.4,
07/11/2019 11:20,3395,-0.000294507,3399.6,
07/11/2019 11:25,3395,0,3397.4,
07/11/2019 11:30,3399,0.00117751,3396.4,
07/11/2019 13:35,3398,-0.000294247,3396.6,
07/11/2019 13:40,3394,-0.001177856,3396.2,
07/11/2019 13:45,3392,-0.000589449,3395.6,
07/11/2019 13:50,3392,0,3395,
07/11/2019 13:55,3390,-0.000589797,3393.2,
07/11/2019 14:00,3392,0.000589797,3392,
07/11/2019 14:05,3394,0.000589449,3392,
07/11/2019 14:10,3393,-0.000294681,3392.2,
07/11/2019 14:15,3393,0,3392.4,
07/11/2019 14:20,3393,0,3393,
07/11/2019 14:25,3390,-0.000884564,3392.6,
07/11/2019 14:30,3388,-0.000590145,3391.4,
07/11/2019 14:35,3387,-0.000295203,3390.2,
07/11/2019 14:40,3395,0.002359187,3390.6,
07/11/2019 14:45,3393,-0.000589275,3390.6,
07/11/2019 14:50,3392,-0.000294768,3391,
07/11/2019 14:55,3393,0.000294768,3392,
07/11/2019 15:00,3385,-0.002360579,3391.6,
07/11/2019 21:05,3378,-0.002070088,3388.2,
07/11/2019 21:10,3377,-0.000296077,3385,
07/11/2019 21:15,3379,0.000592066,3382.4,
07/11/2019 21:20,3380,0.000295902,3379.8,
07/11/2019 21:25,3379,-0.000295902,3378.6,
07/11/2019 21:30,3381,0.000591716,3379.2,
07/11/2019 21:35,3382,0.000295727,3380.2,
07/11/2019 21:40,3379,-0.000887443,3380.2,
07/11/2019 21:45,3380,0.000295902,3380.2,
07/11/2019 21:50,3380,0,3380.4,
07/11/2019 21:55,3383,0.00088718,3380.8,
07/11/2019 22:00,3385,0.000591017,3381.4,
07/11/2019 22:05,3386,0.000295377,3382.8,
07/11/2019 22:10,3386,0,3384,
07/11/2019 22:15,3385,-0.000295377,3385,
07/11/2019 22:20,3386,0.000295377,3385.6,
07/11/2019 22:25,3386,0,3385.8,
07/11/2019 22:30,3385,-0.000295377,3385.6,
07/11/2019 22:35,3384,-0.000295465,3385.2,
07/11/2019 22:40,3381,-0.000886918,3384.4,
07/11/2019 22:45,3381,0,3383.4,
07/11/2019 22:50,3386,0.00147776,3383.4,
07/11/2019 22:55,3386,0,3383.6,
07/11/2019 23:00,3387,0.00029529,3384.2,
08/11/2019 09:05,3395,0.002359187,3387,
08/11/2019 09:10,3398,0.000883262,3390.4,
08/11/2019 09:15,3397,-0.000294334,3392.6,
08/11/2019 09:20,3392,-0.001472971,3393.8,
08/11/2019 09:25,3387,-0.001475144,3393.8,
08/11/2019 09:30,3382,-0.001477323,3391.2,
08/11/2019 09:35,3383,0.000295639,3388.2,
08/11/2019 09:40,3386,0.000886394,3386,
08/11/2019 09:45,3388,0.000590493,3385.2,
08/11/2019 09:50,3390,0.000590145,3385.8,
08/11/2019 09:55,3391,0.000294942,3387.6,
08/11/2019 10:00,3390,-0.000294942,3389,
08/11/2019 10:05,3389,-0.000295029,3389.6,
08/11/2019 10:10,3391,0.000589971,3390.2,
08/11/2019 10:15,3387,-0.001180289,3389.6,
08/11/2019 10:30,3385,-0.000590667,3388.4,
08/11/2019 10:35,3385,0,3387.4,
08/11/2019 10:40,3381,-0.001182383,3385.8,
08/11/2019 10:45,3381,0,3383.8,
08/11/2019 10:50,3381,0,3382.6,
08/11/2019 10:55,3380,-0.000295814,3381.6,
08/11/2019 11:00,3381,0.000295814,3380.8,
08/11/2019 11:05,3379,-0.000591716,3380.4,
08/11/2019 11:10,3387,0.002364766,3381.6,
08/11/2019 11:15,3385,-0.000590667,3382.4,
08/11/2019 11:20,3386,0.000295377,3383.6,
08/11/2019 11:25,3386,0,3384.6,
08/11/2019 11:30,3387,0.00029529,3386.2,
08/11/2019 13:35,3384,-0.000886132,3385.6,
08/11/2019 13:40,3383,-0.000295552,3385.2,
08/11/2019 13:45,3386,0.000886394,3385.2,
08/11/2019 13:50,3387,0.00029529,3385.4,
08/11/2019 13:55,3385,-0.000590667,3385,
08/11/2019 14:00,3384,-0.000295465,3385,
08/11/2019 14:05,3382,-0.000591191,3384.8,
08/11/2019 14:10,3381,-0.000295727,3383.8,
08/11/2019 14:15,3382,0.000295727,3382.8,
08/11/2019 14:20,3378,-0.001183432,3381.4,
08/11/2019 14:25,3383,0.001479071,3381.2,
08/11/2019 14:30,3381,-0.000591366,3381,
08/11/2019 14:35,3382,0.000295727,3381.2,
08/11/2019 14:40,3382,0,3381.2,
08/11/2019 14:45,3383,0.000295639,3382.2,
08/11/2019 14:50,3382,-0.000295639,3382,
08/11/2019 14:55,3381,-0.000295727,3382,
08/11/2019 15:00,3382,0.000295727,3382,
08/11/2019 21:05,3384,0.000591191,3382.4,
08/11/2019 21:10,3383,-0.000295552,3382.4,
08/11/2019 21:15,3397,0.004129799,3385.4,
08/11/2019 21:20,3392,-0.001472971,3387.6,
08/11/2019 21:25,3393,0.000294768,3389.8,
08/11/2019 21:30,3391,-0.000589623,3391.2,
08/11/2019 21:35,3396,0.001473405,3393.8,
08/11/2019 21:40,3396,0,3393.6,
08/11/2019 21:45,3395,-0.000294507,3394.2,
08/11/2019 21:50,3394,-0.000294594,3394.4,
08/11/2019 21:55,3395,0.000294594,3395.2,
08/11/2019 22:00,3395,0,3395,
08/11/2019 22:05,3394,-0.000294594,3394.6,
08/11/2019 22:10,3393,-0.000294681,3394.2,
08/11/2019 22:15,3395,0.000589275,3394.4,
08/11/2019 22:20,3395,0,3394.4,
08/11/2019 22:25,3394,-0.000294594,3394.2,
08/11/2019 22:30,3396,0.000589102,3394.6,
08/11/2019 22:35,3393,-0.000883783,3394.6,
08/11/2019 22:40,3397,0.001178203,3395,
08/11/2019 22:45,3401,0.001176817,3396.2,
08/11/2019 22:50,3410,0.002642785,3399.4,
08/11/2019 22:55,3415,0.001465202,3403.2,
08/11/2019 23:00,3412,-0.000878863,3407,
11/11/2019 09:05,3409,-0.000879636,3409.4,
11/11/2019 09:10,3419,0.002929118,3413,
11/11/2019 09:15,3416,-0.000877835,3414.2,
11/11/2019 09:20,3414,-0.000585652,3414,
11/11/2019 09:25,3421,0.002048282,3415.8,
11/11/2019 09:30,3424,0.000876552,3418.8,
11/11/2019 09:35,3426,0.000583942,3420.2,
11/11/2019 09:40,3427,0.000291843,3422.4,
11/11/2019 09:45,3429,0.000583431,3425.4,
11/11/2019 09:50,3428,-0.000291673,3426.8,
11/11/2019 09:55,3427,-0.000291758,3427.4,
11/11/2019 10:00,3430,0.000875018,3428.2,
11/11/2019 10:05,3426,-0.001166861,3428,
11/11/2019 10:10,3423,-0.00087604,3426.8,
11/11/2019 10:15,3422,-0.000292184,3425.6,
11/11/2019 10:30,3422,0,3424.6,
11/11/2019 10:35,3424,0.000584283,3423.4,
11/11/2019 10:40,3425,0.000292013,3423.2,
11/11/2019 10:45,3421,-0.001168566,3422.8,
11/11/2019 10:50,3424,0.000876552,3423.2,
11/11/2019 10:55,3424,0,3423.6,
11/11/2019 11:00,3424,0,3423.6,
11/11/2019 11:05,3415,-0.002631965,3421.6,
11/11/2019 11:10,3419,0.001170618,3421.2,
11/11/2019 11:15,3418,-0.000292526,3420,
11/11/2019 11:20,3419,0.000292526,3419,
11/11/2019 11:25,3420,0.00029244,3418.2,
11/11/2019 11:30,3423,0.000876808,3419.8,
11/11/2019 13:35,3425,0.000584112,3421,
11/11/2019 13:40,3424,-0.000292013,3422.2,
11/11/2019 13:45,3423,-0.000292099,3423,
11/11/2019 13:50,3420,-0.000876808,3423,
11/11/2019 13:55,3422,0.000584624,3422.8,
11/11/2019 14:00,3422,0,3422.2,
11/11/2019 14:05,3419,-0.000877065,3421.2,
11/11/2019 14:10,3418,-0.000292526,3420.2,
11/11/2019 14:15,3418,0,3419.8,
11/11/2019 14:20,3418,0,3419,
11/11/2019 14:25,3419,0.000292526,3418.4,
11/11/2019 14:30,3420,0.00029244,3418.6,
11/11/2019 14:35,3419,-0.00029244,3418.8,
11/11/2019 14:40,3418,-0.000292526,3418.8,
11/11/2019 14:45,3420,0.000584966,3419.2,
11/11/2019 14:50,3417,-0.000877578,3418.8,
11/11/2019 14:55,3416,-0.000292697,3418,
11/11/2019 15:00,3416,0,3417.4,
11/11/2019 21:05,3415,-0.000292783,3416.8,
11/11/2019 21:10,3413,-0.000585823,3415.4,
11/11/2019 21:15,3415,0.000585823,3415,
11/11/2019 21:20,3409,-0.0017585,3413.6,
11/11/2019 21:25,3413,0.001172677,3413,
11/11/2019 21:30,3414,0.000292954,3412.8,
11/11/2019 21:35,3414,0,3413,
11/11/2019 21:40,3413,-0.000292954,3412.6,
11/11/2019 21:45,3414,0.000292954,3413.6,
11/11/2019 21:50,3417,0.000878349,3414.4,
11/11/2019 21:55,3416,-0.000292697,3414.8,
11/11/2019 22:00,3416,0,3415.2,
11/11/2019 22:05,3414,-0.000585652,3415.4,
11/11/2019 22:10,3414,0,3415.4,
11/11/2019 22:15,3411,-0.000879121,3414.2,
11/11/2019 22:20,3413,0.000586166,3413.6,
11/11/2019 22:25,3412,-0.00029304,3412.8,
11/11/2019 22:30,3410,-0.000586338,3412,
11/11/2019 22:35,3405,-0.001467352,3410.2,
11/11/2019 22:40,3409,0.001174054,3409.8,
11/11/2019 22:45,3409,0,3409,
11/11/2019 22:50,3408,-0.000293384,3408.2,
11/11/2019 22:55,3412,0.001173021,3408.6,
11/11/2019 23:00,3413,0.00029304,3410.2,
12/11/2019 09:05,3416,0.000878606,3411.6,
12/11/2019 09:10,3411,-0.001464772,3412,
12/11/2019 09:15,3420,0.002635048,3414.4,
12/11/2019 09:20,3417,-0.000877578,3415.4,
12/11/2019 09:25,3417,0,3416.2,
12/11/2019 09:30,3417,0,3416.4,
12/11/2019 09:35,3416,-0.000292697,3417.4,
12/11/2019 09:40,3418,0.000585309,3417,
12/11/2019 09:45,3418,0,3417.2,
12/11/2019 09:50,3419,0.000292526,3417.6,
12/11/2019 09:55,3419,0,3418,
12/11/2019 10:00,3416,-0.000877835,3418,
12/11/2019 10:05,3420,0.001170275,3418.4,
12/11/2019 10:10,3418,-0.000584966,3418.4,
12/11/2019 10:15,3417,-0.000292612,3418,
12/11/2019 10:30,3416,-0.000292697,3417.4,
12/11/2019 10:35,3415,-0.000292783,3417.2,
12/11/2019 10:40,3412,-0.000878863,3415.6,
12/11/2019 10:45,3413,0.00029304,3414.6,
12/11/2019 10:50,3415,0.000585823,3414.2,
12/11/2019 10:55,3419,0.001170618,3414.8,
12/11/2019 11:00,3416,-0.000877835,3415,
12/11/2019 11:05,3415,-0.000292783,3415.6,
12/11/2019 11:10,3415,0,3416,
12/11/2019 11:15,3414,-0.000292869,3415.8,
12/11/2019 11:20,3416,0.000585652,3415.2,
12/11/2019 11:25,3414,-0.000585652,3414.8,
12/11/2019 11:30,3415,0.000292869,3414.8,
12/11/2019 13:35,3414,-0.000292869,3414.6,
12/11/2019 13:40,3411,-0.000879121,3414,
12/11/2019 13:45,3414,0.000879121,3413.6,
12/11/2019 13:50,3410,-0.001172333,3412.8,
12/11/2019 13:55,3411,0.000293212,3412,
12/11/2019 14:00,3406,-0.001466921,3410.4,
12/11/2019 14:05,3406,0,3409.4,
12/11/2019 14:10,3411,0.001466921,3408.8,
12/11/2019 14:15,3409,-0.00058651,3408.6,
12/11/2019 14:20,3414,0.001465631,3409.2,
12/11/2019 14:25,3415,0.000292869,3411,
12/11/2019 14:30,3413,-0.000585823,3412.4,
12/11/2019 14:35,3413,0,3412.8,
12/11/2019 14:40,3412,-0.00029304,3413.4,
12/11/2019 14:45,3411,-0.000293126,3412.8,
12/11/2019 14:50,3411,0,3412,
12/11/2019 14:55,3411,0,3411.6,
12/11/2019 15:00,3412,0.000293126,3411.4,
12/11/2019 21:05,3409,-0.000879636,3410.8,
12/11/2019 21:10,3409,0,3410.4,
12/11/2019 21:15,3409,0,3410,
12/11/2019 21:20,3409,0,3409.6,
12/11/2019 21:25,3408,-0.000293384,3408.8,
12/11/2019 21:30,3408,0,3408.6,
12/11/2019 21:35,3408,0,3408.4,
12/11/2019 21:40,3408,0,3408.2,
12/11/2019 21:45,3408,0,3408,
12/11/2019 21:50,3408,0,3408,
12/11/2019 21:55,3412,0.001173021,3408.8,
12/11/2019 22:00,3412,0,3409.6,
12/11/2019 22:05,3409,-0.000879636,3409.8,
12/11/2019 22:10,3406,-0.000880411,3409.4,
12/11/2019 22:15,3406,0,3409,
12/11/2019 22:20,3407,0.000293556,3408,
12/11/2019 22:25,3406,-0.000293556,3406.8,
12/11/2019 22:30,3404,-0.000587372,3405.8,
12/11/2019 22:35,3403,-0.000293815,3405.2,
12/11/2019 22:40,3404,0.000293815,3404.8,
12/11/2019 22:45,3403,-0.000293815,3404,
12/11/2019 22:50,3403,0,3403.4,
12/11/2019 22:55,3404,0.000293815,3403.4,
12/11/2019 23:00,3403,-0.000293815,3403.4,
13/11/2019 09:05,3409,0.001761598,3404.4,
13/11/2019 09:10,3405,-0.001174054,3404.8,
13/11/2019 09:15,3404,-0.000293729,3405,
13/11/2019 09:20,3405,0.000293729,3405.2,
13/11/2019 09:25,3401,-0.001175434,3404.8,
13/11/2019 09:30,3400,-0.000294074,3403,
13/11/2019 09:35,3404,0.001175779,3402.8,
13/11/2019 09:40,3403,-0.000293815,3402.6,
13/11/2019 09:45,3410,0.002054896,3403.6,
13/11/2019 09:50,3409,-0.000293298,3405.2,
13/11/2019 09:55,3408,-0.000293384,3406.8,
13/11/2019 10:00,3407,-0.00029347,3407.4,
13/11/2019 10:05,3411,0.001173365,3409,
13/11/2019 10:10,3410,-0.000293212,3409,
13/11/2019 10:15,3411,0.000293212,3409.4,
13/11/2019 10:30,3411,0,3410,
13/11/2019 10:35,3413,0.000586166,3411.2,
13/11/2019 10:40,3410,-0.000879379,3411,
13/11/2019 10:45,3411,0.000293212,3411.2,
13/11/2019 10:50,3410,-0.000293212,3411,
13/11/2019 10:55,3409,-0.000293298,3410.6,
13/11/2019 11:00,3408,-0.000293384,3409.6,
13/11/2019 11:05,3409,0.000293384,3409.4,
13/11/2019 11:10,3412,0.000879636,3409.6,
13/11/2019 11:15,3411,-0.000293126,3409.8,
13/11/2019 11:20,3410,-0.000293212,3410,
13/11/2019 11:25,3410,0,3410.4,
13/11/2019 11:30,3411,0.000293212,3410.8,
13/11/2019 13:35,3408,-0.000879894,3410,
13/11/2019 13:40,3409,0.000293384,3409.6,
13/11/2019 13:45,3410,0.000293298,3409.6,
13/11/2019 13:50,3408,-0.000586682,3409.2,
13/11/2019 13:55,3408,0,3408.6,
13/11/2019 14:00,3413,0.001466061,3409.6,
13/11/2019 14:05,3411,-0.000586166,3410,
13/11/2019 14:10,3414,0.000879121,3410.8,
13/11/2019 14:15,3413,-0.000292954,3411.8,
13/11/2019 14:20,3411,-0.000586166,3412.4,
13/11/2019 14:25,3411,0,3412,
13/11/2019 14:30,3410,-0.000293212,3411.8,
13/11/2019 14:35,3403,-0.002054896,3409.6,
13/11/2019 14:40,3405,0.000587544,3408,
13/11/2019 14:45,3406,0.000293643,3407,
13/11/2019 14:50,3403,-0.000881187,3405.4,
13/11/2019 14:55,3406,0.000881187,3404.6,
13/11/2019 15:00,3407,0.000293556,3405.4,
13/11/2019 21:05,3402,-0.001468645,3404.8,
13/11/2019 21:10,3390,-0.003533573,3401.6,
13/11/2019 21:15,3395,0.00147384,3400,
13/11/2019 21:20,3392,-0.000884043,3397.2,
13/11/2019 21:25,3395,0.000884043,3394.8,
13/11/2019 21:30,3392,-0.000884043,3392.8,
13/11/2019 21:35,3391,-0.000294855,3393,
13/11/2019 21:40,3392,0.000294855,3392.4,
13/11/2019 21:45,3392,0,3392.4,
13/11/2019 21:50,3392,0,3391.8,
13/11/2019 21:55,3397,0.001472971,3392.8,
13/11/2019 22:00,3397,0,3394,
13/11/2019 22:05,3397,0,3395,
13/11/2019 22:10,3398,0.000294334,3396.2,
13/11/2019 22:15,3395,-0.000883262,3396.8,
13/11/2019 22:20,3394,-0.000294594,3396.2,
13/11/2019 22:25,3393,-0.000294681,3395.4,
13/11/2019 22:30,3392,-0.000294768,3394.4,
13/11/2019 22:35,3392,0,3393.2,
13/11/2019 22:40,3392,0,3392.6,
13/11/2019 22:45,3392,0,3392.2,
13/11/2019 22:50,3394,0.000589449,3392.4,
13/11/2019 22:55,3392,-0.000589449,3392.4,
13/11/2019 23:00,3391,-0.000294855,3392.2,
14/11/2019 09:05,3391,0,3392,
14/11/2019 09:10,3387,-0.001180289,3391,
14/11/2019 09:15,3391,0.001180289,3390.4,
14/11/2019 09:20,3388,-0.000885086,3389.6,
14/11/2019 09:25,3392,0.001179941,3389.8,
14/11/2019 09:30,3389,-0.000884825,3389.4,
14/11/2019 09:35,3386,-0.000885609,3389.2,
14/11/2019 09:40,3391,0.001475579,3389.2,
14/11/2019 09:45,3384,-0.002066421,3388.4,
14/11/2019 09:50,3385,0.000295465,3387,
14/11/2019 09:55,3395,0.002949855,3388.2,
14/11/2019 10:00,3395,0,3390,
14/11/2019 10:05,3387,-0.002359187,3389.2,
14/11/2019 10:10,3385,-0.000590667,3389.4,
14/11/2019 10:15,3389,0.001180986,3390.2,
14/11/2019 10:30,3389,0,3389,
14/11/2019 10:35,3386,-0.000885609,3387.2,
14/11/2019 10:40,3386,0,3387,
14/11/2019 10:45,3390,0.001180638,3388,
14/11/2019 10:50,3392,0.000589797,3388.6,
14/11/2019 10:55,3394,0.000589449,3389.6,
14/11/2019 11:00,3391,-0.000884304,3390.6,
14/11/2019 11:05,3392,0.000294855,3391.8,
14/11/2019 11:10,3395,0.000884043,3392.8,
14/11/2019 11:15,3394,-0.000294594,3393.2,
14/11/2019 11:20,3393,-0.000294681,3393,
14/11/2019 11:25,3398,0.001472537,3394.4,
14/11/2019 11:30,3398,0,3395.6,
14/11/2019 13:35,3398,0,3396.2,
14/11/2019 13:40,3397,-0.000294334,3396.8,
14/11/2019 13:45,3397,0,3397.6,
14/11/2019 13:50,3400,0.000882742,3398,
14/11/2019 13:55,3401,0.000294074,3398.6,
14/11/2019 14:00,3403,0.000587889,3399.6,
14/11/2019 14:05,3406,0.000881187,3401.4,
14/11/2019 14:10,3405,-0.000293643,3403,
14/11/2019 14:15,3406,0.000293643,3404.2,
14/11/2019 14:20,3407,0.000293556,3405.4,
14/11/2019 14:25,3404,-0.000880928,3405.6,
14/11/2019 14:30,3407,0.000880928,3405.8,
14/11/2019 14:35,3402,-0.001468645,3405.2,
14/11/2019 14:40,3403,0.000293902,3404.6,
14/11/2019 14:45,3403,0,3403.8,
14/11/2019 14:50,3402,-0.000293902,3403.4,
14/11/2019 14:55,3405,0.000881446,3403,
14/11/2019 15:00,3403,-0.000587544,3403.2,
14/11/2019 21:05,3406,0.000881187,3403.8,
14/11/2019 21:10,3405,-0.000293643,3404.2,
14/11/2019 21:15,3404,-0.000293729,3404.6,
14/11/2019 21:20,3404,0,3404.4,
14/11/2019 21:25,3402,-0.000587717,3404.2,
14/11/2019 21:30,3400,-0.000588062,3403,
14/11/2019 21:35,3395,-0.001471671,3401,
14/11/2019 21:40,3396,0.000294507,3399.4,
14/11/2019 21:45,3396,0,3397.8,
14/11/2019 21:50,3393,-0.000883783,3396,
14/11/2019 21:55,3393,0,3394.6,
14/11/2019 22:00,3390,-0.000884564,3393.6,
14/11/2019 22:05,3390,0,3392.4,
14/11/2019 22:10,3390,0,3391.2,
14/11/2019 22:15,3392,0.000589797,3391,
14/11/2019 22:20,3393,0.000294768,3391,
14/11/2019 22:25,3391,-0.000589623,3391.2,
14/11/2019 22:30,3391,0,3391.4,
14/11/2019 22:35,3388,-0.000885086,3391,
14/11/2019 22:40,3389,0.000295116,3390.4,
14/11/2019 22:45,3389,0,3389.6,
14/11/2019 22:50,3392,0.000884825,3389.8,
14/11/2019 22:55,3392,0,3390,
14/11/2019 23:00,3393,0.000294768,3391,
15/11/2019 09:05,3396,0.000883783,3392.4,
15/11/2019 09:10,3399,0.000883002,3394.4,
15/11/2019 09:15,3403,0.001176125,3396.6,
15/11/2019 09:20,3403,0,3398.8,
15/11/2019 09:25,3398,-0.001470372,3399.8,
15/11/2019 09:30,3398,0,3400.2,
15/11/2019 09:35,3398,0,3400,
15/11/2019 09:40,3396,-0.000588755,3398.6,
15/11/2019 09:45,3397,0.000294421,3397.4,
15/11/2019 09:50,3395,-0.000588928,3396.8,
15/11/2019 09:55,3397,0.000588928,3396.6,
15/11/2019 10:00,3399,0.000588582,3396.8,
15/11/2019 10:05,3398,-0.000294247,3397.2,
15/11/2019 10:10,3396,-0.000588755,3397,
15/11/2019 10:15,3398,0.000588755,3397.6,
15/11/2019 10:30,3396,-0.000588755,3397.4,
15/11/2019 10:35,3396,0,3396.8,
15/11/2019 10:40,3395,-0.000294507,3396.2,
15/11/2019 10:45,3396,0.000294507,3396.2,
15/11/2019 10:50,3397,0.000294421,3396,
15/11/2019 10:55,3396,-0.000294421,3396,
15/11/2019 11:00,3394,-0.000589102,3395.6,
15/11/2019 11:05,3394,0,3395.4,
15/11/2019 11:10,3396,0.000589102,3395.4,
15/11/2019 11:15,3409,0.003820725,3397.8,
15/11/2019 11:20,3405,-0.001174054,3399.6,
15/11/2019 11:25,3405,0,3401.8,
15/11/2019 11:30,3403,-0.000587544,3403.6,
15/11/2019 13:35,3404,0.000293815,3405.2,
15/11/2019 13:40,3407,0.000880928,3404.8,
15/11/2019 13:45,3406,-0.000293556,3405,
15/11/2019 13:50,3404,-0.000587372,3404.8,
15/11/2019 13:55,3403,-0.000293815,3404.8,
15/11/2019 14:00,3402,-0.000293902,3404.4,
15/11/2019 14:05,3401,-0.000293988,3403.2,
15/11/2019 14:10,3394,-0.002060339,3400.8,
15/11/2019 14:15,3398,0.001177856,3399.6,
15/11/2019 14:20,3397,-0.000294334,3398.4,
15/11/2019 14:25,3397,0,3397.4,
15/11/2019 14:30,3392,-0.001472971,3395.6,
15/11/2019 14:35,3393,0.000294768,3395.4,
15/11/2019 14:40,3391,-0.000589623,3394,
15/11/2019 14:45,3388,-0.000885086,3392.2,
15/11/2019 14:50,3391,0.000885086,3391,
15/11/2019 14:55,3393,0.000589623,3391.2,
15/11/2019 15:00,3385,-0.002360579,3389.6,
15/11/2019 21:05,3390,0.001476015,3389.4,
15/11/2019 21:10,3390,0,3389.8,
15/11/2019 21:15,3389,-0.000295029,3389.4,
15/11/2019 21:20,3389,0,3388.6,
15/11/2019 21:25,3387,-0.000590319,3389,
15/11/2019 21:30,3388,0.000295203,3388.6,
15/11/2019 21:35,3387,-0.000295203,3388,
15/11/2019 21:40,3389,0.000590319,3388,
15/11/2019 21:45,3387,-0.000590319,3387.6,
15/11/2019 21:50,3388,0.000295203,3387.8,
15/11/2019 21:55,3389,0.000295116,3388,
15/11/2019 22:00,3389,0,3388.4,
15/11/2019 22:05,3392,0.000884825,3389,
15/11/2019 22:10,3392,0,3390,
15/11/2019 22:15,3390,-0.000589797,3390.4,
15/11/2019 22:20,3388,-0.000590145,3390.2,
15/11/2019 22:25,3389,0.000295116,3390.2,
15/11/2019 22:30,3390,0.000295029,3389.8,
15/11/2019 22:35,3390,0,3389.4,
15/11/2019 22:40,3390,0,3389.4,
15/11/2019 22:45,3393,0.000884564,3390.4,
15/11/2019 22:50,3392,-0.000294768,3391,
15/11/2019 22:55,3389,-0.000884825,3390.8,
15/11/2019 23:00,3390,0.000295029,3390.8,
18/11/2019 09:05,3390,0,3390.8,
18/11/2019 09:10,3393,0.000884564,3390.8,
18/11/2019 09:15,3395,0.000589275,3391.4,
18/11/2019 09:20,3398,0.000883262,3393.2,
18/11/2019 09:25,3400,0.000588408,3395.2,
18/11/2019 09:30,3404,0.001175779,3398,
18/11/2019 09:35,3404,0,3400.2,
18/11/2019 09:40,3405,0.000293729,3402.2,
18/11/2019 09:45,3404,-0.000293729,3403.4,
18/11/2019 09:50,3405,0.000293729,3404.4,
18/11/2019 09:55,3405,0,3404.6,
18/11/2019 10:00,3405,0,3404.8,
18/11/2019 10:05,3405,0,3404.8,
18/11/2019 10:10,3404,-0.000293729,3404.8,
18/11/2019 10:15,3403,-0.000293815,3404.4,
18/11/2019 10:30,3404,0.000293815,3404.2,
18/11/2019 10:35,3403,-0.000293815,3403.8,
18/11/2019 10:40,3405,0.000587544,3403.8,
18/11/2019 10:45,3404,-0.000293729,3403.8,
18/11/2019 10:50,3406,0.000587372,3404.4,
18/11/2019 10:55,3405,-0.000293643,3404.6,
18/11/2019 11:00,3404,-0.000293729,3404.8,
18/11/2019 11:05,3400,-0.001175779,3403.8,
18/11/2019 11:10,3395,-0.001471671,3402,
18/11/2019 11:15,3397,0.000588928,3400.2,
18/11/2019 11:20,3400,0.000882742,3399.2,
18/11/2019 11:25,3399,-0.000294161,3398.2,
18/11/2019 11:30,3404,0.00146994,3399,
18/11/2019 13:35,3399,-0.00146994,3399.8,
18/11/2019 13:40,3397,-0.000588582,3399.8,
18/11/2019 13:45,3394,-0.000883522,3398.6,
18/11/2019 13:50,3393,-0.000294681,3397.4,
18/11/2019 13:55,3393,0,3395.2,
18/11/2019 14:00,3390,-0.000884564,3393.4,
18/11/2019 14:05,3389,-0.000295029,3391.8,
18/11/2019 14:10,3390,0.000295029,3391,
18/11/2019 14:15,3389,-0.000295029,3390.2,
18/11/2019 14:20,3389,0,3389.4,
18/11/2019 14:25,3389,0,3389.2,
18/11/2019 14:30,3388,-0.000295116,3389,
18/11/2019 14:35,3391,0.000885086,3389.2,
18/11/2019 14:40,3389,-0.000589971,3389.2,
18/11/2019 14:45,3388,-0.000295116,3389,
18/11/2019 14:50,3391,0.000885086,3389.4,
18/11/2019 14:55,3388,-0.000885086,3389.4,
18/11/2019 15:00,3392,0.001179941,3389.6,
18/11/2019 21:05,3391,-0.000294855,3390,
18/11/2019 21:10,3390,-0.000294942,3390.4,
18/11/2019 21:15,3390,0,3390.2,
18/11/2019 21:20,3392,0.000589797,3391,
18/11/2019 21:25,3395,0.000884043,3391.6,
18/11/2019 21:30,3395,0,3392.4,
18/11/2019 21:35,3394,-0.000294594,3393.2,
18/11/2019 21:40,3394,0,3394,
18/11/2019 21:45,3394,0,3394.4,
18/11/2019 21:50,3395,0.000294594,3394.4,
18/11/2019 21:55,3392,-0.000884043,3393.8,
18/11/2019 22:00,3392,0,3393.4,
18/11/2019 22:05,3392,0,3393,
18/11/2019 22:10,3393,0.000294768,3392.8,
18/11/2019 22:15,3390,-0.000884564,3391.8,
18/11/2019 22:20,3390,0,3391.4,
18/11/2019 22:25,3391,0.000294942,3391.2,
18/11/2019 22:30,3389,-0.000589971,3390.6,
18/11/2019 22:35,3387,-0.000590319,3389.4,
18/11/2019 22:40,3385,-0.000590667,3388.4,
18/11/2019 22:45,3382,-0.000886656,3386.8,
18/11/2019 22:50,3386,0.001182033,3385.8,
18/11/2019 22:55,3389,0.000885609,3385.8,
18/11/2019 23:00,3387,-0.000590319,3385.8,
19/11/2019 09:05,3391,0.001180289,3387,
19/11/2019 09:10,3388,-0.000885086,3388.2,
19/11/2019 09:15,3387,-0.000295203,3388.4,
19/11/2019 09:20,3387,0,3388,
19/11/2019 09:25,3386,-0.00029529,3387.8,
19/11/2019 09:30,3386,0,3386.8,
19/11/2019 09:35,3384,-0.000590842,3386,
19/11/2019 09:40,3384,0,3385.4,
19/11/2019 09:45,3381,-0.000886918,3384.2,
19/11/2019 09:50,3387,0.00177305,3384.4,
19/11/2019 09:55,3386,-0.00029529,3384.4,
19/11/2019 10:00,3384,-0.000590842,3384.4,
19/11/2019 10:05,3386,0.000590842,3384.8,
19/11/2019 10:10,3385,-0.000295377,3385.6,
19/11/2019 10:15,3387,0.000590667,3385.6,
19/11/2019 10:30,3387,0,3385.8,
19/11/2019 10:35,3390,0.000885348,3387,
19/11/2019 10:40,3394,0.001179245,3388.6,
19/11/2019 10:45,3394,0,3390.4,
19/11/2019 10:50,3395,0.000294594,3392,
19/11/2019 10:55,3401,0.001765745,3394.8,
19/11/2019 11:00,3400,-0.000294074,3396.8,
19/11/2019 11:05,3399,-0.000294161,3397.8,
19/11/2019 11:10,3397,-0.000588582,3398.4,
19/11/2019 11:15,3399,0.000588582,3399.2,
19/11/2019 11:20,3398,-0.000294247,3398.6,
19/11/2019 11:25,3400,0.000588408,3398.6,
19/11/2019 11:30,3401,0.000294074,3399,
19/11/2019 13:35,3403,0.000587889,3400.2,
19/11/2019 13:40,3402,-0.000293902,3400.8,
19/11/2019 13:45,3405,0.000881446,3402.2,
19/11/2019 13:50,3403,-0.000587544,3402.8,
19/11/2019 13:55,3404,0.000293815,3403.4,
19/11/2019 14:00,3404,0,3403.6,
19/11/2019 14:05,3403,-0.000293815,3403.8,
19/11/2019 14:10,3404,0.000293815,3403.6,
19/11/2019 14:15,3404,0,3403.8,
19/11/2019 14:20,3402,-0.000587717,3403.4,
19/11/2019 14:25,3402,0,3403,
19/11/2019 14:30,3401,-0.000293988,3402.6,
19/11/2019 14:35,3402,0.000293988,3402.2,
19/11/2019 14:40,3402,0,3401.8,
19/11/2019 14:45,3402,0,3401.8,
19/11/2019 14:50,3401,-0.000293988,3401.6,
19/11/2019 14:55,3401,0,3401.6,
19/11/2019 15:00,3402,0.000293988,3401.6,
19/11/2019 21:05,3403,0.000293902,3401.8,
19/11/2019 21:10,3403,0,3402,
19/11/2019 21:15,3402,-0.000293902,3402.2,
19/11/2019 21:20,3403,0.000293902,3402.6,
19/11/2019 21:25,3403,0,3402.8,
19/11/2019 21:30,3403,0,3402.8,
19/11/2019 21:35,3403,0,3402.8,
19/11/2019 21:40,3402,-0.000293902,3402.8,
19/11/2019 21:45,3402,0,3402.6,
19/11/2019 21:50,3403,0.000293902,3402.6,
19/11/2019 21:55,3402,-0.000293902,3402.4,
19/11/2019 22:00,3398,-0.001176471,3401.4,
19/11/2019 22:05,3399,0.000294247,3400.8,
19/11/2019 22:10,3397,-0.000588582,3399.8,
19/11/2019 22:15,3398,0.000294334,3398.8,
19/11/2019 22:20,3396,-0.000588755,3397.6,
19/11/2019 22:25,3397,0.000294421,3397.4,
19/11/2019 22:30,3396,-0.000294421,3396.8,
19/11/2019 22:35,3402,0.001765226,3397.8,
19/11/2019 22:40,3401,-0.000293988,3398.4,
19/11/2019 22:45,3399,-0.000588235,3399,
19/11/2019 22:50,3401,0.000588235,3399.8,
19/11/2019 22:55,3400,-0.000294074,3400.6,
19/11/2019 23:00,3400,0,3400.2,
20/11/2019 09:05,3395,-0.001471671,3399,
20/11/2019 09:10,3393,-0.000589275,3397.8,
20/11/2019 09:15,3390,-0.000884564,3395.6,
20/11/2019 09:20,3385,-0.001476015,3392.6,
20/11/2019 09:25,3378,-0.002070088,3388.2,
20/11/2019 09:30,3378,0,3384.8,
20/11/2019 09:35,3382,0.001183432,3382.6,
20/11/2019 09:40,3382,0,3381,
20/11/2019 09:45,3377,-0.001479509,3379.4,
20/11/2019 09:50,3380,0.000887968,3379.8,
20/11/2019 09:55,3379,-0.000295902,3380,
20/11/2019 10:00,3380,0.000295902,3379.6,
20/11/2019 10:05,3379,-0.000295902,3379,
20/11/2019 10:10,3377,-0.000592066,3379,
20/11/2019 10:15,3388,0.003252035,3380.6,
20/11/2019 10:30,3386,-0.000590493,3382,
20/11/2019 10:35,3387,0.00029529,3383.4,
20/11/2019 10:40,3387,0,3385,
20/11/2019 10:45,3386,-0.00029529,3386.8,
20/11/2019 10:50,3386,0,3386.4,
20/11/2019 10:55,3385,-0.000295377,3386.2,
20/11/2019 11:00,3385,0,3385.8,
20/11/2019 11:05,3387,0.000590667,3385.8,
20/11/2019 11:10,3387,0,3386,
20/11/2019 11:15,3388,0.000295203,3386.4,
20/11/2019 11:20,3390,0.000590145,3387.4,
20/11/2019 11:25,3391,0.000294942,3388.6,
20/11/2019 11:30,3388,-0.000885086,3388.8,
20/11/2019 13:35,3389,0.000295116,3389.2,
20/11/2019 13:40,3386,-0.000885609,3388.8,
20/11/2019 13:45,3388,0.000590493,3388.4,
20/11/2019 13:50,3391,0.000885086,3388.4,
20/11/2019 13:55,3397,0.001767826,3390.2,
20/11/2019 14:00,3399,0.000588582,3392.2,
20/11/2019 14:05,3400,0.000294161,3395,
20/11/2019 14:10,3404,0.001175779,3398.2,
20/11/2019 14:15,3406,0.000587372,3401.2,
20/11/2019 14:20,3405,-0.000293643,3402.8,
20/11/2019 14:25,3404,-0.000293729,3403.8,
20/11/2019 14:30,3404,0,3404.6,
20/11/2019 14:35,3403,-0.000293815,3404.4,
20/11/2019 14:40,3403,0,3403.8,
20/11/2019 14:45,3403,0,3403.4,
20/11/2019 14:50,3402,-0.000293902,3403,
20/11/2019 14:55,3403,0.000293902,3402.8,
20/11/2019 15:00,3406,0.000881187,3403.4,
20/11/2019 21:05,3406,0,3404,
20/11/2019 21:10,3403,-0.000881187,3404,
20/11/2019 21:15,3403,0,3404.2,
20/11/2019 21:20,3402,-0.000293902,3404,
20/11/2019 21:25,3403,0.000293902,3403.4,
20/11/2019 21:30,3403,0,3402.8,
20/11/2019 21:35,3404,0.000293815,3403,
20/11/2019 21:40,3403,-0.000293815,3403,
20/11/2019 21:45,3403,0,3403.2,
20/11/2019 21:50,3402,-0.000293902,3403,
20/11/2019 21:55,3395,-0.002059733,3401.4,
20/11/2019 22:00,3392,-0.000884043,3399,
20/11/2019 22:05,3389,-0.000884825,3396.2,
20/11/2019 22:10,3392,0.000884825,3394,
20/11/2019 22:15,3391,-0.000294855,3391.8,
20/11/2019 22:20,3390,-0.000294942,3390.8,
20/11/2019 22:25,3391,0.000294942,3390.6,
20/11/2019 22:30,3390,-0.000294942,3390.8,
20/11/2019 22:35,3388,-0.000590145,3390,
20/11/2019 22:40,3388,0,3389.4,
20/11/2019 22:45,3390,0.000590145,3389.4,
20/11/2019 22:50,3389,-0.000295029,3389,
20/11/2019 22:55,3388,-0.000295116,3388.6,
20/11/2019 23:00,3388,0,3388.6,
21/11/2019 09:05,3385,-0.00088587,3388,
21/11/2019 09:10,3386,0.000295377,3387.2,
21/11/2019 09:15,3386,0,3386.6,
21/11/2019 09:20,3385,-0.000295377,3386,
21/11/2019 09:25,3386,0.000295377,3385.6,
21/11/2019 09:30,3388,0.000590493,3386.2,
21/11/2019 09:35,3388,0,3386.6,
21/11/2019 09:40,3386,-0.000590493,3386.6,
21/11/2019 09:45,3386,0,3386.8,
21/11/2019 09:50,3388,0.000590493,3387.2,
21/11/2019 09:55,3386,-0.000590493,3386.8,
21/11/2019 10:00,3386,0,3386.4,
21/11/2019 10:05,3387,0.00029529,3386.6,
21/11/2019 10:10,3386,-0.00029529,3386.6,
21/11/2019 10:15,3386,0,3386.2,
21/11/2019 10:30,3387,0.00029529,3386.4,
21/11/2019 10:35,3386,-0.00029529,3386.4,
21/11/2019 10:40,3386,0,3386.2,
21/11/2019 10:45,3385,-0.000295377,3386,
21/11/2019 10:50,3386,0.000295377,3386,
21/11/2019 10:55,3385,-0.000295377,3385.6,
21/11/2019 11:00,3385,0,3385.4,
21/11/2019 11:05,3386,0.000295377,3385.4,
21/11/2019 11:10,3388,0.000590493,3386,
21/11/2019 11:15,3387,-0.000295203,3386.2,
21/11/2019 11:20,3386,-0.00029529,3386.4,
21/11/2019 11:25,3387,0.00029529,3386.8,
21/11/2019 11:30,3385,-0.000590667,3386.6,
21/11/2019 13:35,3386,0.000295377,3386.2,
21/11/2019 13:40,3385,-0.000295377,3385.8,
21/11/2019 13:45,3389,0.001180986,3386.4,
21/11/2019 13:50,3394,0.001474274,3387.8,
21/11/2019 13:55,3398,0.001177856,3390.4,
21/11/2019 14:00,3401,0.000882483,3393.4,
21/11/2019 14:05,3400,-0.000294074,3396.4,
21/11/2019 14:10,3400,0,3398.6,
21/11/2019 14:15,3398,-0.000588408,3399.4,
21/11/2019 14:20,3405,0.002057916,3400.8,
21/11/2019 14:25,3402,-0.000881446,3401,
21/11/2019 14:30,3403,0.000293902,3401.6,
21/11/2019 14:35,3403,0,3402.2,
21/11/2019 14:40,3401,-0.000587889,3402.8,
21/11/2019 14:45,3402,0.000293988,3402.2,
21/11/2019 14:50,3400,-0.000588062,3401.8,
21/11/2019 14:55,3402,0.000588062,3401.6,
21/11/2019 15:00,3403,0.000293902,3401.6,
21/11/2019 21:05,3402,-0.000293902,3401.8,
21/11/2019 21:10,3408,0.001762115,3403,
21/11/2019 21:15,3406,-0.000587027,3404.2,
21/11/2019 21:20,3402,-0.001175088,3404.2,
21/11/2019 21:25,3403,0.000293902,3404.2,
21/11/2019 21:30,3403,0,3404.4,
21/11/2019 21:35,3404,0.000293815,3403.6,
21/11/2019 21:40,3403,-0.000293815,3403,
21/11/2019 21:45,3404,0.000293815,3403.4,
21/11/2019 21:50,3405,0.000293729,3403.8,
21/11/2019 21:55,3405,0,3404.2,
21/11/2019 22:00,3405,0,3404.4,
21/11/2019 22:05,3405,0,3404.8,
21/11/2019 22:10,3404,-0.000293729,3404.8,
21/11/2019 22:15,3403,-0.000293815,3404.4,
21/11/2019 22:20,3404,0.000293815,3404.2,
21/11/2019 22:25,3404,0,3404,
21/11/2019 22:30,3405,0.000293729,3404,
21/11/2019 22:35,3403,-0.000587544,3403.8,
21/11/2019 22:40,3402,-0.000293902,3403.6,
21/11/2019 22:45,3403,0.000293902,3403.4,
21/11/2019 22:50,3404,0.000293815,3403.4,
21/11/2019 22:55,3403,-0.000293815,3403,
21/11/2019 23:00,3402,-0.000293902,3402.8,
22/11/2019 09:05,3398,-0.001176471,3402,
22/11/2019 09:10,3400,0.000588408,3401.4,
22/11/2019 09:15,3402,0.000588062,3401,
22/11/2019 09:20,3402,0,3400.8,
22/11/2019 09:25,3406,0.001175088,3401.6,
22/11/2019 09:30,3405,-0.000293643,3403,
22/11/2019 09:35,3406,0.000293643,3404.2,
22/11/2019 09:40,3405,-0.000293643,3404.8,
22/11/2019 09:45,3405,0,3405.4,
22/11/2019 09:50,3405,0,3405.2,
22/11/2019 09:55,3405,0,3405.2,
22/11/2019 10:00,3405,0,3405,
22/11/2019 10:05,3402,-0.000881446,3404.4,
22/11/2019 10:10,3405,0.000881446,3404.4,
22/11/2019 10:15,3404,-0.000293729,3404.2,
22/11/2019 10:30,3405,0.000293729,3404.2,
22/11/2019 10:35,3404,-0.000293729,3404,
22/11/2019 10:40,3402,-0.000587717,3404,
22/11/2019 10:45,3402,0,3403.4,
22/11/2019 10:50,3401,-0.000293988,3402.8,
22/11/2019 10:55,3401,0,3402,
22/11/2019 11:00,3404,0.000881705,3402,
22/11/2019 11:05,3404,0,3402.4,
22/11/2019 11:10,3406,0.000587372,3403.2,
22/11/2019 11:15,3404,-0.000587372,3403.8,
22/11/2019 11:20,3404,0,3404.4,
22/11/2019 11:25,3404,0,3404.4,
22/11/2019 11:30,3403,-0.000293815,3404.2,
22/11/2019 13:35,3404,0.000293815,3403.8,
22/11/2019 13:40,3403,-0.000293815,3403.6,
22/11/2019 13:45,3405,0.000587544,3403.8,
22/11/2019 13:50,3404,-0.000293729,3403.8,
22/11/2019 13:55,3404,0,3404,
22/11/2019 14:00,3405,0.000293729,3404.2,
22/11/2019 14:05,3405,0,3404.6,
22/11/2019 14:10,3404,-0.000293729,3404.4,
22/11/2019 14:15,3405,0.000293729,3404.6,
22/11/2019 14:20,3404,-0.000293729,3404.6,
22/11/2019 14:25,3404,0,3404.4,
22/11/2019 14:30,3404,0,3404.2,
22/11/2019 14:35,3405,0.000293729,3404.4,
22/11/2019 14:40,3401,-0.001175434,3403.6,
22/11/2019 14:45,3397,-0.001176817,3402.2,
22/11/2019 14:50,3394,-0.000883522,3400.2,
22/11/2019 14:55,3394,0,3398.2,
22/11/2019 15:00,3390,-0.001179245,3395.2,
22/11/2019 21:05,3385,-0.001476015,3392,
22/11/2019 21:10,3367,-0.005331766,3386,
22/11/2019 21:15,3369,0.000593824,3381,
22/11/2019 21:20,3377,0.002371777,3377.6,
22/11/2019 21:25,3378,0.000296077,3375.2,
22/11/2019 21:30,3378,0,3373.8,
22/11/2019 21:35,3379,0.000295989,3376.2,
22/11/2019 21:40,3378,-0.000295989,3378,
22/11/2019 21:45,3380,0.000591891,3378.6,
22/11/2019 21:50,3379,-0.000295902,3378.8,
22/11/2019 21:55,3380,0.000295902,3379.2,
22/11/2019 22:00,3380,0,3379.4,
22/11/2019 22:05,3381,0.000295814,3380,
22/11/2019 22:10,3383,0.000591366,3380.6,
22/11/2019 22:15,3383,0,3381.4,
22/11/2019 22:20,3383,0,3382,
22/11/2019 22:25,3381,-0.000591366,3382.2,
22/11/2019 22:30,3380,-0.000295814,3382,
22/11/2019 22:35,3379,-0.000295902,3381.2,
22/11/2019 22:40,3378,-0.000295989,3380.2,
22/11/2019 22:45,3377,-0.000296077,3379,
22/11/2019 22:50,3379,0.000592066,3378.6,
22/11/2019 22:55,3376,-0.000888231,3377.8,
22/11/2019 23:00,3379,0.000888231,3377.8,
25/11/2019 09:05,3370,-0.002667063,3376.2,
25/11/2019 09:10,3372,0.000593296,3375.2,
25/11/2019 09:15,3373,0.000296516,3374,
25/11/2019 09:20,3379,0.001777252,3374.6,
25/11/2019 09:25,3378,-0.000295989,3374.4,
25/11/2019 09:30,3376,-0.000592242,3375.6,
25/11/2019 09:35,3379,0.000888231,3377,
25/11/2019 09:40,3376,-0.000888231,3377.6,
25/11/2019 09:45,3381,0.001479947,3378,
25/11/2019 09:50,3380,-0.000295814,3378.4,
25/11/2019 09:55,3381,0.000295814,3379.4,
25/11/2019 10:00,3382,0.000295727,3380,
25/11/2019 10:05,3380,-0.000591541,3380.8,
25/11/2019 10:10,3381,0.000295814,3380.8,
25/11/2019 10:15,3381,0,3381,
25/11/2019 10:30,3380,-0.000295814,3380.8,
25/11/2019 10:35,3382,0.000591541,3380.8,
25/11/2019 10:40,3384,0.000591191,3381.6,
25/11/2019 10:45,3385,0.000295465,3382.4,
25/11/2019 10:50,3391,0.001770957,3384.4,
25/11/2019 10:55,3395,0.001178898,3387.4,
25/11/2019 11:00,3399,0.00117751,3390.8,
25/11/2019 11:05,3399,0,3393.8,
25/11/2019 11:10,3398,-0.000294247,3396.4,
25/11/2019 11:15,3394,-0.001177856,3397,
25/11/2019 11:20,3394,0,3396.8,
25/11/2019 11:25,3390,-0.001179245,3395,
25/11/2019 11:30,3393,0.000884564,3393.8,
25/11/2019 13:40,3394,0.000294681,3393,
25/11/2019 13:45,3394,0,3393,
25/11/2019 13:50,3392,-0.000589449,3392.6,
25/11/2019 13:55,3392,0,3393,
25/11/2019 14:00,3393,0.000294768,3393,
25/11/2019 14:05,3391,-0.000589623,3392.4,
25/11/2019 14:10,3393,0.000589623,3392.2,
25/11/2019 14:15,3393,0,3392.4,
25/11/2019 14:20,3395,0.000589275,3393,
25/11/2019 14:25,3394,-0.000294594,3393.2,
25/11/2019 14:30,3395,0.000294594,3394,
25/11/2019 14:35,3394,-0.000294594,3394.2,
25/11/2019 14:40,3394,0,3394.4,
25/11/2019 14:45,3398,0.001177856,3395,
25/11/2019 14:50,3394,-0.001177856,3395,
25/11/2019 14:55,3395,0.000294594,3395,
25/11/2019 15:00,3392,-0.000884043,3394.6,
25/11/2019 21:05,3396,0.001178551,3395,
25/11/2019 21:10,3395,-0.000294507,3394.4,
25/11/2019 21:15,3396,0.000294507,3394.8,
25/11/2019 21:20,3395,-0.000294507,3394.8,
25/11/2019 21:25,3397,0.000588928,3395.8,
25/11/2019 21:30,3396,-0.000294421,3395.8,
25/11/2019 21:35,3396,0,3396,
25/11/2019 21:40,3396,0,3396,
25/11/2019 21:45,3398,0.000588755,3396.6,
25/11/2019 21:50,3396,-0.000588755,3396.4,
25/11/2019 21:55,3397,0.000294421,3396.6,
25/11/2019 22:00,3397,0,3396.8,
25/11/2019 22:05,3396,-0.000294421,3396.8,
25/11/2019 22:10,3395,-0.000294507,3396.2,
25/11/2019 22:15,3395,0,3396,
25/11/2019 22:20,3392,-0.000884043,3395,
25/11/2019 22:25,3394,0.000589449,3394.4,
25/11/2019 22:30,3393,-0.000294681,3393.8,
25/11/2019 22:35,3384,-0.002656044,3391.6,
25/11/2019 22:40,3383,-0.000295552,3389.2,
25/11/2019 22:45,3387,0.001181684,3388.2,
25/11/2019 22:50,3386,-0.00029529,3386.6,
25/11/2019 22:55,3386,0,3385.2,
25/11/2019 23:00,3386,0,3385.6,
26/11/2019 09:05,3388,0.000590493,3386.6,
26/11/2019 09:10,3387,-0.000295203,3386.6,
26/11/2019 09:15,3384,-0.000886132,3386.2,
26/11/2019 09:20,3383,-0.000295552,3385.6,
26/11/2019 09:25,3382,-0.000295639,3384.8,
26/11/2019 09:30,3382,0,3383.6,
26/11/2019 09:35,3381,-0.000295727,3382.4,
26/11/2019 09:40,3378,-0.000887705,3381.2,
26/11/2019 09:45,3380,0.000591891,3380.6,
26/11/2019 09:50,3383,0.00088718,3380.8,
26/11/2019 09:55,3384,0.000295552,3381.2,
26/11/2019 10:00,3386,0.000590842,3382.2,
26/11/2019 10:05,3384,-0.000590842,3383.4,
26/11/2019 10:10,3384,0,3384.2,
26/11/2019 10:15,3384,0,3384.4,
26/11/2019 10:30,3385,0.000295465,3384.6,
26/11/2019 10:35,3383,-0.000591017,3384,
26/11/2019 10:40,3385,0.000591017,3384.2,
26/11/2019 10:45,3383,-0.000591017,3384,
26/11/2019 10:50,3382,-0.000295639,3383.6,
26/11/2019 10:55,3384,0.000591191,3383.4,
26/11/2019 11:00,3382,-0.000591191,3383.2,
26/11/2019 11:05,3385,0.000886656,3383.2,
26/11/2019 11:10,3382,-0.000886656,3383,
26/11/2019 11:15,3382,0,3383,
26/11/2019 11:20,3382,0,3382.6,
26/11/2019 11:25,3382,0,3382.6,
26/11/2019 11:30,3381,-0.000295727,3381.8,
26/11/2019 13:35,3381,0,3381.6,
26/11/2019 13:40,3381,0,3381.4,
26/11/2019 13:45,3379,-0.000591716,3380.8,
26/11/2019 13:50,3379,0,3380.2,
26/11/2019 13:55,3378,-0.000295989,3379.6,
26/11/2019 14:00,3378,0,3379,
26/11/2019 14:05,3377,-0.000296077,3378.2,
26/11/2019 14:10,3380,0.000887968,3378.4,
26/11/2019 14:15,3381,0.000295814,3378.8,
26/11/2019 14:20,3380,-0.000295814,3379.2,
26/11/2019 14:25,3381,0.000295814,3379.8,
26/11/2019 14:30,3379,-0.000591716,3380.2,
26/11/2019 14:35,3378,-0.000295989,3379.8,
26/11/2019 14:40,3381,0.000887705,3379.8,
26/11/2019 14:45,3380,-0.000295814,3379.8,
26/11/2019 14:50,3379,-0.000295902,3379.4,
26/11/2019 14:55,3379,0,3379.4,
26/11/2019 15:00,3379,0,3379.6,
26/11/2019 21:05,3375,-0.001184483,3378.4,
26/11/2019 21:10,3377,0.000592417,3377.8,
26/11/2019 21:15,3380,0.000887968,3378,
26/11/2019 21:20,3381,0.000295814,3378.4,
26/11/2019 21:25,3379,-0.000591716,3378.4,
26/11/2019 21:30,3381,0.000591716,3379.6,
26/11/2019 21:35,3380,-0.000295814,3380.2,
26/11/2019 21:40,3381,0.000295814,3380.4,
26/11/2019 21:45,3379,-0.000591716,3380,
26/11/2019 21:50,3379,0,3380,
26/11/2019 21:55,3380,0.000295902,3379.8,
26/11/2019 22:00,3377,-0.000887968,3379.2,
26/11/2019 22:05,3378,0.000296077,3378.6,
26/11/2019 22:10,3379,0.000295989,3378.6,
26/11/2019 22:15,3378,-0.000295989,3378.4,
26/11/2019 22:20,3380,0.000591891,3378.4,
26/11/2019 22:25,3378,-0.000591891,3378.6,
26/11/2019 22:30,3378,0,3378.6,
26/11/2019 22:35,3377,-0.000296077,3378.2,
26/11/2019 22:40,3377,0,3378,
26/11/2019 22:45,3375,-0.000592417,3377,
26/11/2019 22:50,3374,-0.00029634,3376.2,
26/11/2019 22:55,3376,0.000592593,3375.8,
26/11/2019 23:00,3378,0.000592242,3376,
27/11/2019 09:05,3372,-0.001777778,3375,
27/11/2019 09:10,3374,0.000592944,3374.8,
27/11/2019 09:15,3373,-0.000296428,3374.6,
27/11/2019 09:20,3376,0.000889021,3374.6,
27/11/2019 09:25,3379,0.000888231,3374.8,
27/11/2019 09:30,3378,-0.000295989,3376,
27/11/2019 09:35,3379,0.000295989,3377,
27/11/2019 09:40,3380,0.000295902,3378.4,
27/11/2019 09:45,3380,0,3379.2,
27/11/2019 09:50,3380,0,3379.4,
27/11/2019 09:55,3379,-0.000295902,3379.6,
27/11/2019 10:00,3377,-0.000592066,3379.2,
27/11/2019 10:05,3376,-0.000296165,3378.4,
27/11/2019 10:10,3380,0.001184133,3378.4,
27/11/2019 10:15,3379,-0.000295902,3378.2,
27/11/2019 10:35,3379,0,3378.2,
27/11/2019 10:40,3380,0.000295902,3378.8,
27/11/2019 10:45,3381,0.000295814,3379.8,
27/11/2019 10:50,3380,-0.000295814,3379.8,
27/11/2019 10:55,3380,0,3380,
27/11/2019 11:00,3381,0.000295814,3380.4,
27/11/2019 11:05,3380,-0.000295814,3380.4,
27/11/2019 11:10,3379,-0.000295902,3380,
27/11/2019 11:15,3377,-0.000592066,3379.4,
27/11/2019 11:20,3379,0.000592066,3379.2,
27/11/2019 11:25,3378,-0.000295989,3378.6,
27/11/2019 11:30,3377,-0.000296077,3378,
27/11/2019 13:35,3376,-0.000296165,3377.4,
27/11/2019 13:40,3376,0,3377.2,
27/11/2019 13:45,3376,0,3376.6,
27/11/2019 13:50,3375,-0.000296252,3376,
27/11/2019 13:55,3376,0.000296252,3375.8,
27/11/2019 14:00,3374,-0.000592593,3375.4,
27/11/2019 14:05,3375,0.00029634,3375.2,
27/11/2019 14:10,3373,-0.000592768,3374.6,
27/11/2019 14:15,3372,-0.000296516,3374,
27/11/2019 14:20,3373,0.000296516,3373.4,
27/11/2019 14:25,3373,0,3373.2,
27/11/2019 14:30,3373,0,3372.8,
27/11/2019 14:35,3372,-0.000296516,3372.6,
27/11/2019 14:40,3374,0.000592944,3373,
27/11/2019 14:45,3373,-0.000296428,3373,
27/11/2019 14:50,3374,0.000296428,3373.2,
27/11/2019 14:55,3380,0.001776725,3374.6,
27/11/2019 15:00,3380,0,3376.2,
27/11/2019 21:05,3383,0.00088718,3378,
27/11/2019 21:10,3383,0,3380,
27/11/2019 21:15,3382,-0.000295639,3381.6,
27/11/2019 21:20,3383,0.000295639,3382.2,
27/11/2019 21:25,3382,-0.000295639,3382.6,
27/11/2019 21:30,3384,0.000591191,3382.8,
27/11/2019 21:35,3383,-0.000295552,3382.8,
27/11/2019 21:40,3383,0,3383,
27/11/2019 21:45,3383,0,3383,
27/11/2019 21:50,3383,0,3383.2,
27/11/2019 21:55,3383,0,3383,
27/11/2019 22:00,3383,0,3383,
27/11/2019 22:05,3383,0,3383,
27/11/2019 22:10,3383,0,3383,
27/11/2019 22:15,3383,0,3383,
27/11/2019 22:20,3384,0.000295552,3383.2,
27/11/2019 22:25,3385,0.000295465,3383.6,
27/11/2019 22:30,3385,0,3384,
27/11/2019 22:35,3383,-0.000591017,3384,
27/11/2019 22:40,3383,0,3384,
27/11/2019 22:45,3381,-0.000591366,3383.4,
27/11/2019 22:50,3384,0.000886918,3383.2,
27/11/2019 22:55,3385,0.000295465,3383.2,
27/11/2019 23:00,3381,-0.001182383,3382.8,
28/11/2019 09:05,3383,0.000591366,3382.8,
28/11/2019 09:10,3384,0.000295552,3383.4,
28/11/2019 09:15,3392,0.002361276,3385,
28/11/2019 09:20,3396,0.001178551,3387.2,
28/11/2019 09:25,3394,-0.000589102,3389.8,
28/11/2019 09:30,3394,0,3392,
28/11/2019 09:35,3394,0,3394,
28/11/2019 09:40,3395,0.000294594,3394.6,
28/11/2019 09:45,3395,0,3394.4,
28/11/2019 09:50,3394,-0.000294594,3394.4,
28/11/2019 09:55,3394,0,3394.4,
28/11/2019 10:00,3390,-0.001179245,3393.6,
28/11/2019 10:05,3390,0,3392.6,
28/11/2019 10:10,3389,-0.000295029,3391.4,
28/11/2019 10:15,3391,0.000589971,3390.8,
28/11/2019 10:30,3391,0,3390.2,
28/11/2019 10:35,3387,-0.001180289,3389.6,
28/11/2019 10:40,3387,0,3389,
28/11/2019 10:45,3389,0.000590319,3389,
28/11/2019 10:50,3387,-0.000590319,3388.2,
28/11/2019 10:55,3388,0.000295203,3387.6,
28/11/2019 11:00,3388,0,3387.8,
28/11/2019 11:05,3389,0.000295116,3388.2,
28/11/2019 11:10,3388,-0.000295116,3388,
28/11/2019 11:15,3386,-0.000590493,3387.8,
28/11/2019 11:20,3386,0,3387.4,
28/11/2019 11:25,3384,-0.000590842,3386.6,
28/11/2019 11:30,3385,0.000295465,3385.8,
28/11/2019 13:35,3386,0.000295377,3385.4,
28/11/2019 13:40,3385,-0.000295377,3385.2,
28/11/2019 13:45,3384,-0.000295465,3384.8,
28/11/2019 13:50,3383,-0.000295552,3384.6,
28/11/2019 13:55,3382,-0.000295639,3384,
28/11/2019 14:00,3379,-0.000887443,3382.6,
28/11/2019 14:05,3381,0.000591716,3381.8,
28/11/2019 14:10,3381,0,3381.2,
28/11/2019 14:15,3380,-0.000295814,3380.6,
28/11/2019 14:20,3380,0,3380.2,
28/11/2019 14:25,3378,-0.000591891,3380,
28/11/2019 14:30,3376,-0.000592242,3379,
28/11/2019 14:35,3374,-0.000592593,3377.6,
28/11/2019 14:40,3372,-0.000592944,3376,
28/11/2019 14:45,3367,-0.0014839,3373.4,
28/11/2019 14:50,3366,-0.000297044,3371,
28/11/2019 14:55,3368,0.000594001,3369.4,
28/11/2019 15:00,3355,-0.003867326,3365.6,
28/11/2019 21:05,3364,0.002678972,3364,
28/11/2019 21:10,3364,0,3363.4,
28/11/2019 21:15,3362,-0.000594707,3362.6,
28/11/2019 21:20,3363,0.000297398,3361.6,
28/11/2019 21:25,3365,0.00059453,3363.6,
28/11/2019 21:30,3367,0.000594177,3364.2,
28/11/2019 21:35,3367,0,3364.8,
28/11/2019 21:40,3370,0.000890604,3366.4,
28/11/2019 21:45,3372,0.000593296,3368.2,
28/11/2019 21:50,3371,-0.000296604,3369.4,
28/11/2019 21:55,3372,0.000296604,3370.4,
28/11/2019 22:00,3373,0.000296516,3371.6,
28/11/2019 22:05,3371,-0.00059312,3371.8,
28/11/2019 22:10,3371,0,3371.6,
28/11/2019 22:15,3368,-0.00089034,3371,
28/11/2019 22:20,3370,0.000593648,3370.6,
28/11/2019 22:25,3371,0.000296692,3370.2,
28/11/2019 22:30,3371,0,3370.2,
28/11/2019 22:35,3369,-0.000593472,3369.8,
28/11/2019 22:40,3370,0.00029678,3370.2,
28/11/2019 22:45,3369,-0.00029678,3370,
28/11/2019 22:50,3370,0.00029678,3369.8,
28/11/2019 22:55,3368,-0.000593648,3369.2,
28/11/2019 23:00,3366,-0.000594001,3368.6,
29/11/2019 09:05,3366,0,3367.8,
29/11/2019 09:10,3362,-0.001189061,3366.4,
29/11/2019 09:15,3364,0.000594707,3365.2,
29/11/2019 09:20,3364,0,3364.4,
29/11/2019 09:25,3362,-0.000594707,3363.6,
29/11/2019 09:30,3360,-0.000595061,3362.4,
29/11/2019 09:35,3363,0.000892459,3362.6,
29/11/2019 09:40,3363,0,3362.4,
29/11/2019 09:45,3362,-0.000297398,3362,
29/11/2019 09:50,3368,0.001783061,3363.2,
29/11/2019 09:55,3370,0.000593648,3365.2,
29/11/2019 10:00,3371,0.000296692,3366.8,
29/11/2019 10:05,3374,0.000889548,3369,
29/11/2019 10:10,3371,-0.000889548,3370.8,
29/11/2019 10:15,3370,-0.000296692,3371.2,
29/11/2019 10:30,3369,-0.00029678,3371,
29/11/2019 10:35,3365,-0.001188001,3369.8,
29/11/2019 10:40,3365,0,3368,
29/11/2019 10:45,3369,0.001188001,3367.6,
29/11/2019 10:50,3367,-0.000593824,3367,
29/11/2019 10:55,3367,0,3366.6,
29/11/2019 11:00,3366,-0.000297044,3366.8,
29/11/2019 11:05,3364,-0.000594354,3366.6,
29/11/2019 11:10,3365,0.000297221,3365.8,
29/11/2019 11:15,3365,0,3365.4,
29/11/2019 11:20,3364,-0.000297221,3364.8,
29/11/2019 11:25,3364,0,3364.4,
29/11/2019 11:30,3363,-0.000297309,3364.2,
29/11/2019 13:35,3364,0.000297309,3364,
29/11/2019 13:40,3368,0.001188354,3364.6,
29/11/2019 13:45,3367,-0.000296956,3365.2,
29/11/2019 13:50,3369,0.000593824,3366.2,
29/11/2019 13:55,3369,0,3367.4,
29/11/2019 14:00,3367,-0.000593824,3368,
29/11/2019 14:05,3367,0,3367.8,
29/11/2019 14:10,3368,0.000296956,3368,
29/11/2019 14:15,3369,0.000296868,3368,
29/11/2019 14:20,3367,-0.000593824,3367.6,
29/11/2019 14:25,3368,0.000296956,3367.8,
29/11/2019 14:30,3368,0,3368,
29/11/2019 14:35,3368,0,3368,
29/11/2019 14:40,3369,0.000296868,3368,
29/11/2019 14:45,3367,-0.000593824,3368,
29/11/2019 14:50,3366,-0.000297044,3367.6,
29/11/2019 14:55,3365,-0.000297133,3367,
29/11/2019 15:00,3366,0.000297133,3366.6,
29/11/2019 21:05,3373,0.00207746,3367.4,
29/11/2019 21:10,3377,0.001185185,3369.4,
29/11/2019 21:15,3376,-0.000296165,3371.4,
29/11/2019 21:20,3378,0.000592242,3374,
29/11/2019 21:25,3377,-0.000296077,3376.2,
29/11/2019 21:30,3377,0,3377,
29/11/2019 21:35,3376,-0.000296165,3376.8,
29/11/2019 21:40,3376,0,3376.8,
29/11/2019 21:45,3378,0.000592242,3376.8,
29/11/2019 21:50,3379,0.000295989,3377.2,
29/11/2019 21:55,3379,0,3377.6,
29/11/2019 22:00,3378,-0.000295989,3378,
29/11/2019 22:05,3379,0.000295989,3378.6,
29/11/2019 22:10,3379,0,3378.8,
29/11/2019 22:15,3380,0.000295902,3379,
29/11/2019 22:20,3380,0,3379.2,
29/11/2019 22:25,3379,-0.000295902,3379.4,
29/11/2019 22:30,3381,0.000591716,3379.8,
29/11/2019 22:35,3379,-0.000591716,3379.8,
29/11/2019 22:40,3374,-0.001480824,3378.6,
29/11/2019 22:45,3373,-0.000296428,3377.2,
29/11/2019 22:50,3373,0,3376,
29/11/2019 22:55,3374,0.000296428,3374.6,
29/11/2019 23:00,3368,-0.001779888,3372.4,
02/12/2019 09:05,3370,0.000593648,3371.6,
02/12/2019 09:10,3368,-0.000593648,3370.6,
02/12/2019 09:15,3371,0.00089034,3370.2,
02/12/2019 09:20,3375,0.001185888,3370.4,
02/12/2019 09:25,3372,-0.000889284,3371.2,
02/12/2019 09:30,3374,0.000592944,3372,
02/12/2019 09:35,3375,0.00029634,3373.4,
02/12/2019 09:40,3372,-0.000889284,3373.6,
02/12/2019 09:45,3374,0.000592944,3373.4,
02/12/2019 09:50,3372,-0.000592944,3373.4,
02/12/2019 09:55,3373,0.000296516,3373.2,
02/12/2019 10:00,3374,0.000296428,3373,
02/12/2019 10:05,3372,-0.000592944,3373,
02/12/2019 10:10,3374,0.000592944,3373,
02/12/2019 10:15,3373,-0.000296428,3373.2,
02/12/2019 10:30,3373,0,3373.2,
02/12/2019 10:35,3377,0.001185185,3373.8,
02/12/2019 10:40,3382,0.001479509,3375.8,
02/12/2019 10:45,3382,0,3377.4,
02/12/2019 10:50,3380,-0.000591541,3378.8,
02/12/2019 10:55,3379,-0.000295902,3380,
02/12/2019 11:00,3379,0,3380.4,
02/12/2019 11:05,3379,0,3379.8,
02/12/2019 11:10,3379,0,3379.2,
02/12/2019 11:15,3380,0.000295902,3379.2,
02/12/2019 11:20,3379,-0.000295902,3379.2,
02/12/2019 11:25,3378,-0.000295989,3379,
02/12/2019 11:30,3378,0,3378.8,
02/12/2019 13:35,3380,0.000591891,3379,
02/12/2019 13:40,3378,-0.000591891,3378.6,
02/12/2019 13:45,3380,0.000591891,3378.8,
02/12/2019 13:50,3378,-0.000591891,3378.8,
02/12/2019 13:55,3379,0.000295989,3379,
02/12/2019 14:00,3378,-0.000295989,3378.6,
02/12/2019 14:05,3378,0,3378.6,
02/12/2019 14:10,3380,0.000591891,3378.6,
02/12/2019 14:15,3380,0,3379,
02/12/2019 14:20,3380,0,3379.2,
02/12/2019 14:25,3379,-0.000295902,3379.4,
02/12/2019 14:30,3377,-0.000592066,3379.2,
02/12/2019 14:35,3375,-0.000592417,3378.2,
02/12/2019 14:40,3375,0,3377.2,
02/12/2019 14:45,3374,-0.00029634,3376,
02/12/2019 14:50,3376,0.000592593,3375.4,
02/12/2019 14:55,3380,0.001184133,3376,
02/12/2019 15:00,3385,0.001478197,3378,
02/12/2019 21:05,3382,-0.000886656,3379.4,
02/12/2019 21:10,3383,0.000295639,3381.2,
02/12/2019 21:15,3385,0.000591017,3383,
02/12/2019 21:20,3382,-0.000886656,3383.4,
02/12/2019 21:25,3382,0,3382.8,
02/12/2019 21:30,3383,0.000295639,3383,
02/12/2019 21:35,3382,-0.000295639,3382.8,
02/12/2019 21:40,3383,0.000295639,3382.4,
02/12/2019 21:45,3383,0,3382.6,
02/12/2019 21:50,3382,-0.000295639,3382.6,
02/12/2019 21:55,3384,0.000591191,3382.8,
02/12/2019 22:00,3383,-0.000295552,3383,
02/12/2019 22:05,3381,-0.000591366,3382.6,
02/12/2019 22:10,3381,0,3382.2,
02/12/2019 22:15,3382,0.000295727,3382.2,
02/12/2019 22:20,3382,0,3381.8,
02/12/2019 22:25,3382,0,3381.6,
02/12/2019 22:30,3382,0,3381.8,
02/12/2019 22:35,3381,-0.000295727,3381.8,
02/12/2019 22:40,3382,0.000295727,3381.8,
02/12/2019 22:45,3381,-0.000295727,3381.6,
02/12/2019 22:50,3381,0,3381.4,
02/12/2019 22:55,3383,0.000591366,3381.6,
02/12/2019 23:00,3383,0,3382,
03/12/2019 09:05,3383,0,3382.2,
03/12/2019 09:10,3382,-0.000295639,3382.4,
03/12/2019 09:15,3382,0,3382.6,
03/12/2019 09:20,3384,0.000591191,3382.8,
03/12/2019 09:25,3387,0.000886132,3383.6,
03/12/2019 09:30,3385,-0.000590667,3384,
03/12/2019 09:35,3389,0.001180986,3385.4,
03/12/2019 09:40,3386,-0.000885609,3386.2,
03/12/2019 09:45,3383,-0.000886394,3386,
03/12/2019 09:50,3385,0.000591017,3385.6,
03/12/2019 09:55,3382,-0.000886656,3385,
03/12/2019 10:00,3383,0.000295639,3383.8,
03/12/2019 10:05,3384,0.000295552,3383.4,
03/12/2019 10:10,3387,0.000886132,3384.2,
03/12/2019 10:15,3385,-0.000590667,3384.2,
03/12/2019 10:30,3385,0,3384.8,
03/12/2019 10:35,3388,0.00088587,3385.8,
03/12/2019 10:40,3389,0.000295116,3386.8,
03/12/2019 10:45,3391,0.000589971,3387.6,
03/12/2019 10:50,3390,-0.000294942,3388.6,
03/12/2019 10:55,3389,-0.000295029,3389.4,
03/12/2019 11:00,3392,0.000884825,3390.2,
03/12/2019 11:05,3392,0,3390.8,
03/12/2019 11:10,3395,0.000884043,3391.6,
03/12/2019 11:15,3415,0.005873732,3396.6,
03/12/2019 11:20,3410,-0.001465202,3400.8,
03/12/2019 11:25,3404,-0.001761081,3403.2,
03/12/2019 11:30,3404,0,3405.6,
03/12/2019 13:35,3407,0.000880928,3408,
03/12/2019 13:40,3407,0,3406.4,
03/12/2019 13:45,3407,0,3405.8,
03/12/2019 13:50,3412,0.001466491,3407.4,
03/12/2019 13:55,3415,0.000878863,3409.6,
03/12/2019 14:00,3419,0.001170618,3412,
03/12/2019 14:05,3420,0.00029244,3414.6,
03/12/2019 14:10,3422,0.000584624,3417.6,
03/12/2019 14:15,3424,0.000584283,3420,
03/12/2019 14:20,3425,0.000292013,3422,
03/12/2019 14:25,3426,0.000291928,3423.4,
03/12/2019 14:30,3431,0.001458364,3425.6,
03/12/2019 14:35,3439,0.002328968,3429,
03/12/2019 14:40,3438,-0.000290824,3431.8,
03/12/2019 14:45,3443,0.001453277,3435.4,
03/12/2019 14:50,3444,0.000290402,3439,
03/12/2019 14:55,3449,0.001450747,3442.6,
03/12/2019 15:00,3457,0.002316827,3446.2,
03/12/2019 21:05,3810,0.097228028,3520.6,
03/12/2019 21:10,3799,-0.002891315,3591.8,
03/12/2019 21:15,3801,0.000526316,3663.2,
03/12/2019 21:20,3797,-0.001052909,3732.8,
03/12/2019 21:25,3799,0.000526593,3801.2,
03/12/2019 21:30,3799,0,3799,
03/12/2019 21:35,3798,-0.000263262,3798.8,
03/12/2019 21:40,3803,0.001315617,3799.2,
03/12/2019 21:45,3819,0.004198379,3803.6,
03/12/2019 21:50,3807,-0.003147131,3805.2,
03/12/2019 21:55,3822,0.003932368,3809.8,
03/12/2019 22:00,3827,0.001307361,3815.6,
03/12/2019 22:05,3830,0.000783597,3821,
03/12/2019 22:10,3833,0.000782983,3823.8,
03/12/2019 22:15,3829,-0.001044114,3828.2,
03/12/2019 22:20,3805,-0.006287681,3824.8,
03/12/2019 22:25,3807,0.000525486,3820.8,
03/12/2019 22:30,3807,0,3816.2,
03/12/2019 22:35,3808,0.00026264,3811.2,
03/12/2019 22:40,3805,-0.000788126,3806.4,
03/12/2019 22:45,3803,-0.000525762,3806,
03/12/2019 22:50,3803,0,3805.2,
03/12/2019 22:55,3806,0.00078854,3805,
03/12/2019 23:00,3806,0,3804.6,
04/12/2019 09:05,3819,0.003409839,3807.4,
04/12/2019 09:10,3818,-0.000261883,3810.4,
04/12/2019 09:15,3820,0.000523697,3813.8,
04/12/2019 09:20,3819,-0.000261814,3816.4,
04/12/2019 09:25,3809,-0.002621921,3817,
04/12/2019 09:30,3814,0.00131182,3816,
04/12/2019 09:35,3806,-0.002099738,3813.6,
04/12/2019 09:40,3812,0.001575217,3812,
04/12/2019 09:45,3812,0,3810.6,
04/12/2019 09:50,3811,-0.000262364,3811,
04/12/2019 09:55,3810,-0.000262433,3810.2,
04/12/2019 10:00,3814,0.001049318,3811.8,
04/12/2019 10:05,3817,0.000786267,3812.8,
04/12/2019 10:10,3823,0.001570681,3815,
04/12/2019 10:15,3822,-0.000261609,3817.2,
04/12/2019 10:20,3821,-0.000261677,3819.4,
04/12/2019 10:35,3829,0.002091504,3822.4,
04/12/2019 10:40,3839,0.002608244,3826.8,
04/12/2019 10:45,3833,-0.00156413,3828.8,
04/12/2019 10:50,3828,-0.001305313,3830,
04/12/2019 10:55,3827,-0.000261267,3831.2,
04/12/2019 11:00,3831,0.001044659,3831.6,
04/12/2019 11:05,3838,0.001825532,3831.4,
04/12/2019 11:10,3843,0.001301914,3833.4,
04/12/2019 11:15,3839,-0.001041396,3835.6,
04/12/2019 11:20,3842,0.000781148,3838.6,
04/12/2019 11:25,3839,-0.000781148,3840.2,
04/12/2019 11:30,3843,0.001041396,3841.2,
04/12/2019 13:35,3844,0.00026018,3841.4,
04/12/2019 13:40,3849,0.001299883,3843.4,
04/12/2019 13:45,3848,-0.000259841,3844.6,
04/12/2019 13:50,3842,-0.001560468,3845.2,
04/12/2019 13:55,3839,-0.000781148,3844.4,
04/12/2019 14:00,3838,-0.000260518,3843.2,
04/12/2019 14:05,3840,0.000520969,3841.4,
04/12/2019 14:10,3845,0.001301236,3840.8,
04/12/2019 14:15,3848,0.00077993,3842,
04/12/2019 14:20,3852,0.001038961,3844.6,
04/12/2019 14:25,3850,-0.000519346,3847,
04/12/2019 14:30,3847,-0.000779525,3848.4,
04/12/2019 14:35,3857,0.002596055,3850.8,
04/12/2019 14:40,3860,0.000777504,3853.2,
04/12/2019 14:45,3864,0.001035733,3855.6,
04/12/2019 14:50,3853,-0.002850851,3856.2,
04/12/2019 14:55,3855,0.000518941,3857.8,
04/12/2019 15:00,3848,-0.001817474,3856,
04/12/2019 21:05,3845,-0.00077993,3853,
04/12/2019 21:10,3843,-0.000520291,3848.8,
04/12/2019 21:15,3854,0.002858258,3849,
04/12/2019 21:20,3853,-0.000259504,3848.6,
04/12/2019 21:25,3850,-0.000778917,3849,
04/12/2019 21:30,3837,-0.003382337,3847.4,
04/12/2019 21:35,3843,0.0015625,3847.4,
04/12/2019 21:40,3843,0,3845.2,
04/12/2019 21:45,3845,0.000520291,3843.6,
04/12/2019 21:50,3844,-0.000260112,3842.4,
04/12/2019 21:55,3846,0.000520156,3844.2,
04/12/2019 22:00,3852,0.001558847,3846,
04/12/2019 22:05,3853,0.000259572,3848,
04/12/2019 22:10,3852,-0.000259572,3849.4,
04/12/2019 22:15,3857,0.001297185,3852,
04/12/2019 22:20,3856,-0.000259302,3854,
04/12/2019 22:25,3854,-0.000518807,3854.4,
04/12/2019 22:30,3857,0.000778109,3855.2,
04/12/2019 22:35,3859,0.000518403,3856.6,
04/12/2019 22:40,3855,-0.001037076,3856.2,
04/12/2019 22:45,3859,0.001037076,3856.8,
04/12/2019 22:50,3857,-0.000518403,3857.4,
04/12/2019 22:55,3854,-0.000778109,3856.8,
04/12/2019 23:00,3855,0.000259437,3856,
05/12/2019 09:05,3859,0.001037076,3856.8,
05/12/2019 09:10,3855,-0.001037076,3856,
05/12/2019 09:15,3856,0.00025937,3855.8,
05/12/2019 09:20,3855,-0.00025937,3856,
05/12/2019 09:25,3855,0,3856,
05/12/2019 09:30,3856,0.00025937,3855.4,
05/12/2019 09:35,3866,0.002590004,3857.6,
05/12/2019 09:40,3863,-0.000776297,3859,
05/12/2019 09:45,3865,0.000517598,3861,
05/12/2019 09:50,3863,-0.000517598,3862.6,
05/12/2019 09:55,3870,0.001810423,3865.4,
05/12/2019 10:00,3866,-0.001034126,3865.4,
05/12/2019 10:05,3869,0.000775695,3866.6,
05/12/2019 10:10,3870,0.000258431,3867.6,
05/12/2019 10:15,3869,-0.000258431,3868.8,
05/12/2019 10:35,3871,0.000516796,3869,
05/12/2019 10:40,3876,0.001290822,3871,
05/12/2019 10:45,3879,0.000773694,3873,
05/12/2019 10:50,3880,0.000257765,3875,
05/12/2019 10:55,3876,-0.00103146,3876.4,
05/12/2019 11:00,3879,0.000773694,3878,
05/12/2019 11:05,3872,-0.001806219,3877.2,
05/12/2019 11:10,3874,0.000516396,3876.2,
05/12/2019 11:15,3877,0.000774094,3875.6,
05/12/2019 11:20,3871,-0.001548787,3874.6,
05/12/2019 11:25,3870,-0.000258365,3872.8,
05/12/2019 11:30,3865,-0.001292825,3871.4,
05/12/2019 13:35,3863,-0.000517598,3869.2,
05/12/2019 13:40,3864,0.000258833,3866.6,
05/12/2019 13:45,3862,-0.000517732,3864.8,
05/12/2019 13:50,3866,0.001035197,3864,
05/12/2019 13:55,3868,0.000517197,3864.6,
05/12/2019 14:00,3867,-0.000258565,3865.4,
05/12/2019 14:05,3865,-0.000517331,3865.6,
05/12/2019 14:10,3867,0.000517331,3866.6,
05/12/2019 14:15,3872,0.001292157,3867.8,
05/12/2019 14:20,3870,-0.000516662,3868.2,
05/12/2019 14:25,3869,-0.000258431,3868.6,
05/12/2019 14:30,3869,0,3869.4,
05/12/2019 14:35,3865,-0.001034394,3869,
05/12/2019 14:40,3868,0.000775896,3868.2,
05/12/2019 14:45,3872,0.001033592,3868.6,
05/12/2019 14:50,3871,-0.000258298,3869,
05/12/2019 14:55,3872,0.000258298,3869.6,
05/12/2019 15:00,3876,0.001032525,3871.8,
05/12/2019 21:05,3871,-0.001290822,3872.4,
05/12/2019 21:10,3867,-0.001033859,3871.4,
05/12/2019 21:15,3870,0.000775494,3871.2,
05/12/2019 21:20,3876,0.001549187,3872,
05/12/2019 21:25,3872,-0.001032525,3871.2,
05/12/2019 21:30,3864,-0.002068253,3869.8,
05/12/2019 21:35,3867,0.000776096,3869.8,
05/12/2019 21:40,3866,-0.000258632,3869,
05/12/2019 21:45,3862,-0.001035197,3866.2,
05/12/2019 21:50,3863,0.0002589,3864.4,
05/12/2019 21:55,3861,-0.000517866,3863.8,
05/12/2019 22:00,3861,0,3862.6,
05/12/2019 22:05,3864,0.000776699,3862.2,
05/12/2019 22:10,3861,-0.000776699,3862,
05/12/2019 22:15,3866,0.001294164,3862.6,
05/12/2019 22:20,3865,-0.000258699,3863.4,
05/12/2019 22:25,3864,-0.000258766,3864,
05/12/2019 22:30,3863,-0.000258833,3863.8,
05/12/2019 22:35,3862,-0.0002589,3864,
05/12/2019 22:40,3864,0.000517732,3863.6,
05/12/2019 22:45,3863,-0.000258833,3863.2,
05/12/2019 22:50,3869,0.001551992,3864.2,
05/12/2019 22:55,3867,-0.000517063,3865,
05/12/2019 23:00,3869,0.000517063,3866.4,
06/12/2019 09:05,3864,-0.001293159,3866.4,
06/12/2019 09:10,3869,0.001293159,3867.6,
06/12/2019 09:15,3868,-0.000258498,3867.4,
06/12/2019 09:20,3868,0,3867.6,
06/12/2019 09:25,3869,0.000258498,3867.6,
06/12/2019 09:30,3867,-0.000517063,3868.2,
06/12/2019 09:35,3867,0,3867.8,
06/12/2019 09:40,3868,0.000258565,3867.8,
06/12/2019 09:45,3870,0.000516929,3868.2,
06/12/2019 09:50,3870,0,3868.4,
06/12/2019 09:55,3869,-0.000258431,3868.8,
06/12/2019 10:00,3868,-0.000258498,3869,
06/12/2019 10:05,3868,0,3869,
06/12/2019 10:10,3866,-0.000517197,3868.2,
06/12/2019 10:15,3869,0.000775695,3868,
06/12/2019 10:30,3868,-0.000258498,3867.8,
06/12/2019 10:35,3870,0.000516929,3868.2,
06/12/2019 10:40,3862,-0.002069323,3867,
06/12/2019 10:45,3862,0,3866.2,
06/12/2019 10:50,3865,0.000776498,3865.4,
06/12/2019 10:55,3866,0.000258699,3865,
06/12/2019 11:00,3869,0.000775695,3864.8,
06/12/2019 11:05,3870,0.000258431,3866.4,
06/12/2019 11:10,3874,0.001033058,3868.8,
06/12/2019 11:15,3878,0.001031992,3871.4,
06/12/2019 11:20,3878,0,3873.8,
06/12/2019 11:25,3880,0.000515597,3876,
06/12/2019 11:30,3879,-0.000257765,3877.8,
06/12/2019 13:35,3880,0.000257765,3879,
06/12/2019 13:40,3877,-0.000773495,3878.8,
06/12/2019 13:45,3873,-0.001032258,3877.8,
06/12/2019 13:50,3877,0.001032258,3877.2,
06/12/2019 13:55,3878,0.000257898,3877,
06/12/2019 14:00,3877,-0.000257898,3876.4,
06/12/2019 14:05,3877,0,3876.4,
06/12/2019 14:10,3873,-0.001032258,3876.4,
06/12/2019 14:15,3876,0.000774293,3876.2,
06/12/2019 14:20,3875,-0.000258031,3875.6,
06/12/2019 14:25,3873,-0.000516262,3874.8,
06/12/2019 14:30,3877,0.001032258,3874.8,
06/12/2019 14:35,3878,0.000257898,3875.8,
06/12/2019 14:40,3880,0.000515597,3876.6,
06/12/2019 14:45,3879,-0.000257765,3877.4,
06/12/2019 14:50,3879,0,3878.6,
06/12/2019 14:55,3878,-0.000257832,3878.8,
06/12/2019 15:00,3880,0.000515597,3879.2,
06/12/2019 21:05,3886,0.001545197,3880.4,
06/12/2019 21:10,3887,0.000257301,3882,
06/12/2019 21:15,3887,0,3883.6,
06/12/2019 21:20,3884,-0.000772101,3884.8,
06/12/2019 21:25,3886,0.000514801,3886,
06/12/2019 21:30,3887,0.000257301,3886.2,
06/12/2019 21:35,3887,0,3886.2,
06/12/2019 21:40,3887,0,3886.2,
06/12/2019 21:45,3885,-0.000514668,3886.4,
06/12/2019 21:50,3880,-0.00128783,3885.2,
06/12/2019 21:55,3878,-0.000515597,3883.4,
06/12/2019 22:00,3880,0.000515597,3882,
06/12/2019 22:05,3879,-0.000257765,3880.4,
06/12/2019 22:10,3876,-0.000773694,3878.6,
06/12/2019 22:15,3878,0.000515863,3878.2,
06/12/2019 22:20,3877,-0.000257898,3878,
06/12/2019 22:25,3877,0,3877.4,
06/12/2019 22:30,3877,0,3877,
06/12/2019 22:35,3879,0.00051573,3877.6,
06/12/2019 22:40,3879,0,3877.8,
06/12/2019 22:45,3876,-0.000773694,3877.6,
06/12/2019 22:50,3876,0,3877.4,
06/12/2019 22:55,3878,0.000515863,3877.6,
06/12/2019 23:00,3880,0.000515597,3877.8,
09/12/2019 09:05,3866,-0.003614773,3875.2,
09/12/2019 09:10,3865,-0.000258699,3873,
09/12/2019 09:15,3862,-0.000776498,3870.2,
09/12/2019 09:20,3857,-0.001295505,3866,
09/12/2019 09:25,3864,0.001813237,3862.8,
09/12/2019 09:30,3868,0.001034661,3863.2,
09/12/2019 09:35,3868,0,3863.8,
09/12/2019 09:40,3867,-0.000258565,3864.8,
09/12/2019 09:45,3863,-0.001034929,3866,
09/12/2019 09:50,3864,0.000258833,3866,
09/12/2019 09:55,3858,-0.001554002,3864,
09/12/2019 10:00,3860,0.000518269,3862.4,
09/12/2019 10:05,3860,0,3861,
09/12/2019 10:10,3859,-0.000259101,3860.2,
09/12/2019 10:15,3855,-0.001037076,3858.4,
09/12/2019 10:20,3855,0,3857.8,
09/12/2019 10:35,3856,0.00025937,3857,
09/12/2019 10:40,3857,0.000259302,3856.4,
09/12/2019 10:45,3859,0.000518403,3856.4,
09/12/2019 10:50,3863,0.001036001,3858,
09/12/2019 10:55,3871,0.002068788,3861.2,
09/12/2019 11:00,3868,-0.000775294,3863.6,
09/12/2019 11:05,3867,-0.000258565,3865.6,
09/12/2019 11:10,3868,0.000258565,3867.4,
09/12/2019 11:15,3866,-0.000517197,3868,
09/12/2019 11:20,3867,0.000258632,3867.2,
09/12/2019 11:25,3866,-0.000258632,3866.8,
09/12/2019 11:30,3866,0,3866.6,
09/12/2019 13:35,3863,-0.000776297,3865.6,
09/12/2019 13:40,3864,0.000258833,3865.2,
09/12/2019 13:45,3864,0,3864.6,
09/12/2019 13:50,3862,-0.000517732,3863.8,
09/12/2019 13:55,3868,0.001552394,3864.2,
09/12/2019 14:00,3867,-0.000258565,3865,
09/12/2019 14:05,3867,0,3865.6,
09/12/2019 14:10,3863,-0.001034929,3865.4,
09/12/2019 14:15,3864,0.000258833,3865.8,
09/12/2019 14:20,3865,0.000258766,3865.2,
09/12/2019 14:25,3868,0.000775896,3865.4,
09/12/2019 14:30,3868,0,3865.6,
09/12/2019 14:35,3863,-0.001293494,3865.6,
09/12/2019 14:40,3861,-0.000517866,3865,
09/12/2019 14:45,3857,-0.001036538,3863.4,
09/12/2019 14:50,3858,0.000259235,3861.4,
09/12/2019 14:55,3861,0.000777303,3860,
09/12/2019 15:00,3857,-0.001036538,3858.8,
09/12/2019 21:05,3865,0.002072003,3859.6,
09/12/2019 21:10,3859,-0.001553599,3860,
09/12/2019 21:15,3858,-0.000259168,3860,
09/12/2019 21:20,3857,-0.000259235,3859.2,
09/12/2019 21:25,3849,-0.002076305,3857.6,
09/12/2019 21:30,3848,-0.000259841,3854.2,
09/12/2019 21:35,3850,0.000519615,3852.4,
09/12/2019 21:40,3852,0.000519346,3851.2,
09/12/2019 21:45,3860,0.00207469,3851.8,
09/12/2019 21:50,3863,0.0007769,3854.6,
09/12/2019 21:55,3866,0.000776297,3858.2,
09/12/2019 22:00,3874,0.002067184,3863,
09/12/2019 22:05,3874,0,3867.4,
09/12/2019 22:10,3883,0.002320486,3872,
09/12/2019 22:15,3884,0.0002575,3876.2,
09/12/2019 22:20,3887,0.000772101,3880.4,
09/12/2019 22:25,3895,0.002056027,3884.6,
09/12/2019 22:30,3911,0.004099416,3892,
09/12/2019 22:35,3899,-0.003072986,3895.2,
09/12/2019 22:40,3902,0.000769132,3898.8,
09/12/2019 22:45,3897,-0.001282216,3900.8,
09/12/2019 22:50,3899,0.000513084,3901.6,
09/12/2019 22:55,3901,0.000512821,3899.6,
09/12/2019 23:00,3904,0.000768738,3900.6,
10/12/2019 09:05,3914,0.0025582,3903,
10/12/2019 09:10,3939,0.006367015,3911.4,
10/12/2019 09:15,3937,-0.000507872,3919,
10/12/2019 09:20,3933,-0.001016519,3925.4,
10/12/2019 09:25,3936,0.000762486,3931.8,
10/12/2019 09:30,3937,0.000254033,3936.4,
10/12/2019 09:35,3936,-0.000254033,3935.8,
10/12/2019 09:40,3931,-0.001271133,3934.6,
10/12/2019 09:45,3928,-0.000763456,3933.6,
10/12/2019 09:50,3933,0.001272103,3933,
10/12/2019 09:55,3935,0.000508388,3932.6,
10/12/2019 10:00,3934,-0.000254162,3932.2,
10/12/2019 10:05,3929,-0.001271779,3931.8,
10/12/2019 10:10,3927,-0.000509165,3931.6,
10/12/2019 10:15,3930,0.00076365,3931,
10/12/2019 10:30,3931,0.000254421,3930.2,
10/12/2019 10:35,3934,0.000762874,3930.2,
10/12/2019 10:40,3934,0,3931.2,
10/12/2019 10:45,3936,0.000508259,3933,
10/12/2019 10:50,3937,0.000254033,3934.4,
10/12/2019 10:55,3939,0.000507872,3936,
10/12/2019 11:00,3941,0.000507614,3937.4,
10/12/2019 11:05,3939,-0.000507614,3938.4,
10/12/2019 11:10,3937,-0.000507872,3938.6,
10/12/2019 11:15,3939,0.000507872,3939,
10/12/2019 11:20,3940,0.000253839,3939.2,
10/12/2019 11:25,3946,0.001521684,3940.2,
10/12/2019 11:30,3950,0.001013171,3942.4,
10/12/2019 13:35,3945,-0.001266625,3944,
10/12/2019 13:40,3941,-0.001014456,3944.4,
10/12/2019 13:45,3941,0,3944.6,
10/12/2019 13:50,3944,0.000760939,3944.2,
10/12/2019 13:55,3947,0.00076036,3943.6,
10/12/2019 14:00,3942,-0.001267588,3943,
10/12/2019 14:05,3942,0,3943.2,
10/12/2019 14:10,3938,-0.001015229,3942.6,
10/12/2019 14:15,3924,-0.003561439,3938.6,
10/12/2019 14:20,3929,0.001273399,3935,
10/12/2019 14:25,3922,-0.001783213,3931,
10/12/2019 14:30,3920,-0.000510074,3926.6,
10/12/2019 14:35,3921,0.00025507,3923.2,
10/12/2019 14:40,3900,-0.00537017,3918.4,
10/12/2019 14:45,3884,-0.004111003,3909.4,
10/12/2019 14:50,3879,-0.001288162,3900.8,
10/12/2019 14:55,3883,0.001030662,3893.4,
10/12/2019 15:00,3880,-0.000772897,3885.2,
10/12/2019 21:05,3883,0.000772897,3881.8,
10/12/2019 21:10,3880,-0.000772897,3881,
10/12/2019 21:15,3881,0.000257699,3881.4,
10/12/2019 21:20,3874,-0.001805287,3879.6,
10/12/2019 21:25,3869,-0.001291489,3877.4,
10/12/2019 21:30,3875,0.001549587,3875.8,
10/12/2019 21:35,3879,0.001031726,3875.6,
10/12/2019 21:40,3882,0.000773096,3875.8,
10/12/2019 21:45,3879,-0.000773096,3876.8,
10/12/2019 21:50,3880,0.000257765,3879,
10/12/2019 21:55,3880,0,3880,
10/12/2019 22:00,3874,-0.001547589,3879,
10/12/2019 22:05,3880,0.001547589,3878.6,
10/12/2019 22:10,3881,0.000257699,3879,
10/12/2019 22:15,3882,0.000257632,3879.4,
10/12/2019 22:20,3884,0.000515066,3880.2,
10/12/2019 22:25,3879,-0.001288162,3881.2,
10/12/2019 22:30,3882,0.000773096,3881.6,
10/12/2019 22:35,3883,0.000257566,3882,
10/12/2019 22:40,3882,-0.000257566,3882,
10/12/2019 22:45,3881,-0.000257632,3881.4,
10/12/2019 22:50,3880,-0.000257699,3881.6,
10/12/2019 22:55,3880,0,3881.2,
10/12/2019 23:00,3877,-0.000773495,3880,
11/12/2019 09:05,3874,-0.000774094,3878.4,
11/12/2019 09:10,3873,-0.000258164,3876.8,
11/12/2019 09:15,3880,0.001805753,3876.8,
11/12/2019 09:20,3872,-0.002063984,3875.2,
11/12/2019 09:25,3873,0.000258231,3874.4,
11/12/2019 09:30,3865,-0.002067718,3872.6,
11/12/2019 09:35,3874,0.002325883,3872.8,
11/12/2019 09:40,3872,-0.000516396,3871.2,
11/12/2019 09:45,3874,0.000516396,3871.6,
11/12/2019 09:50,3879,0.001289823,3872.8,
11/12/2019 09:55,3879,0,3875.6,
11/12/2019 10:00,3876,-0.000773694,3876,
11/12/2019 10:05,3876,0,3876.8,
11/12/2019 10:10,3871,-0.001290822,3876.2,
11/12/2019 10:15,3870,-0.000258365,3874.4,
11/12/2019 10:30,3868,-0.000516929,3872.2,
11/12/2019 10:35,3871,0.000775294,3871.2,
11/12/2019 10:40,3871,0,3870.2,
11/12/2019 10:45,3873,0.000516529,3870.6,
11/12/2019 10:50,3870,-0.000774893,3870.6,
11/12/2019 10:55,3870,0,3871,
11/12/2019 11:00,3871,0.000258365,3871,
11/12/2019 11:05,3866,-0.001292491,3870,
11/12/2019 11:10,3866,0,3868.6,
11/12/2019 11:15,3865,-0.000258699,3867.6,
11/12/2019 11:20,3875,0.002583981,3868.6,
11/12/2019 11:25,3874,-0.000258098,3869.2,
11/12/2019 11:30,3872,-0.000516396,3870.4,
11/12/2019 13:35,3876,0.001032525,3872.4,
11/12/2019 13:40,3877,0.000257965,3874.8,
11/12/2019 13:45,3880,0.000773495,3875.8,
11/12/2019 13:50,3880,0,3877,
11/12/2019 13:55,3880,0,3878.6,
11/12/2019 14:00,3877,-0.000773495,3878.8,
11/12/2019 14:05,3876,-0.000257965,3878.6,
11/12/2019 14:10,3877,0.000257965,3878,
11/12/2019 14:15,3877,0,3877.4,
11/12/2019 14:20,3878,0.000257898,3877,
11/12/2019 14:25,3879,0.000257832,3877.4,
11/12/2019 14:30,3893,0.00360268,3880.8,
11/12/2019 14:35,3894,0.000256838,3884.2,
11/12/2019 14:40,3898,0.001026694,3888.4,
11/12/2019 14:45,3894,-0.001026694,3891.6,
11/12/2019 14:50,3896,0.000513479,3895,
11/12/2019 14:55,3895,-0.000256706,3895.4,
11/12/2019 15:00,3895,0,3895.6,
11/12/2019 21:05,3909,0.003587907,3897.8,
11/12/2019 21:10,3902,-0.001792345,3899.4,
11/12/2019 21:15,3904,0.000512426,3901,
11/12/2019 21:20,3906,0.000512164,3903.2,
11/12/2019 21:25,3902,-0.00102459,3904.6,
11/12/2019 21:30,3900,-0.000512689,3902.8,
11/12/2019 21:35,3888,-0.003081667,3900,
11/12/2019 21:40,3889,0.000257169,3897,
11/12/2019 21:45,3889,0,3893.6,
11/12/2019 21:50,3887,-0.000514403,3890.6,
11/12/2019 21:55,3888,0.000257235,3888.2,
11/12/2019 22:00,3885,-0.000771903,3887.6,
11/12/2019 22:05,3884,-0.000257433,3886.6,
11/12/2019 22:10,3886,0.000514801,3886,
11/12/2019 22:15,3885,-0.000257367,3885.6,
11/12/2019 22:20,3887,0.000514668,3885.4,
11/12/2019 22:25,3885,-0.000514668,3885.4,
11/12/2019 22:30,3881,-0.001030131,3884.8,
11/12/2019 22:35,3878,-0.000773296,3883.2,
11/12/2019 22:40,3880,0.000515597,3882.2,
11/12/2019 22:45,3883,0.000772897,3881.4,
11/12/2019 22:50,3884,0.0002575,3881.2,
11/12/2019 22:55,3882,-0.000515066,3881.4,
11/12/2019 23:00,3883,0.000257566,3882.4,
12/12/2019 09:05,3886,0.0007723,3883.6,
12/12/2019 09:10,3887,0.000257301,3884.4,
12/12/2019 09:15,3890,0.000771506,3885.6,
12/12/2019 09:20,3882,-0.002058673,3885.6,
12/12/2019 09:25,3877,-0.001288826,3884.4,
12/12/2019 09:30,3874,-0.000774094,3882,
12/12/2019 09:35,3874,0,3879.4,
12/12/2019 09:40,3872,-0.000516396,3875.8,
12/12/2019 09:45,3878,0.001548387,3875,
12/12/2019 09:50,3877,-0.000257898,3875,
12/12/2019 09:55,3876,-0.000257965,3875.4,
12/12/2019 10:00,3876,0,3875.8,
12/12/2019 10:05,3881,0.001289158,3877.6,
12/12/2019 10:10,3877,-0.001031194,3877.4,
12/12/2019 10:15,3879,0.00051573,3877.8,
12/12/2019 10:30,3878,-0.000257832,3878.2,
12/12/2019 10:35,3879,0.000257832,3878.8,
12/12/2019 10:40,3880,0.000257765,3878.6,
12/12/2019 10:45,3879,-0.000257765,3879,
12/12/2019 10:50,3872,-0.001806219,3877.6,
12/12/2019 10:55,3877,0.001290489,3877.4,
12/12/2019 11:00,3874,-0.000774094,3876.4,
12/12/2019 11:05,3876,0.000516129,3875.6,
12/12/2019 11:10,3876,0,3875,
12/12/2019 11:15,3874,-0.000516129,3875.4,
12/12/2019 11:20,3875,0.000258098,3875,
12/12/2019 11:25,3875,0,3875.2,
12/12/2019 11:30,3873,-0.000516262,3874.6,
12/12/2019 13:35,3873,0,3874,
12/12/2019 13:40,3874,0.000258164,3874,
12/12/2019 13:45,3877,0.000774094,3874.4,
12/12/2019 13:50,3877,0,3874.8,
12/12/2019 13:55,3879,0.00051573,3876,
12/12/2019 14:00,3876,-0.000773694,3876.6,
12/12/2019 14:05,3877,0.000257965,3877.2,
12/12/2019 14:10,3876,-0.000257965,3877,
12/12/2019 14:15,3875,-0.000258031,3876.6,
12/12/2019 14:20,3875,0,3875.8,
12/12/2019 14:25,3875,0,3875.6,
12/12/2019 14:30,3877,0.000515996,3875.6,
12/12/2019 14:35,3878,0.000257898,3876,
12/12/2019 14:40,3877,-0.000257898,3876.4,
12/12/2019 14:45,3876,-0.000257965,3876.6,
12/12/2019 14:50,3874,-0.000516129,3876.4,
12/12/2019 14:55,3876,0.000516129,3876.2,
12/12/2019 15:00,3878,0.000515863,3876.2,
12/12/2019 21:05,3870,-0.00206505,3874.8,
12/12/2019 21:10,3876,0.001549187,3874.8,
12/12/2019 21:15,3877,0.000257965,3875.4,
12/12/2019 21:20,3879,0.00051573,3876,
12/12/2019 21:25,3884,0.001288162,3877.2,
12/12/2019 21:30,3884,0,3880,
12/12/2019 21:35,3890,0.001543607,3882.8,
12/12/2019 21:40,3890,0,3885.4,
12/12/2019 21:45,3896,0.001541228,3888.8,
12/12/2019 21:50,3892,-0.001027221,3890.4,
12/12/2019 21:55,3894,0.000513743,3892.4,
12/12/2019 22:00,3896,0.000513479,3893.6,
12/12/2019 22:05,3888,-0.002055499,3893.2,
12/12/2019 22:10,3889,0.000257169,3891.8,
12/12/2019 22:15,3886,-0.000771704,3890.6,
12/12/2019 22:20,3886,0,3889,
12/12/2019 22:25,3889,0.000771704,3887.6,
12/12/2019 22:30,3889,0,3887.8,
12/12/2019 22:35,3887,-0.000514403,3887.4,
12/12/2019 22:40,3887,0,3887.6,
12/12/2019 22:45,3887,0,3887.8,
12/12/2019 22:50,3884,-0.000772101,3886.8,
12/12/2019 22:55,3885,0.000257433,3886,
12/12/2019 23:00,3888,0.000771903,3886.2,
13/12/2019 09:05,3882,-0.001544402,3885.2,
13/12/2019 09:10,3880,-0.000515331,3883.8,
13/12/2019 09:15,3885,0.00128783,3884,
13/12/2019 09:20,3886,0.000257367,3884.2,
13/12/2019 09:25,3887,0.000257301,3884,
13/12/2019 09:30,3889,0.000514403,3885.4,
13/12/2019 09:35,3889,0,3887.2,
13/12/2019 09:40,3893,0.001028013,3888.8,
13/12/2019 09:45,3893,0,3890.2,
13/12/2019 09:50,3890,-0.000770911,3890.8,
13/12/2019 09:55,3890,0,3891,
13/12/2019 10:00,3891,0.000257036,3891.4,
13/12/2019 10:05,3892,0.00025697,3891.2,
13/12/2019 10:10,3891,-0.00025697,3890.8,
13/12/2019 10:15,3890,-0.000257036,3890.8,
13/12/2019 10:30,3890,0,3890.8,
13/12/2019 10:35,3889,-0.000257102,3890.4,
13/12/2019 10:40,3889,0,3889.8,
13/12/2019 10:45,3891,0.000514139,3889.8,
13/12/2019 10:50,3893,0.000513875,3890.4,
13/12/2019 10:55,3912,0.004868684,3894.8,
13/12/2019 11:00,3907,-0.001278936,3898.4,
13/12/2019 11:05,3906,-0.000255984,3901.8,
13/12/2019 11:10,3904,-0.000512164,3904.4,
13/12/2019 11:15,3890,-0.003592511,3903.8,
13/12/2019 11:20,3881,-0.002316305,3897.6,
13/12/2019 11:25,3885,0.001030131,3893.2,
13/12/2019 11:30,3876,-0.00231929,3887.2,
13/12/2019 13:40,3865,-0.002842012,3879.4,
13/12/2019 13:45,3860,-0.001294499,3873.4,
13/12/2019 13:50,3861,0.000259034,3869.4,
13/12/2019 13:55,3862,0.000258967,3864.8,
13/12/2019 14:00,3862,0,3862,
13/12/2019 14:05,3860,-0.000518001,3861,
13/12/2019 14:10,3862,0.000518001,3861.4,
13/12/2019 14:15,3865,0.000776498,3862.2,
13/12/2019 14:20,3873,0.002067718,3864.4,
13/12/2019 14:25,3874,0.000258164,3866.8,
13/12/2019 14:30,3871,-0.000774693,3869,
13/12/2019 14:35,3866,-0.001292491,3869.8,
13/12/2019 14:40,3868,0.000517197,3870.4,
13/12/2019 14:45,3870,0.000516929,3869.8,
13/12/2019 14:50,3871,0.000258365,3869.2,
13/12/2019 14:55,3875,0.001032791,3870,
13/12/2019 15:00,3872,-0.000774493,3871.2,
13/12/2019 21:05,3876,0.001032525,3872.8,
13/12/2019 21:10,3873,-0.000774293,3873.4,
13/12/2019 21:15,3872,-0.000258231,3873.6,
13/12/2019 21:20,3865,-0.001809487,3871.6,
13/12/2019 21:25,3863,-0.000517598,3869.8,
13/12/2019 21:30,3869,0.001551992,3868.4,
13/12/2019 21:35,3867,-0.000517063,3867.2,
13/12/2019 21:40,3867,0,3866.2,
13/12/2019 21:45,3867,0,3866.6,
13/12/2019 21:50,3871,0.001033859,3868.2,
13/12/2019 21:55,3873,0.000516529,3869,
13/12/2019 22:00,3870,-0.000774893,3869.6,
13/12/2019 22:05,3868,-0.000516929,3869.8,
13/12/2019 22:10,3873,0.001291823,3871,
13/12/2019 22:15,3873,0,3871.4,
13/12/2019 22:20,3872,-0.000258231,3871.2,
13/12/2019 22:25,3867,-0.001292157,3870.6,
13/12/2019 22:30,3870,0.000775494,3871,
13/12/2019 22:35,3870,0,3870.4,
13/12/2019 22:40,3870,0,3869.8,
13/12/2019 22:45,3870,0,3869.4,
13/12/2019 22:50,3870,0,3870,
13/12/2019 22:55,3873,0.000774893,3870.6,
13/12/2019 23:00,3870,-0.000774893,3870.6,
16/12/2019 09:05,3855,-0.0038835,3867.6,
16/12/2019 09:10,3851,-0.001038152,3863.8,
16/12/2019 09:15,3848,-0.000779322,3859.4,
16/12/2019 09:20,3850,0.000519615,3854.8,
16/12/2019 09:25,3852,0.000519346,3851.2,
16/12/2019 09:30,3857,0.001297185,3851.6,
16/12/2019 09:35,3853,-0.001037614,3852,
16/12/2019 09:40,3854,0.000259504,3853.2,
16/12/2019 09:45,3852,-0.000519076,3853.6,
16/12/2019 09:50,3850,-0.000519346,3853.2,
16/12/2019 09:55,3849,-0.000259774,3851.6,
16/12/2019 10:00,3849,0,3850.8,
16/12/2019 10:05,3843,-0.001560063,3848.6,
16/12/2019 10:10,3835,-0.002083877,3845.2,
16/12/2019 10:15,3845,0.002604168,3844.2,
16/12/2019 10:30,3845,0,3843.4,
16/12/2019 10:35,3854,0.002337967,3844.4,
16/12/2019 10:40,3854,0,3846.6,
16/12/2019 10:45,3853,-0.000259504,3850.2,
16/12/2019 10:50,3850,-0.000778917,3851.2,
16/12/2019 10:55,3850,0,3852.2,
16/12/2019 11:00,3850,0,3851.4,
16/12/2019 11:05,3846,-0.001039501,3849.8,
16/12/2019 11:10,3848,0.000519886,3848.8,
16/12/2019 11:15,3847,-0.000259909,3848.2,
16/12/2019 11:20,3848,0.000259909,3847.8,
16/12/2019 11:25,3849,0.000259841,3847.6,
16/12/2019 11:30,3849,0,3848.2,
16/12/2019 13:35,3852,0.00077912,3849,
16/12/2019 13:40,3850,-0.000519346,3849.6,
16/12/2019 13:45,3852,0.000519346,3850.4,
16/12/2019 13:50,3853,0.000259572,3851.2,
16/12/2019 13:55,3852,-0.000259572,3851.8,
16/12/2019 14:00,3853,0.000259572,3852,
16/12/2019 14:05,3848,-0.001298533,3851.6,
16/12/2019 14:10,3849,0.000259841,3851,
16/12/2019 14:15,3850,0.000259774,3850.4,
16/12/2019 14:20,3850,0,3850,
16/12/2019 14:25,3851,0.000259707,3849.6,
16/12/2019 14:30,3854,0.000778715,3850.8,
16/12/2019 14:35,3856,0.000518807,3852.2,
16/12/2019 14:40,3854,-0.000518807,3853,
16/12/2019 14:45,3855,0.000259437,3854,
16/12/2019 14:50,3852,-0.000778513,3854.2,
16/12/2019 14:55,3849,-0.00077912,3853.2,
16/12/2019 15:00,3849,0,3851.8,
16/12/2019 21:05,3858,0.00233554,3852.6,
16/12/2019 21:10,3868,0.002588663,3855.2,
16/12/2019 21:15,3870,0.000516929,3858.8,
16/12/2019 21:20,3863,-0.001810423,3861.6,
16/12/2019 21:25,3864,0.000258833,3864.6,
16/12/2019 21:30,3863,-0.000258833,3865.6,
16/12/2019 21:35,3864,0.000258833,3864.8,
16/12/2019 21:40,3860,-0.001035733,3862.8,
16/12/2019 21:45,3862,0.000518001,3862.6,
16/12/2019 21:50,3861,-0.000258967,3862,
16/12/2019 21:55,3861,0,3861.6,
16/12/2019 22:00,3862,0.000258967,3861.2,
16/12/2019 22:05,3858,-0.00103627,3860.8,
16/12/2019 22:10,3859,0.000259168,3860.2,
16/12/2019 22:15,3860,0.000259101,3860,
16/12/2019 22:20,3862,0.000518001,3860.2,
16/12/2019 22:25,3862,0,3860.2,
16/12/2019 22:30,3863,0.0002589,3861.2,
16/12/2019 22:35,3864,0.000258833,3862.2,
16/12/2019 22:40,3862,-0.000517732,3862.6,
16/12/2019 22:45,3863,0.0002589,3862.8,
16/12/2019 22:50,3865,0.000517598,3863.4,
16/12/2019 22:55,3863,-0.000517598,3863.4,
16/12/2019 23:00,3862,-0.0002589,3863,
17/12/2019 09:05,3874,0.003102381,3865.4,
17/12/2019 09:10,3873,-0.000258164,3867.4,
17/12/2019 09:15,3868,-0.001291823,3868,
17/12/2019 09:20,3862,-0.001552394,3867.8,
17/12/2019 09:25,3861,-0.000258967,3867.6,
17/12/2019 09:30,3862,0.000258967,3865.2,
17/12/2019 09:35,3862,0,3863,
17/12/2019 09:40,3864,0.000517732,3862.2,
17/12/2019 09:45,3865,0.000258766,3862.8,
17/12/2019 09:50,3862,-0.000776498,3863,
17/12/2019 09:55,3861,-0.000258967,3862.8,
17/12/2019 10:00,3862,0.000258967,3862.8,
17/12/2019 10:05,3862,0,3862.4,
17/12/2019 10:10,3864,0.000517732,3862.2,
17/12/2019 10:15,3867,0.000776096,3863.2,
17/12/2019 10:30,3867,0,3864.4,
17/12/2019 10:35,3864,-0.000776096,3864.8,
17/12/2019 10:40,3864,0,3865.2,
17/12/2019 10:45,3865,0.000258766,3865.4,
17/12/2019 10:50,3864,-0.000258766,3864.8,
17/12/2019 10:55,3863,-0.000258833,3864,
17/12/2019 11:00,3864,0.000258833,3864,
17/12/2019 11:05,3863,-0.000258833,3863.8,
17/12/2019 11:10,3864,0.000258833,3863.6,
17/12/2019 11:15,3867,0.000776096,3864.2,
17/12/2019 11:20,3866,-0.000258632,3864.8,
17/12/2019 11:25,3870,0.001034126,3866,
17/12/2019 11:30,3872,0.000516662,3867.8,
17/12/2019 13:35,3868,-0.001033592,3868.6,
17/12/2019 13:40,3873,0.001291823,3869.8,
17/12/2019 13:45,3875,0.000516262,3871.6,
17/12/2019 13:50,3875,0,3872.6,
17/12/2019 13:55,3874,-0.000258098,3873,
17/12/2019 14:00,3876,0.000516129,3874.6,
17/12/2019 14:05,3871,-0.001290822,3874.2,
17/12/2019 14:10,3874,0.000774693,3874,
17/12/2019 14:15,3876,0.000516129,3874.2,
17/12/2019 14:20,3878,0.000515863,3875,
17/12/2019 14:25,3875,-0.000773894,3874.8,
17/12/2019 14:30,3879,0.001031726,3876.4,
17/12/2019 14:35,3879,0,3877.4,
17/12/2019 14:40,3877,-0.00051573,3877.6,
17/12/2019 14:45,3878,0.000257898,3877.6,
17/12/2019 14:50,3879,0.000257832,3878.4,
17/12/2019 14:55,3886,0.001802962,3879.8,
17/12/2019 15:00,3879,-0.001802962,3879.8,
17/12/2019 21:05,3869,-0.002581313,3878.2,
17/12/2019 21:10,3871,0.000516796,3876.8,
17/12/2019 21:15,3871,0,3875.2,
17/12/2019 21:20,3868,-0.000775294,3871.6,
17/12/2019 21:25,3865,-0.000775896,3868.8,
17/12/2019 21:30,3863,-0.000517598,3867.6,
17/12/2019 21:35,3862,-0.0002589,3865.8,
17/12/2019 21:40,3861,-0.000258967,3863.8,
17/12/2019 21:45,3862,0.000258967,3862.6,
17/12/2019 21:50,3858,-0.00103627,3861.2,
17/12/2019 21:55,3858,0,3860.2,
17/12/2019 22:00,3856,-0.000518538,3859,
17/12/2019 22:05,3856,0,3858,
17/12/2019 22:10,3851,-0.001297522,3855.8,
17/12/2019 22:15,3849,-0.000519481,3854,
17/12/2019 22:20,3851,0.000519481,3852.6,
17/12/2019 22:25,3852,0.000259639,3851.8,
17/12/2019 22:30,3848,-0.001038961,3850.2,
17/12/2019 22:35,3849,0.000259841,3849.8,
17/12/2019 22:40,3849,0,3849.8,
17/12/2019 22:45,3848,-0.000259841,3849.2,
17/12/2019 22:50,3850,0.000519615,3848.8,
17/12/2019 22:55,3850,0,3849.2,
17/12/2019 23:00,3850,0,3849.4,
18/12/2019 09:05,3853,0.000778917,3850.2,
18/12/2019 09:10,3849,-0.001038691,3850.4,
18/12/2019 09:15,3844,-0.001299883,3849.2,
18/12/2019 09:20,3844,0,3848,
18/12/2019 09:25,3846,0.000520156,3847.2,
18/12/2019 09:30,3854,0.002077923,3847.4,
18/12/2019 09:35,3856,0.000518807,3848.8,
18/12/2019 09:40,3858,0.000518538,3851.6,
18/12/2019 09:45,3855,-0.000777907,3853.8,
18/12/2019 09:50,3856,0.00025937,3855.8,
18/12/2019 09:55,3860,0.001036807,3857,
18/12/2019 10:00,3860,0,3857.8,
18/12/2019 10:05,3859,-0.000259101,3858,
18/12/2019 10:10,3859,0,3858.8,
18/12/2019 10:15,3859,0,3859.4,
18/12/2019 10:35,3857,-0.000518403,3858.8,
18/12/2019 10:40,3855,-0.000518672,3857.8,
18/12/2019 10:45,3857,0.000518672,3857.4,
18/12/2019 10:50,3855,-0.000518672,3856.6,
18/12/2019 10:55,3853,-0.000518941,3855.4,
18/12/2019 11:00,3851,-0.000519211,3854.2,
18/12/2019 11:05,3851,0,3853.4,
18/12/2019 11:10,3851,0,3852.2,
18/12/2019 11:15,3852,0.000259639,3851.6,
18/12/2019 11:20,3851,-0.000259639,3851.2,
18/12/2019 11:25,3853,0.000519211,3851.6,
18/12/2019 11:30,3850,-0.000778917,3851.4,
18/12/2019 13:35,3850,0,3851.2,
18/12/2019 13:40,3849,-0.000259774,3850.6,
18/12/2019 13:45,3850,0.000259774,3850.4,
18/12/2019 13:50,3850,0,3849.8,
18/12/2019 13:55,3851,0.000259707,3850,
18/12/2019 14:00,3854,0.000778715,3850.8,
18/12/2019 14:05,3854,0,3851.8,
18/12/2019 14:10,3856,0.000518807,3853,
18/12/2019 14:15,3857,0.000259302,3854.4,
18/12/2019 14:20,3857,0,3855.6,
18/12/2019 14:25,3856,-0.000259302,3856,
18/12/2019 14:30,3853,-0.000778311,3855.8,
18/12/2019 14:35,3850,-0.000778917,3854.6,
18/12/2019 14:40,3850,0,3853.2,
18/12/2019 14:45,3849,-0.000259774,3851.6,
18/12/2019 14:50,3853,0.001038691,3851,
18/12/2019 14:55,3848,-0.001298533,3850,
18/12/2019 15:00,3850,0.000519615,3850,
18/12/2019 21:05,3856,0.001557228,3851.2,
18/12/2019 21:10,3857,0.000259302,3852.8,
18/12/2019 21:15,3854,-0.000778109,3853,
18/12/2019 21:20,3855,0.000259437,3854.4,
18/12/2019 21:25,3852,-0.000778513,3854.8,
18/12/2019 21:30,3853,0.000259572,3854.2,
18/12/2019 21:35,3853,0,3853.4,
18/12/2019 21:40,3855,0.000518941,3853.6,
18/12/2019 21:45,3857,0.000518672,3854,
18/12/2019 21:50,3855,-0.000518672,3854.6,
18/12/2019 21:55,3855,0,3855,
18/12/2019 22:00,3855,0,3855.4,
18/12/2019 22:05,3859,0.001037076,3856.2,
18/12/2019 22:10,3858,-0.000259168,3856.4,
18/12/2019 22:15,3856,-0.000518538,3856.6,
18/12/2019 22:20,3856,0,3856.8,
18/12/2019 22:25,3854,-0.000518807,3856.6,
18/12/2019 22:30,3855,0.000259437,3855.8,
18/12/2019 22:35,3857,0.000518672,3855.6,
18/12/2019 22:40,3857,0,3855.8,
18/12/2019 22:45,3856,-0.000259302,3855.8,
18/12/2019 22:50,3858,0.000518538,3856.6,
18/12/2019 22:55,3860,0.000518269,3857.6,
18/12/2019 23:00,3861,0.000259034,3858.4,
19/12/2019 09:05,3856,-0.001295841,3858.2,
19/12/2019 09:10,3852,-0.001037883,3857.4,
19/12/2019 09:15,3858,0.001556421,3857.4,
19/12/2019 09:20,3861,0.000777303,3857.6,
19/12/2019 09:25,3858,-0.000777303,3857,
19/12/2019 09:30,3858,0,3857.4,
19/12/2019 09:35,3855,-0.000777907,3858,
19/12/2019 09:40,3854,-0.000259437,3857.2,
19/12/2019 09:45,3851,-0.000778715,3855.2,
19/12/2019 09:50,3853,0.000519211,3854.2,
19/12/2019 09:55,3844,-0.002338575,3851.4,
19/12/2019 10:00,3842,-0.000520427,3848.8,
19/12/2019 10:05,3843,0.000260247,3846.6,
19/12/2019 10:10,3844,0.00026018,3845.2,
19/12/2019 10:15,3845,0.000260112,3843.6,
19/12/2019 10:30,3845,0,3843.8,
19/12/2019 10:35,3843,-0.000520291,3844,
19/12/2019 10:40,3842,-0.000260247,3843.8,
19/12/2019 10:45,3837,-0.001302253,3842.4,
19/12/2019 10:50,3841,0.001041938,3841.6,
19/12/2019 10:55,3840,-0.000260383,3840.6,
19/12/2019 11:00,3845,0.001301236,3841,
19/12/2019 11:05,3844,-0.000260112,3841.4,
19/12/2019 11:10,3843,-0.00026018,3842.6,
19/12/2019 11:15,3837,-0.0015625,3841.8,
19/12/2019 11:20,3839,0.000521105,3841.6,
19/12/2019 11:25,3842,0.000781148,3841,
19/12/2019 11:30,3840,-0.000520698,3840.2,
19/12/2019 13:35,3837,-0.000781555,3839,
19/12/2019 13:40,3833,-0.001043025,3838.2,
19/12/2019 13:45,3836,0.000782371,3837.6,
19/12/2019 13:50,3836,0,3836.4,
19/12/2019 13:55,3837,0.000260654,3835.8,
19/12/2019 14:00,3834,-0.000782167,3835.2,
19/12/2019 14:05,3834,0,3835.4,
19/12/2019 14:10,3834,0,3835,
19/12/2019 14:15,3837,0.000782167,3835.2,
19/12/2019 14:20,3836,-0.000260654,3835,
19/12/2019 14:25,3837,0.000260654,3835.6,
19/12/2019 14:30,3839,0.000521105,3836.6,
19/12/2019 14:35,3835,-0.001042481,3836.8,
19/12/2019 14:40,3833,-0.000521648,3836,
19/12/2019 14:45,3833,0,3835.4,
19/12/2019 14:50,3838,0.001303611,3835.6,
19/12/2019 14:55,3836,-0.000521241,3835,
19/12/2019 15:00,3843,0.001823155,3836.6,
19/12/2019 21:05,3840,-0.000780945,3838,
19/12/2019 21:10,3840,0,3839.4,
19/12/2019 21:15,3840,0,3839.8,
19/12/2019 21:20,3838,-0.000520969,3840.2,
19/12/2019 21:25,3835,-0.000781963,3838.6,
19/12/2019 21:30,3832,-0.000782575,3837,
19/12/2019 21:35,3835,0.000782575,3836,
19/12/2019 21:40,3836,0.000260722,3835.2,
19/12/2019 21:45,3838,0.000521241,3835.2,
19/12/2019 21:50,3840,0.000520969,3836.2,
19/12/2019 21:55,3839,-0.000260451,3837.6,
19/12/2019 22:00,3839,0,3838.4,
19/12/2019 22:05,3841,0.000520833,3839.4,
19/12/2019 22:10,3838,-0.000781352,3839.4,
19/12/2019 22:15,3840,0.000520969,3839.4,
19/12/2019 22:20,3843,0.000780945,3840.2,
19/12/2019 22:25,3842,-0.000260247,3840.8,
19/12/2019 22:30,3844,0.000520427,3841.4,
19/12/2019 22:35,3844,0,3842.6,
19/12/2019 22:40,3843,-0.00026018,3843.2,
19/12/2019 22:45,3842,-0.000260247,3843,
19/12/2019 22:50,3842,0,3843,
19/12/2019 22:55,3843,0.000260247,3842.8,
19/12/2019 23:00,3849,0.001560063,3843.8,
20/12/2019 09:05,3839,-0.002601458,3843,
20/12/2019 09:10,3839,0,3842.4,
20/12/2019 09:15,3844,0.001301575,3842.8,
20/12/2019 09:20,3844,0,3843,
20/12/2019 09:25,3843,-0.00026018,3841.8,
20/12/2019 09:30,3843,0,3842.6,
20/12/2019 09:35,3842,-0.000260247,3843.2,
20/12/2019 09:40,3839,-0.000781148,3842.2,
20/12/2019 09:45,3838,-0.000260518,3841,
20/12/2019 09:50,3839,0.000260518,3840.2,
20/12/2019 09:55,3839,0,3839.4,
20/12/2019 10:00,3834,-0.001303271,3837.8,
20/12/2019 10:05,3834,0,3836.8,
20/12/2019 10:10,3828,-0.001566171,3834.8,
20/12/2019 10:15,3831,0.000783392,3833.2,
20/12/2019 10:30,3831,0,3831.6,
20/12/2019 10:35,3830,-0.000261063,3830.8,
20/12/2019 10:40,3828,-0.00052233,3829.6,
20/12/2019 10:45,3828,0,3829.6,
20/12/2019 10:50,3832,0.001044387,3829.8,
20/12/2019 10:55,3829,-0.000783188,3829.4,
20/12/2019 11:00,3829,0,3829.2,
20/12/2019 11:05,3828,-0.000261199,3829.2,
20/12/2019 11:10,3829,0.000261199,3829.4,
20/12/2019 11:15,3828,-0.000261199,3828.6,
20/12/2019 11:20,3827,-0.000261267,3828.2,
20/12/2019 11:25,3825,-0.000522739,3827.4,
20/12/2019 11:30,3822,-0.000784621,3826.2,
20/12/2019 13:35,3824,0.000523149,3825.2,
20/12/2019 13:40,3826,0.000522876,3824.8,
20/12/2019 13:45,3824,-0.000522876,3824.2,
20/12/2019 13:50,3827,0.000784211,3824.6,
20/12/2019 13:55,3826,-0.000261335,3825.4,
20/12/2019 14:00,3823,-0.000784416,3825.2,
20/12/2019 14:05,3825,0.000523013,3825,
20/12/2019 14:10,3827,0.000522739,3825.6,
20/12/2019 14:15,3827,0,3825.6,
20/12/2019 14:20,3829,0.000522466,3826.2,
20/12/2019 14:25,3832,0.000783188,3828,
20/12/2019 14:30,3831,-0.000260994,3829.2,
20/12/2019 14:35,3831,0,3830,
20/12/2019 14:40,3834,0.000782779,3831.4,
20/12/2019 14:45,3835,0.00026079,3832.6,
20/12/2019 14:50,3837,0.000521376,3833.6,
20/12/2019 14:55,3833,-0.001043025,3834,
20/12/2019 15:00,3838,0.001303611,3835.4,
20/12/2019 21:05,3834,-0.001042753,3835.4,
20/12/2019 21:10,3835,0.00026079,3835.4,
20/12/2019 21:15,3837,0.000521376,3835.4,
20/12/2019 21:20,3837,0,3836.2,
20/12/2019 21:25,3837,0,3836,
20/12/2019 21:30,3840,0.000781555,3837.2,
20/12/2019 21:35,3837,-0.000781555,3837.6,
20/12/2019 21:40,3837,0,3837.6,
20/12/2019 21:45,3837,0,3837.6,
20/12/2019 21:50,3839,0.000521105,3838,
20/12/2019 21:55,3838,-0.000260518,3837.6,
20/12/2019 22:00,3838,0,3837.8,
20/12/2019 22:05,3836,-0.000521241,3837.6,
20/12/2019 22:10,3838,0.000521241,3837.8,
20/12/2019 22:15,3841,0.000781352,3838.2,
20/12/2019 22:20,3841,0,3838.8,
20/12/2019 22:25,3841,0,3839.4,
20/12/2019 22:30,3840,-0.000260383,3840.2,
20/12/2019 22:35,3837,-0.000781555,3840,
20/12/2019 22:40,3837,0,3839.2,
20/12/2019 22:45,3840,0.000781555,3839,
20/12/2019 22:50,3838,-0.000520969,3838.4,
20/12/2019 22:55,3838,0,3838,
20/12/2019 23:00,3840,0.000520969,3838.6,
23/12/2019 09:05,3838,-0.000520969,3838.8,
23/12/2019 09:10,3837,-0.000260586,3838.2,
23/12/2019 09:15,3839,0.000521105,3838.4,
23/12/2019 09:20,3873,0.008817485,3845.4,
23/12/2019 09:25,3871,-0.000516529,3851.6,
23/12/2019 09:30,3871,0,3858.2,
23/12/2019 09:35,3874,0.000774693,3865.6,
23/12/2019 09:40,3876,0.000516129,3873,
23/12/2019 09:45,3879,0.000773694,3874.2,
23/12/2019 09:50,3881,0.000515464,3876.2,
23/12/2019 09:55,3879,-0.000515464,3877.8,
23/12/2019 10:00,3884,0.001288162,3879.8,
23/12/2019 10:05,3890,0.001543607,3882.6,
23/12/2019 10:10,3884,-0.001543607,3883.6,
23/12/2019 10:15,3881,-0.000772698,3883.6,
23/12/2019 10:30,3882,0.000257632,3884.2,
23/12/2019 10:35,3883,0.000257566,3884,
23/12/2019 10:40,3881,-0.000515198,3882.2,
23/12/2019 10:45,3880,-0.000257699,3881.4,
23/12/2019 10:50,3884,0.001030397,3882,
23/12/2019 10:55,3882,-0.000515066,3882,
23/12/2019 11:00,3888,0.001544402,3883,
23/12/2019 11:05,3885,-0.000771903,3883.8,
23/12/2019 11:10,3886,0.000257367,3885,
23/12/2019 11:15,3886,0,3885.4,
23/12/2019 11:20,3887,0.000257301,3886.4,
23/12/2019 11:25,3885,-0.000514668,3885.8,
23/12/2019 11:30,3886,0.000257367,3886,
23/12/2019 13:35,3886,0,3886,
23/12/2019 13:40,3887,0.000257301,3886.2,
23/12/2019 13:45,3884,-0.000772101,3885.6,
23/12/2019 13:50,3882,-0.000515066,3885,
23/12/2019 13:55,3881,-0.000257632,3884,
23/12/2019 14:00,3881,0,3883,
23/12/2019 14:05,3885,0.001030131,3882.6,
23/12/2019 14:10,3884,-0.000257433,3882.6,
23/12/2019 14:15,3877,-0.001803892,3881.6,
23/12/2019 14:20,3869,-0.002065583,3879.2,
23/12/2019 14:25,3869,0,3876.8,
23/12/2019 14:30,3867,-0.000517063,3873.2,
23/12/2019 14:35,3866,-0.000258632,3869.6,
23/12/2019 14:40,3865,-0.000258699,3867.2,
23/12/2019 14:45,3864,-0.000258766,3866.2,
23/12/2019 14:50,3853,-0.002850851,3863,
23/12/2019 14:55,3859,0.001556017,3861.4,
23/12/2019 15:00,3856,-0.000777706,3859.4,
23/12/2019 21:05,3860,0.001036807,3858.4,
23/12/2019 21:10,3861,0.000259034,3857.8,
23/12/2019 21:15,3862,0.000258967,3859.6,
23/12/2019 21:20,3863,0.0002589,3860.4,
23/12/2019 21:25,3861,-0.000517866,3861.4,
23/12/2019 21:30,3848,-0.003372684,3859,
23/12/2019 21:35,3850,0.000519615,3856.8,
23/12/2019 21:40,3845,-0.001299545,3853.4,
23/12/2019 21:45,3846,0.000260044,3850,
23/12/2019 21:50,3846,0,3847,
23/12/2019 21:55,3844,-0.000520156,3846.2,
23/12/2019 22:00,3836,-0.002083334,3843.4,
23/12/2019 22:05,3832,-0.001043297,3840.8,
23/12/2019 22:10,3827,-0.001305654,3837,
23/12/2019 22:15,3828,0.000261267,3833.4,
23/12/2019 22:20,3826,-0.000522603,3829.8,
23/12/2019 22:25,3828,0.000522603,3828.2,
23/12/2019 22:30,3826,-0.000522603,3827,
23/12/2019 22:35,3827,0.000261335,3827,
23/12/2019 22:40,3829,0.000522466,3827.2,
23/12/2019 22:45,3828,-0.000261199,3827.6,
23/12/2019 22:50,3830,0.00052233,3828,
23/12/2019 22:55,3827,-0.000783597,3828.2,
23/12/2019 23:00,3829,0.000522466,3828.6,
24/12/2019 09:05,3821,-0.002091504,3827,
24/12/2019 09:10,3818,-0.000785443,3825,
24/12/2019 09:15,3822,0.001047121,3823.4,
24/12/2019 09:20,3821,-0.000261677,3822.2,
24/12/2019 09:25,3824,0.000784827,3821.2,
24/12/2019 09:30,3825,0.000261472,3822,
24/12/2019 09:35,3824,-0.000261472,3823.2,
24/12/2019 09:40,3820,-0.001046573,3822.8,
24/12/2019 09:45,3817,-0.000785649,3822,
24/12/2019 09:50,3818,0.000261952,3820.8,
24/12/2019 09:55,3817,-0.000261952,3819.2,
24/12/2019 10:00,3811,-0.001573152,3816.6,
24/12/2019 10:05,3815,0.001049043,3815.6,
24/12/2019 10:10,3814,-0.000262158,3815,
24/12/2019 10:15,3813,-0.000262226,3814,
24/12/2019 10:30,3812,-0.000262295,3813,
24/12/2019 10:35,3803,-0.002363757,3811.4,
24/12/2019 10:40,3804,0.000262916,3809.2,
24/12/2019 10:45,3808,0.001050972,3808,
24/12/2019 10:50,3814,0.00157439,3808.2,
24/12/2019 10:55,3813,-0.000262226,3808.4,
24/12/2019 11:00,3812,-0.000262295,3810.2,
24/12/2019 11:05,3812,0,3811.8,
24/12/2019 11:10,3809,-0.000787298,3812,
24/12/2019 11:15,3807,-0.00052521,3810.6,
24/12/2019 11:20,3809,0.00052521,3809.8,
24/12/2019 11:25,3809,0,3809.2,
24/12/2019 11:30,3807,-0.00052521,3808.2,
24/12/2019 13:35,3806,-0.000262709,3807.6,
24/12/2019 13:40,3808,0.000525348,3807.8,
24/12/2019 13:45,3807,-0.00026264,3807.4,
24/12/2019 13:50,3809,0.00052521,3807.4,
24/12/2019 13:55,3808,-0.000262571,3807.6,
24/12/2019 14:00,3806,-0.000525348,3807.6,
24/12/2019 14:05,3805,-0.000262778,3807,
24/12/2019 14:10,3807,0.000525486,3807,
24/12/2019 14:15,3807,0,3806.6,
24/12/2019 14:20,3807,0,3806.4,
24/12/2019 14:25,3809,0.00052521,3807,
24/12/2019 14:30,3817,0.002098086,3809.4,
24/12/2019 14:35,3817,0,3811.4,
24/12/2019 14:40,3815,-0.000524109,3813,
24/12/2019 14:45,3811,-0.001049043,3813.8,
24/12/2019 14:50,3810,-0.000262433,3814,
24/12/2019 14:55,3806,-0.00105042,3811.8,
24/12/2019 15:00,3806,0,3809.6,
24/12/2019 21:05,3807,0.000262709,3808,
24/12/2019 21:10,3807,0,3807.2,
24/12/2019 21:15,3813,0.001574803,3807.8,
24/12/2019 21:20,3811,-0.000524659,3808.8,
24/12/2019 21:25,3812,0.000262364,3810,
24/12/2019 21:30,3812,0,3811,
24/12/2019 21:35,3812,0,3812,
24/12/2019 21:40,3809,-0.000787298,3811.2,
24/12/2019 21:45,3809,0,3810.8,
24/12/2019 21:50,3808,-0.000262571,3810,
24/12/2019 21:55,3808,0,3809.2,
24/12/2019 22:00,3808,0,3808.4,
24/12/2019 22:05,3807,-0.00026264,3808,
24/12/2019 22:10,3808,0.00026264,3807.8,
24/12/2019 22:15,3809,0.000262571,3808,
24/12/2019 22:20,3809,0,3808.2,
24/12/2019 22:25,3810,0.000262502,3808.6,
24/12/2019 22:30,3812,0.000524797,3809.6,
24/12/2019 22:35,3811,-0.000262364,3810.2,
24/12/2019 22:40,3810,-0.000262433,3810.4,
24/12/2019 22:45,3811,0.000262433,3810.8,
24/12/2019 22:50,3811,0,3811,
24/12/2019 22:55,3811,0,3810.8,
24/12/2019 23:00,3812,0.000262364,3811,
25/12/2019 09:05,3808,-0.001049869,3810.6,
25/12/2019 09:10,3807,-0.00026264,3809.8,
25/12/2019 09:15,3806,-0.000262709,3808.8,
25/12/2019 09:20,3803,-0.00078854,3807.2,
25/12/2019 09:25,3812,0.002363757,3807.2,
25/12/2019 09:30,3811,-0.000262364,3807.8,
25/12/2019 09:35,3811,0,3808.6,
25/12/2019 09:40,3812,0.000262364,3809.8,
25/12/2019 09:45,3812,0,3811.6,
25/12/2019 09:50,3817,0.001310788,3812.6,
25/12/2019 09:55,3814,-0.000786267,3813.2,
25/12/2019 10:00,3814,0,3813.8,
25/12/2019 10:05,3812,-0.000524521,3813.8,
25/12/2019 10:10,3812,0,3813.8,
25/12/2019 10:15,3811,-0.000262364,3812.6,
25/12/2019 10:35,3809,-0.000524934,3811.6,
25/12/2019 10:40,3809,0,3810.6,
25/12/2019 10:45,3810,0.000262502,3810.2,
25/12/2019 10:50,3810,0,3809.8,
25/12/2019 10:55,3810,0,3809.6,
25/12/2019 11:00,3813,0.000787092,3810.4,
25/12/2019 11:05,3811,-0.000524659,3810.8,
25/12/2019 11:10,3815,0.001049043,3811.8,
25/12/2019 11:15,3814,-0.000262158,3812.6,
25/12/2019 11:20,3816,0.000524246,3813.8,
25/12/2019 11:25,3816,0,3814.4,
25/12/2019 11:30,3816,0,3815.4,
25/12/2019 13:35,3814,-0.000524246,3815.2,
25/12/2019 13:40,3817,0.000786267,3815.8,
25/12/2019 13:45,3816,-0.00026202,3815.8,
25/12/2019 13:50,3816,0,3815.8,
25/12/2019 13:55,3817,0.00026202,3816,
25/12/2019 14:00,3817,0,3816.6,
25/12/2019 14:05,3812,-0.001310788,3815.6,
25/12/2019 14:10,3816,0.001048768,3815.6,
25/12/2019 14:15,3816,0,3815.6,
25/12/2019 14:20,3817,0.00026202,3815.6,
25/12/2019 14:25,3818,0.000261952,3815.8,
25/12/2019 14:30,3820,0.000523697,3817.4,
25/12/2019 14:35,3821,0.000261746,3818.4,
25/12/2019 14:40,3821,0,3819.4,
25/12/2019 14:45,3823,0.000523286,3820.6,
25/12/2019 14:50,3819,-0.001046846,3820.8,
25/12/2019 14:55,3821,0.00052356,3821,
25/12/2019 15:00,3822,0.000261677,3821.2,
26/12/2019 09:05,3818,-0.001047121,3820.6,
26/12/2019 09:10,3816,-0.000523972,3819.2,
26/12/2019 09:15,3815,-0.000262089,3818.4,
26/12/2019 09:20,3817,0.000524109,3817.6,
26/12/2019 09:25,3820,0.000785649,3817.2,
26/12/2019 09:30,3823,0.000785032,3818.2,
26/12/2019 09:35,3822,-0.000261609,3819.4,
26/12/2019 09:40,3822,0,3820.8,
26/12/2019 09:45,3823,0.000261609,3822,
26/12/2019 09:50,3822,-0.000261609,3822.4,
26/12/2019 09:55,3820,-0.000523423,3821.8,
26/12/2019 10:00,3819,-0.000261814,3821.2,
26/12/2019 10:05,3817,-0.000523834,3820.2,
26/12/2019 10:10,3819,0.000523834,3819.4,
26/12/2019 10:15,3820,0.000261814,3819,
26/12/2019 10:30,3820,0,3819,
26/12/2019 10:35,3818,-0.000523697,3818.8,
26/12/2019 10:40,3817,-0.000261952,3818.8,
26/12/2019 10:45,3818,0.000261952,3818.6,
26/12/2019 10:50,3815,-0.000786061,3817.6,
26/12/2019 10:55,3816,0.000262089,3816.8,
26/12/2019 11:00,3816,0,3816.4,
26/12/2019 11:05,3814,-0.000524246,3815.8,
26/12/2019 11:10,3818,0.001048218,3815.8,
26/12/2019 11:15,3817,-0.000261952,3816.2,
26/12/2019 11:20,3821,0.001047395,3817.2,
26/12/2019 11:25,3819,-0.00052356,3817.8,
26/12/2019 11:30,3820,0.000261814,3819,
26/12/2019 13:35,3817,-0.000785649,3818.8,
26/12/2019 13:40,3817,0,3818.8,
26/12/2019 13:45,3816,-0.00026202,3817.8,
26/12/2019 13:50,3815,-0.000262089,3817,
26/12/2019 13:55,3816,0.000262089,3816.2,
26/12/2019 14:00,3818,0.000523972,3816.4,
26/12/2019 14:05,3816,-0.000523972,3816.2,
26/12/2019 14:10,3817,0.00026202,3816.4,
26/12/2019 14:15,3818,0.000261952,3817,
26/12/2019 14:20,3819,0.000261883,3817.6,
26/12/2019 14:25,3819,0,3817.8,
26/12/2019 14:30,3818,-0.000261883,3818.2,
26/12/2019 14:35,3817,-0.000261952,3818.2,
26/12/2019 14:40,3819,0.000523834,3818.4,
26/12/2019 14:45,3819,0,3818.4,
26/12/2019 14:50,3818,-0.000261883,3818.2,
26/12/2019 14:55,3821,0.000785443,3818.8,
26/12/2019 15:00,3823,0.000523286,3820,
26/12/2019 21:05,3817,-0.001570681,3819.6,
26/12/2019 21:10,3815,-0.000524109,3818.8,
26/12/2019 21:15,3816,0.000262089,3818.4,
26/12/2019 21:20,3819,0.000785855,3818,
26/12/2019 21:25,3818,-0.000261883,3817,
26/12/2019 21:30,3822,0.001047121,3818,
26/12/2019 21:35,3822,0,3819.4,
26/12/2019 21:40,3821,-0.000261677,3820.4,
26/12/2019 21:45,3819,-0.00052356,3820.4,
26/12/2019 21:50,3818,-0.000261883,3820.4,
26/12/2019 21:55,3820,0.000523697,3820,
26/12/2019 22:00,3820,0,3819.6,
26/12/2019 22:05,3817,-0.000785649,3818.8,
26/12/2019 22:10,3819,0.000523834,3818.8,
26/12/2019 22:15,3819,0,3819,
26/12/2019 22:20,3818,-0.000261883,3818.6,
26/12/2019 22:25,3817,-0.000261952,3818,
26/12/2019 22:30,3819,0.000523834,3818.4,
26/12/2019 22:35,3817,-0.000523834,3818,
26/12/2019 22:40,3818,0.000261952,3817.8,
26/12/2019 22:45,3817,-0.000261952,3817.6,
26/12/2019 22:50,3816,-0.00026202,3817.4,
26/12/2019 22:55,3816,0,3816.8,
26/12/2019 23:00,3815,-0.000262089,3816.4,
27/12/2019 09:05,3817,0.000524109,3816.2,
27/12/2019 09:10,3813,-0.001048493,3815.4,
27/12/2019 09:15,3811,-0.000524659,3814.4,
27/12/2019 09:20,3815,0.001049043,3814.2,
27/12/2019 09:25,3814,-0.000262158,3814,
27/12/2019 09:30,3814,0,3813.4,
27/12/2019 09:35,3814,0,3813.6,
27/12/2019 09:40,3813,-0.000262226,3814,
27/12/2019 09:45,3815,0.000524384,3814,
27/12/2019 09:50,3824,0.00235633,3816,
27/12/2019 09:55,3837,0.003393816,3820.6,
27/12/2019 10:00,3841,0.001041938,3826,
27/12/2019 10:05,3837,-0.001041938,3830.8,
27/12/2019 10:10,3838,0.000260586,3835.4,
27/12/2019 10:15,3841,0.000781352,3838.8,
27/12/2019 10:30,3843,0.000520562,3840,
27/12/2019 10:35,3848,0.001300221,3841.4,
27/12/2019 10:40,3844,-0.001040042,3842.8,
27/12/2019 10:45,3838,-0.001562094,3842.8,
27/12/2019 10:50,3839,0.000260518,3842.4,
27/12/2019 10:55,3836,-0.000781759,3841,
27/12/2019 11:00,3837,0.000260654,3838.8,
27/12/2019 11:05,3837,0,3837.4,
27/12/2019 11:10,3840,0.000781555,3837.8,
27/12/2019 11:15,3840,0,3838,
27/12/2019 11:20,3839,-0.000260451,3838.6,
27/12/2019 11:25,3839,0,3839,
27/12/2019 11:30,3834,-0.001303271,3838.4,
27/12/2019 13:35,3835,0.00026079,3837.4,
27/12/2019 13:40,3831,-0.001043569,3835.6,
27/12/2019 13:45,3823,-0.002090411,3832.4,
27/12/2019 13:50,3825,0.000523013,3829.6,
27/12/2019 13:55,3823,-0.000523013,3827.4,
27/12/2019 14:00,3826,0.000784416,3825.6,
27/12/2019 14:05,3826,0,3824.6,
27/12/2019 14:10,3825,-0.000261404,3825,
27/12/2019 14:15,3826,0.000261404,3825.2,
27/12/2019 14:20,3826,0,3825.8,
27/12/2019 14:25,3823,-0.000784416,3825.2,
27/12/2019 14:30,3823,0,3824.6,
27/12/2019 14:35,3826,0.000784416,3824.8,
27/12/2019 14:40,3827,0.000261335,3825,
27/12/2019 14:45,3827,0,3825.2,
27/12/2019 14:50,3827,0,3826,
27/12/2019 14:55,3828,0.000261267,3827,
27/12/2019 15:00,3831,0.000783392,3828,
27/12/2019 21:05,3830,-0.000261063,3828.6,
27/12/2019 21:10,3838,0.002086594,3830.8,
27/12/2019 21:15,3838,0,3833,
27/12/2019 21:20,3839,0.000260518,3835.2,
27/12/2019 21:25,3832,-0.001825056,3835.4,
27/12/2019 21:30,3833,0.000260926,3836,
27/12/2019 21:35,3835,0.000521648,3835.4,
27/12/2019 21:40,3835,0,3834.8,
27/12/2019 21:45,3835,0,3834,
27/12/2019 21:50,3836,0.000260722,3834.8,
27/12/2019 21:55,3834,-0.000521512,3835,
27/12/2019 22:00,3833,-0.000260858,3834.6,
27/12/2019 22:05,3830,-0.000782983,3833.6,
27/12/2019 22:10,3828,-0.00052233,3832.2,
27/12/2019 22:15,3827,-0.000261267,3830.4,
27/12/2019 22:20,3830,0.000783597,3829.6,
27/12/2019 22:25,3827,-0.000783597,3828.4,
27/12/2019 22:30,3827,0,3827.8,
27/12/2019 22:35,3831,0.001044659,3828.4,
27/12/2019 22:40,3830,-0.000261063,3829,
27/12/2019 22:45,3831,0.000261063,3829.2,
27/12/2019 22:50,3830,-0.000261063,3829.8,
27/12/2019 22:55,3827,-0.000783597,3829.8,
27/12/2019 23:00,3830,0.000783597,3829.6,
30/12/2019 09:05,3827,-0.000783597,3829,
30/12/2019 09:10,3831,0.001044659,3829,
30/12/2019 09:15,3830,-0.000261063,3829,
30/12/2019 09:20,3826,-0.001044932,3828.8,
30/12/2019 09:25,3826,0,3828,
30/12/2019 09:30,3827,0.000261335,3828,
30/12/2019 09:35,3832,0.001305654,3828.2,
30/12/2019 09:40,3830,-0.000522057,3828.2,
30/12/2019 09:45,3829,-0.000261131,3828.8,
30/12/2019 09:50,3831,0.000522193,3829.8,
30/12/2019 09:55,3829,-0.000522193,3830.2,
30/12/2019 10:00,3830,0.000261131,3829.8,
30/12/2019 10:05,3832,0.000522057,3830.2,
30/12/2019 10:10,3835,0.000782575,3831.4,
30/12/2019 10:15,3836,0.000260722,3832.4,
30/12/2019 10:35,3840,0.00104221,3834.6,
30/12/2019 10:40,3846,0.001561281,3837.8,
30/12/2019 10:45,3841,-0.001300898,3839.6,
30/12/2019 10:50,3845,0.001040854,3841.6,
30/12/2019 10:55,3837,-0.002082792,3841.8,
30/12/2019 11:00,3838,0.000260586,3841.4,
30/12/2019 11:05,3840,0.000520969,3840.2,
30/12/2019 11:10,3838,-0.000520969,3839.6,
30/12/2019 11:15,3837,-0.000260586,3838,
30/12/2019 11:20,3836,-0.000260654,3837.8,
30/12/2019 11:25,3836,0,3837.4,
30/12/2019 11:30,3842,0.001562907,3837.8,
30/12/2019 13:35,3844,0.000520427,3839,
30/12/2019 13:40,3846,0.000520156,3840.8,
30/12/2019 13:45,3844,-0.000520156,3842.4,
30/12/2019 13:50,3843,-0.00026018,3843.8,
30/12/2019 13:55,3845,0.000520291,3844.4,
30/12/2019 14:00,3840,-0.001301236,3843.6,
30/12/2019 14:05,3839,-0.000260451,3842.2,
30/12/2019 14:10,3842,0.000781148,3841.8,
30/12/2019 14:15,3840,-0.000520698,3841.2,
30/12/2019 14:20,3840,0,3840.2,
30/12/2019 14:25,3839,-0.000260451,3840,
30/12/2019 14:30,3839,0,3840,
30/12/2019 14:35,3840,0.000260451,3839.6,
30/12/2019 14:40,3833,-0.00182458,3838.2,
30/12/2019 14:45,3836,0.000782371,3837.4,
30/12/2019 14:50,3835,-0.000260722,3836.6,
30/12/2019 14:55,3835,0,3835.8,
30/12/2019 15:00,3841,0.001563315,3836,
30/12/2019 21:05,3854,0.003378821,3840.2,
30/12/2019 21:10,3846,-0.002077923,3842.2,
30/12/2019 21:15,3847,0.000259977,3844.6,
30/12/2019 21:20,3850,0.000779525,3847.6,
30/12/2019 21:25,3849,-0.000259774,3849.2,
30/12/2019 21:30,3851,0.000519481,3848.6,
30/12/2019 21:35,3849,-0.000519481,3849.2,
30/12/2019 21:40,3850,0.000259774,3849.8,
30/12/2019 21:45,3847,-0.000779525,3849.2,
30/12/2019 21:50,3849,0.000519751,3849.2,
30/12/2019 21:55,3850,0.000259774,3849,
30/12/2019 22:00,3850,0,3849.2,
30/12/2019 22:05,3850,0,3849.2,
30/12/2019 22:10,3850,0,3849.8,
30/12/2019 22:15,3851,0.000259707,3850.2,
30/12/2019 22:20,3852,0.000259639,3850.6,
30/12/2019 22:25,3851,-0.000259639,3850.8,
30/12/2019 22:30,3852,0.000259639,3851.2,
30/12/2019 22:35,3853,0.000259572,3851.8,
30/12/2019 22:40,3852,-0.000259572,3852,
30/12/2019 22:45,3851,-0.000259639,3851.8,
30/12/2019 22:50,3852,0.000259639,3852,
30/12/2019 22:55,3849,-0.00077912,3851.4,
30/12/2019 23:00,3847,-0.000519751,3850.2,
31/12/2019 09:05,3856,0.002336753,3851,
31/12/2019 09:10,3867,0.002848636,3854.2,
31/12/2019 09:15,3880,0.003356141,3859.8,
31/12/2019 09:20,3872,-0.002063984,3864.4,
31/12/2019 09:25,3875,0.000774493,3870,
31/12/2019 09:30,3877,0.000515996,3874.2,
31/12/2019 09:35,3880,0.000773495,3876.8,
31/12/2019 09:40,3874,-0.001547589,3875.6,
31/12/2019 09:45,3878,0.001031992,3876.8,
31/12/2019 09:50,3875,-0.000773894,3876.8,
31/12/2019 09:55,3877,0.000515996,3876.8,
31/12/2019 10:00,3879,0.00051573,3876.6,
31/12/2019 10:05,3877,-0.00051573,3877.2,
31/12/2019 10:10,3868,-0.002324081,3875.2,
31/12/2019 10:15,3869,0.000258498,3874,
31/12/2019 10:30,3870,0.000258431,3872.6,
31/12/2019 10:35,3873,0.000774893,3871.4,
31/12/2019 10:40,3873,0,3870.6,
31/12/2019 10:45,3876,0.000774293,3872.2,
31/12/2019 10:50,3873,-0.000774293,3873,
31/12/2019 10:55,3873,0,3873.6,
31/12/2019 11:00,3865,-0.002067718,3872,
31/12/2019 11:05,3867,0.000517331,3870.8,
31/12/2019 11:10,3868,0.000258565,3869.2,
31/12/2019 11:15,3867,-0.000258565,3868,
31/12/2019 11:20,3867,0,3866.8,
31/12/2019 11:25,3865,-0.000517331,3866.8,
31/12/2019 11:30,3859,-0.001553599,3865.2,
31/12/2019 13:35,3849,-0.002594708,3861.4,
31/12/2019 13:40,3855,0.001557633,3859,
31/12/2019 13:45,3855,0,3856.6,
31/12/2019 13:50,3853,-0.000518941,3854.2,
31/12/2019 13:55,3855,0.000518941,3853.4,
31/12/2019 14:00,3856,0.00025937,3854.8,
31/12/2019 14:05,3855,-0.00025937,3854.8,
31/12/2019 14:10,3859,0.001037076,3855.6,
31/12/2019 14:15,3861,0.000518135,3857.2,
31/12/2019 14:20,3860,-0.000259034,3858.2,
31/12/2019 14:25,3862,0.000518001,3859.4,
31/12/2019 14:30,3862,0,3860.8,
31/12/2019 14:35,3863,0.0002589,3861.6,
31/12/2019 14:40,3861,-0.000517866,3861.6,
31/12/2019 14:45,3861,0,3861.8,
31/12/2019 14:50,3865,0.001035465,3862.4,
31/12/2019 14:55,3863,-0.000517598,3862.6,
31/12/2019 15:00,3857,-0.001554404,3861.4,
02/01/2020 09:05,3860,0.000777504,3861.2,
02/01/2020 09:10,3857,-0.000777504,3860.4,
02/01/2020 09:15,3864,0.001813237,3860.2,
02/01/2020 09:20,3861,-0.000776699,3859.8,
02/01/2020 09:25,3861,0,3860.6,
02/01/2020 09:30,3862,0.000258967,3861,
02/01/2020 09:35,3861,-0.000258967,3861.8,
02/01/2020 09:40,3864,0.000776699,3861.8,
02/01/2020 09:45,3870,0.001551591,3863.6,
02/01/2020 09:50,3868,-0.000516929,3865,
02/01/2020 09:55,3864,-0.001034661,3865.4,
02/01/2020 10:00,3864,0,3866,
02/01/2020 10:05,3873,0.002326484,3867.8,
02/01/2020 10:10,3872,-0.000258231,3868.2,
02/01/2020 10:15,3873,0.000258231,3869.2,
02/01/2020 10:30,3873,0,3871,
02/01/2020 10:35,3868,-0.001291823,3871.8,
02/01/2020 10:40,3869,0.000258498,3871,
02/01/2020 10:45,3869,0,3870.4,
02/01/2020 10:50,3868,-0.000258498,3869.4,
02/01/2020 10:55,3868,0,3868.4,
02/01/2020 11:00,3865,-0.000775896,3867.8,
02/01/2020 11:05,3864,-0.000258766,3866.8,
02/01/2020 11:10,3866,0.000517464,3866.2,
02/01/2020 11:15,3865,-0.000258699,3865.6,
02/01/2020 11:20,3866,0.000258699,3865.2,
02/01/2020 11:25,3867,0.000258632,3865.6,
02/01/2020 11:30,3866,-0.000258632,3866,
02/01/2020 13:35,3862,-0.001035197,3865.2,
02/01/2020 13:40,3863,0.0002589,3864.8,
02/01/2020 13:45,3868,0.001293494,3865.2,
02/01/2020 13:50,3870,0.000516929,3865.8,
02/01/2020 13:55,3868,-0.000516929,3866.2,
02/01/2020 14:00,3868,0,3867.4,
02/01/2020 14:05,3869,0.000258498,3868.6,
02/01/2020 14:10,3872,0.000775094,3869.4,
02/01/2020 14:15,3872,0,3869.8,
02/01/2020 14:20,3871,-0.000258298,3870.4,
02/01/2020 14:25,3875,0.001032791,3871.8,
02/01/2020 14:30,3873,-0.000516262,3872.6,
02/01/2020 14:35,3868,-0.001291823,3871.8,
02/01/2020 14:40,3867,-0.000258565,3870.8,
02/01/2020 14:45,3866,-0.000258632,3869.8,
02/01/2020 14:50,3866,0,3868,
02/01/2020 14:55,3866,0,3866.6,
02/01/2020 15:00,3861,-0.001294164,3865.2,
02/01/2020 21:05,3867,0.001552795,3865.2,
02/01/2020 21:10,3865,-0.000517331,3865,
02/01/2020 21:15,3867,0.000517331,3865.2,
02/01/2020 21:20,3864,-0.000776096,3864.8,
02/01/2020 21:25,3867,0.000776096,3866,
02/01/2020 21:30,3865,-0.000517331,3865.6,
02/01/2020 21:35,3867,0.000517331,3866,
02/01/2020 21:40,3872,0.001292157,3867,
02/01/2020 21:45,3873,0.000258231,3868.8,
02/01/2020 21:50,3871,-0.000516529,3869.6,
02/01/2020 21:55,3875,0.001032791,3871.6,
02/01/2020 22:00,3874,-0.000258098,3873,
02/01/2020 22:05,3872,-0.000516396,3873,
02/01/2020 22:10,3871,-0.000258298,3872.6,
02/01/2020 22:15,3873,0.000516529,3873,
02/01/2020 22:20,3873,0,3872.6,
02/01/2020 22:25,3874,0.000258164,3872.6,
02/01/2020 22:30,3873,-0.000258164,3872.8,
02/01/2020 22:35,3873,0,3873.2,
02/01/2020 22:40,3872,-0.000258231,3873,
02/01/2020 22:45,3875,0.000774493,3873.4,
02/01/2020 22:50,3875,0,3873.6,
02/01/2020 22:55,3877,0.000515996,3874.4,
02/01/2020 23:00,3877,0,3875.2,
03/01/2020 09:05,3879,0.00051573,3876.6,
03/01/2020 09:10,3881,0.000515464,3877.8,
03/01/2020 09:15,3881,0,3879,
03/01/2020 09:20,3885,0.001030131,3880.6,
03/01/2020 09:25,3891,0.00154321,3883.4,
03/01/2020 09:30,3886,-0.001285843,3884.8,
03/01/2020 09:35,3886,0,3885.8,
03/01/2020 09:40,3888,0.000514536,3887.2,
03/01/2020 09:45,3890,0.000514271,3888.2,
03/01/2020 09:50,3890,0,3888,
03/01/2020 09:55,3890,0,3888.8,
03/01/2020 10:00,3888,-0.000514271,3889.2,
03/01/2020 10:05,3887,-0.000257235,3889,
03/01/2020 10:10,3884,-0.000772101,3887.8,
03/01/2020 10:15,3880,-0.001030397,3885.8,
03/01/2020 10:30,3880,0,3883.8,
03/01/2020 10:35,3884,0.001030397,3883,
03/01/2020 10:40,3880,-0.001030397,3881.6,
03/01/2020 10:45,3880,0,3880.8,
03/01/2020 10:50,3879,-0.000257765,3880.6,
03/01/2020 10:55,3880,0.000257765,3880.6,
03/01/2020 11:00,3880,0,3879.8,
03/01/2020 11:05,3880,0,3879.8,
03/01/2020 11:10,3878,-0.000515597,3879.4,
03/01/2020 11:15,3873,-0.001290156,3878.2,
03/01/2020 11:20,3873,0,3876.8,
03/01/2020 11:25,3875,0.000516262,3875.8,
03/01/2020 11:30,3876,0.000258031,3875,
03/01/2020 13:35,3876,0,3874.6,
03/01/2020 13:40,3877,0.000257965,3875.4,
03/01/2020 13:45,3876,-0.000257965,3876,
03/01/2020 13:50,3875,-0.000258031,3876,
03/01/2020 13:55,3876,0.000258031,3876,
03/01/2020 14:00,3877,0.000257965,3876.2,
03/01/2020 14:05,3877,0,3876.2,
03/01/2020 14:10,3878,0.000257898,3876.6,
03/01/2020 14:15,3881,0.000773296,3877.8,
03/01/2020 14:20,3881,0,3878.8,
03/01/2020 14:25,3885,0.001030131,3880.4,
03/01/2020 14:30,3883,-0.000514933,3881.6,
03/01/2020 14:35,3880,-0.000772897,3882,
03/01/2020 14:40,3879,-0.000257765,3881.6,
03/01/2020 14:45,3876,-0.000773694,3880.6,
03/01/2020 14:50,3876,0,3878.8,
03/01/2020 14:55,3882,0.001546791,3878.6,
03/01/2020 15:00,3877,-0.001288826,3878,
03/01/2020 21:05,3883,0.001546392,3878.8,
03/01/2020 21:10,3870,-0.003353544,3877.6,
03/01/2020 21:15,3876,0.001549187,3877.6,
03/01/2020 21:20,3876,0,3876.4,
03/01/2020 21:25,3874,-0.000516129,3875.8,
03/01/2020 21:30,3874,0,3874,
03/01/2020 21:35,3875,0.000258098,3875,
03/01/2020 21:40,3873,-0.000516262,3874.4,
03/01/2020 21:45,3873,0,3873.8,
03/01/2020 21:50,3875,0.000516262,3874,
03/01/2020 21:55,3873,-0.000516262,3873.8,
03/01/2020 22:00,3875,0.000516262,3873.8,
03/01/2020 22:05,3874,-0.000258098,3874,
03/01/2020 22:10,3877,0.000774094,3874.8,
03/01/2020 22:15,3878,0.000257898,3875.4,
03/01/2020 22:20,3878,0,3876.4,
03/01/2020 22:25,3879,0.000257832,3877.2,
03/01/2020 22:30,3880,0.000257765,3878.4,
03/01/2020 22:35,3878,-0.000515597,3878.6,
03/01/2020 22:40,3878,0,3878.6,
03/01/2020 22:45,3877,-0.000257898,3878.4,
03/01/2020 22:50,3878,0.000257898,3878.2,
03/01/2020 22:55,3874,-0.001031992,3877,
03/01/2020 23:00,3871,-0.000774693,3875.6,
06/01/2020 09:05,3869,-0.000516796,3873.8,
06/01/2020 09:10,3867,-0.000517063,3871.8,
06/01/2020 09:15,3872,0.001292157,3870.6,
06/01/2020 09:20,3876,0.001032525,3871,
06/01/2020 09:25,3877,0.000257965,3872.2,
06/01/2020 09:30,3877,0,3873.8,
06/01/2020 09:35,3882,0.001288826,3876.8,
06/01/2020 09:40,3881,-0.000257632,3878.6,
06/01/2020 09:45,3882,0.000257632,3879.8,
06/01/2020 09:50,3882,0,3880.8,
06/01/2020 09:55,3883,0.000257566,3882,
06/01/2020 10:00,3886,0.0007723,3882.8,
06/01/2020 10:05,3888,0.000514536,3884.2,
06/01/2020 10:10,3888,0,3885.4,
06/01/2020 10:15,3886,-0.000514536,3886.2,
06/01/2020 10:30,3886,0,3886.8,
06/01/2020 10:35,3889,0.000771704,3887.4,
06/01/2020 10:40,3886,-0.000771704,3887,
06/01/2020 10:45,3890,0.001028807,3887.4,
06/01/2020 10:50,3897,0.001797869,3889.6,
06/01/2020 10:55,3893,-0.001026958,3891,
06/01/2020 11:00,3894,0.000256838,3892,
06/01/2020 11:05,3894,0,3893.6,
06/01/2020 11:10,3893,-0.000256838,3894.2,
06/01/2020 11:15,3896,0.000770317,3894,
06/01/2020 11:20,3897,0.000256641,3894.8,
06/01/2020 11:25,3895,-0.000513347,3895,
06/01/2020 11:30,3890,-0.001284522,3894.2,
06/01/2020 13:35,3891,0.000257036,3893.8,
06/01/2020 13:40,3894,0.000770713,3893.4,
06/01/2020 13:45,3891,-0.000770713,3892.2,
06/01/2020 13:50,3894,0.000770713,3892,
06/01/2020 13:55,3893,-0.000256838,3892.6,
06/01/2020 14:00,3893,0,3893,
06/01/2020 14:05,3895,0.000513611,3893.2,
06/01/2020 14:10,3895,0,3894,
06/01/2020 14:15,3894,-0.000256772,3894,
06/01/2020 14:20,3896,0.000513479,3894.6,
06/01/2020 14:25,3899,0.000769724,3895.8,
06/01/2020 14:30,3905,0.001537673,3897.8,
06/01/2020 14:35,3902,-0.000768541,3899.2,
06/01/2020 14:40,3906,0.00102459,3901.6,
06/01/2020 14:45,3904,-0.000512164,3903.2,
06/01/2020 14:50,3906,0.000512164,3904.6,
06/01/2020 14:55,3907,0.000255984,3905,
06/01/2020 15:00,3909,0.000511771,3906.4,
06/01/2020 21:05,3916,0.001789138,3908.4,
06/01/2020 21:10,3913,-0.000766381,3910.2,
06/01/2020 21:15,3916,0.000766381,3912.2,
06/01/2020 21:20,3914,-0.000510856,3913.6,
06/01/2020 21:25,3919,0.00127665,3915.6,
06/01/2020 21:30,3913,-0.001532176,3915,
06/01/2020 21:35,3909,-0.001022756,3914.2,
06/01/2020 21:40,3909,0,3912.8,
06/01/2020 21:45,3910,0.000255787,3912,
06/01/2020 21:50,3910,0,3910.2,
06/01/2020 21:55,3908,-0.00051164,3909.2,
06/01/2020 22:00,3910,0.00051164,3909.4,
06/01/2020 22:05,3909,-0.000255787,3909.4,
06/01/2020 22:10,3910,0.000255787,3909.4,
06/01/2020 22:15,3911,0.000255722,3909.6,
06/01/2020 22:20,3914,0.000766773,3910.8,
06/01/2020 22:25,3913,-0.000255526,3911.4,
06/01/2020 22:30,3915,0.000510986,3912.6,
06/01/2020 22:35,3916,0.000255395,3913.8,
06/01/2020 22:40,3917,0.00025533,3915,
06/01/2020 22:45,3919,0.000510465,3916,
06/01/2020 22:50,3922,0.000765209,3917.8,
06/01/2020 22:55,3920,-0.000510074,3918.8,
06/01/2020 23:00,3921,0.00025507,3919.8,
07/01/2020 09:05,3927,0.001529052,3921.8,
07/01/2020 09:10,3934,0.001780944,3924.8,
07/01/2020 09:15,3934,0,3927.2,
07/01/2020 09:20,3936,0.000508259,3930.4,
07/01/2020 09:25,3940,0.001015744,3934.2,
07/01/2020 09:30,3939,-0.000253839,3936.6,
07/01/2020 09:35,3938,-0.000253904,3937.4,
07/01/2020 09:40,3931,-0.001779134,3936.8,
07/01/2020 09:45,3930,-0.000254421,3935.6,
07/01/2020 09:50,3933,0.000763068,3934.2,
07/01/2020 09:55,3932,-0.000254291,3932.8,
07/01/2020 10:00,3932,0,3931.6,
07/01/2020 10:05,3935,0.00076268,3932.4,
07/01/2020 10:10,3933,-0.000508388,3933,
07/01/2020 10:15,3932,-0.000254291,3932.8,
07/01/2020 10:30,3932,0,3932.8,
07/01/2020 10:35,3930,-0.000508776,3932.4,
07/01/2020 10:40,3934,0.001017294,3932.2,
07/01/2020 10:45,3933,-0.000254227,3932.2,
07/01/2020 10:50,3934,0.000254227,3932.6,
07/01/2020 10:55,3934,0,3933,
07/01/2020 11:00,3931,-0.000762874,3933.2,
07/01/2020 11:05,3923,-0.002037179,3931,
07/01/2020 11:10,3921,-0.000509944,3928.6,
07/01/2020 11:15,3919,-0.000510204,3925.6,
07/01/2020 11:20,3924,0.001275022,3923.6,
07/01/2020 11:25,3922,-0.000509814,3921.8,
07/01/2020 11:30,3926,0.001019368,3922.4,
07/01/2020 13:35,3928,0.000509295,3923.8,
07/01/2020 13:40,3921,-0.001783667,3924.2,
07/01/2020 13:45,3920,-0.00025507,3923.4,
07/01/2020 13:50,3923,0.000765013,3923.6,
07/01/2020 13:55,3920,-0.000765013,3922.4,
07/01/2020 14:00,3918,-0.000510334,3920.4,
07/01/2020 14:05,3921,0.000765404,3920.4,
07/01/2020 14:10,3920,-0.00025507,3920.4,
07/01/2020 14:15,3919,-0.000255135,3919.6,
07/01/2020 14:20,3916,-0.000765795,3918.8,
07/01/2020 14:25,3916,0,3918.4,
07/01/2020 14:30,3922,0.001531003,3918.6,
07/01/2020 14:35,3923,0.000254939,3919.2,
07/01/2020 14:40,3918,-0.001275348,3919,
07/01/2020 14:45,3916,-0.000510595,3919,
07/01/2020 14:50,3916,0,3919,
07/01/2020 14:55,3915,-0.000255395,3917.6,
07/01/2020 15:00,3916,0.000255395,3916.2,
07/01/2020 21:05,3915,-0.000255395,3915.6,
07/01/2020 21:10,3911,-0.001022234,3914.6,
07/01/2020 21:15,3911,0,3913.6,
07/01/2020 21:20,3912,0.000255656,3913,
07/01/2020 21:25,3912,0,3912.2,
07/01/2020 21:30,3910,-0.000511378,3911.2,
07/01/2020 21:35,3911,0.000255722,3911.2,
07/01/2020 21:40,3910,-0.000255722,3911,
07/01/2020 21:45,3915,0.001277955,3911.6,
07/01/2020 21:50,3915,0,3912.2,
07/01/2020 21:55,3917,0.000510725,3913.6,
07/01/2020 22:00,3916,-0.00025533,3914.6,
07/01/2020 22:05,3919,0.000765795,3916.4,
07/01/2020 22:10,3918,-0.0002552,3917,
07/01/2020 22:15,3916,-0.000510595,3917.2,
07/01/2020 22:20,3918,0.000510595,3917.4,
07/01/2020 22:25,3917,-0.000255265,3917.6,
07/01/2020 22:30,3918,0.000255265,3917.4,
07/01/2020 22:35,3916,-0.000510595,3917,
07/01/2020 22:40,3918,0.000510595,3917.4,
07/01/2020 22:45,3917,-0.000255265,3917.2,
07/01/2020 22:50,3919,0.000510465,3917.6,
07/01/2020 22:55,3914,-0.00127665,3916.8,
07/01/2020 23:00,3918,0.001021451,3917.2,
08/01/2020 09:05,3924,0.001530222,3918.4,
08/01/2020 09:10,3929,0.001273399,3920.8,
08/01/2020 09:15,3927,-0.000509165,3922.4,
08/01/2020 09:20,3922,-0.001274048,3924,
08/01/2020 09:25,3921,-0.000255004,3924.6,
08/01/2020 09:30,3918,-0.000765404,3923.4,
08/01/2020 09:35,3920,0.000510334,3921.6,
08/01/2020 09:40,3922,0.000510074,3920.6,
08/01/2020 09:45,3922,0,3920.6,
08/01/2020 09:50,3926,0.001019368,3921.6,
08/01/2020 09:55,3934,0.002035624,3924.8,
08/01/2020 10:00,3933,-0.000254227,3927.4,
08/01/2020 10:05,3934,0.000254227,3929.8,
08/01/2020 10:10,3934,0,3932.2,
08/01/2020 10:15,3932,-0.000508518,3933.4,
08/01/2020 10:35,3932,0,3933,
08/01/2020 10:40,3936,0.001016777,3933.6,
08/01/2020 10:45,3942,0.00152323,3935.2,
08/01/2020 10:50,3962,0.00506074,3940.8,
08/01/2020 10:55,3949,-0.003286566,3944.2,
08/01/2020 11:00,3951,0.000506329,3948,
08/01/2020 11:05,3948,-0.00075959,3950.4,
08/01/2020 11:10,3948,0,3951.6,
08/01/2020 11:15,3946,-0.000506714,3948.4,
08/01/2020 11:20,3952,0.001519372,3949,
08/01/2020 11:25,3950,-0.000506201,3948.8,
08/01/2020 11:30,3952,0.000506201,3949.6,
08/01/2020 13:35,3949,-0.000759398,3949.8,
08/01/2020 13:40,3947,-0.000506586,3950,
08/01/2020 13:45,3948,0.000253325,3949.2,
08/01/2020 13:50,3949,0.000253261,3949,
08/01/2020 13:55,3949,0,3948.4,
08/01/2020 14:00,3947,-0.000506586,3948,
08/01/2020 14:05,3949,0.000506586,3948.4,
08/01/2020 14:10,3944,-0.001266946,3947.6,
08/01/2020 14:15,3947,0.00076036,3947.2,
08/01/2020 14:20,3947,0,3946.8,
08/01/2020 14:25,3952,0.001265983,3947.8,
08/01/2020 14:30,3947,-0.001265983,3947.4,
08/01/2020 14:35,3950,0.000759782,3948.6,
08/01/2020 14:40,3952,0.000506201,3949.6,
08/01/2020 14:45,3953,0.000253004,3950.8,
08/01/2020 14:50,3954,0.00025294,3951.2,
08/01/2020 14:55,3955,0.000252876,3952.8,
08/01/2020 15:00,3954,-0.000252876,3953.6,
08/01/2020 21:05,3955,0.000252876,3954.2,
08/01/2020 21:10,3954,-0.000252876,3954.4,
08/01/2020 21:15,3952,-0.000505945,3954,
08/01/2020 22:25,3960,0.002022245,3955,
08/01/2020 22:30,3955,-0.001263424,3955.2,
08/01/2020 22:35,3955,0,3955.2,
08/01/2020 22:40,3954,-0.000252876,3955.2,
08/01/2020 22:45,3959,0.001263743,3956.6,
09/01/2020 09:05,3958,-0.000252621,3956.2,
09/01/2020 09:10,3961,0.000757671,3957.4,
09/01/2020 09:15,3960,-0.000252493,3958.4,
09/01/2020 09:20,3994,0.00854921,3966.4,
09/01/2020 09:25,3995,0.000250344,3973.6,
09/01/2020 09:30,3996,0.000250282,3981.2,
09/01/2020 09:35,4002,0.001500375,3989.4,
09/01/2020 09:40,3996,-0.001500375,3996.6,
09/01/2020 09:45,4000,0.0010005,3997.8,
09/01/2020 09:50,3999,-0.000250031,3998.6,
09/01/2020 09:55,4001,0.0005,3999.6,
09/01/2020 10:00,4006,0.001248907,4000.4,
09/01/2020 10:05,4001,-0.001248907,4001.4,
09/01/2020 10:10,4003,0.00049975,4002,
09/01/2020 10:15,4005,0.000499501,4003.2,
09/01/2020 10:30,4005,0,4004,
09/01/2020 10:35,4005,0,4003.8,
09/01/2020 10:40,4012,0.00174629,4006,
09/01/2020 10:45,4014,0.00049838,4008.2,
09/01/2020 10:50,4014,0,4010,
09/01/2020 10:55,4012,-0.00049838,4011.4,
09/01/2020 11:00,4009,-0.000748036,4012.2,
09/01/2020 11:05,4008,-0.00024947,4011.4,
09/01/2020 11:10,4008,0,4010.2,
09/01/2020 11:15,4009,0.00024947,4009.2,
09/01/2020 11:20,4009,0,4008.6,
09/01/2020 11:25,4012,0.000748036,4009.2,
09/01/2020 11:30,4011,-0.000249283,4009.8,
09/01/2020 13:35,4008,-0.000748223,4009.8,
09/01/2020 13:40,4011,0.000748223,4010.2,
09/01/2020 13:45,4022,0.002738705,4012.8,
09/01/2020 13:50,4023,0.000248602,4015,
09/01/2020 13:55,4025,0.000497018,4017.8,
09/01/2020 14:00,4023,-0.000497018,4020.8,
09/01/2020 14:05,4032,0.002234638,4025,
09/01/2020 14:10,4026,-0.001489204,4025.8,
09/01/2020 14:15,4029,0.000744879,4027,
09/01/2020 14:20,4031,0.000496278,4028.2,
09/01/2020 14:25,4036,0.001239618,4030.8,
09/01/2020 14:30,4029,-0.001735896,4030.2,
09/01/2020 14:35,4030,0.00024817,4031,
09/01/2020 14:40,4036,0.001487727,4032.4,
09/01/2020 14:45,4035,-0.000247801,4033.2,
09/01/2020 14:50,4032,-0.000743771,4032.4,
09/01/2020 14:55,4032,0,4033,
09/01/2020 15:00,4029,-0.000744325,4032.8,
09/01/2020 21:05,4032,0.000744325,4032,
09/01/2020 21:10,4026,-0.001489204,4030.2,
09/01/2020 21:15,4028,0.000496648,4029.4,
09/01/2020 21:20,4027,-0.000248293,4028.4,
09/01/2020 21:25,4030,0.000744694,4028.6,
09/01/2020 21:30,4032,0.000496155,4028.6,
09/01/2020 21:35,4031,-0.000248047,4029.6,
09/01/2020 21:40,4032,0.000248047,4030.4,
09/01/2020 21:45,4031,-0.000248047,4031.2,
09/01/2020 21:50,4030,-0.000248108,4031.2,
09/01/2020 21:55,4032,0.000496155,4031.2,
09/01/2020 22:00,4033,0.000247985,4031.6,
09/01/2020 22:05,4034,0.000247924,4032,
09/01/2020 22:10,4042,0.001981179,4034.2,
09/01/2020 22:15,4044,0.000494682,4037,
09/01/2020 22:20,4043,-0.00024731,4039.2,
09/01/2020 22:25,4046,0.000741748,4041.8,
09/01/2020 22:30,4047,0.000247127,4044.4,
09/01/2020 22:35,4058,0.002714376,4047.6,
09/01/2020 22:40,4069,0.002707028,4052.6,
09/01/2020 22:45,4072,0.00073701,4058.4,
09/01/2020 22:50,4075,0.000736467,4064.2,
09/01/2020 22:55,4070,-0.001227747,4068.8,
09/01/2020 23:00,4073,0.000736829,4071.8,
10/01/2020 09:05,4088,0.003676024,4075.6,
10/01/2020 09:10,4090,0.000489117,4079.2,
10/01/2020 09:15,4090,0,4082.2,
10/01/2020 09:20,4099,0.002198071,4088,
10/01/2020 09:25,4123,0.005838012,4098,
10/01/2020 09:30,4113,-0.002428364,4103,
10/01/2020 09:35,4119,0.001457726,4108.8,
10/01/2020 09:40,4117,-0.000485673,4114.2,
10/01/2020 09:45,4089,-0.006824301,4112.2,
10/01/2020 09:50,4086,-0.000733945,4104.8,
10/01/2020 09:55,4072,-0.003432217,4096.6,
10/01/2020 10:00,4072,0,4087.2,
10/01/2020 10:05,4079,0.001717581,4079.6,
10/01/2020 10:10,4074,-0.001226543,4076.6,
10/01/2020 10:15,4076,0.000490798,4074.6,
10/01/2020 10:30,4075,-0.000245369,4075.2,
10/01/2020 10:35,4074,-0.000245429,4075.6,
10/01/2020 10:40,4066,-0.001965603,4073,
10/01/2020 10:45,4068,0.000491763,4071.8,
10/01/2020 10:50,4068,0,4070.2,
10/01/2020 10:55,4074,0.00147384,4070,
10/01/2020 11:00,4072,-0.000491039,4069.6,
10/01/2020 11:05,4076,0.000981836,4071.6,
10/01/2020 11:10,4073,-0.000736287,4072.6,
10/01/2020 11:15,4071,-0.000491159,4073.2,
10/01/2020 11:20,4082,0.002698395,4074.8,
10/01/2020 11:25,4078,-0.000980392,4076,
10/01/2020 11:30,4074,-0.000981354,4075.6,
10/01/2020 13:35,4082,0.001961747,4077.4,
10/01/2020 13:40,4093,0.002691133,4081.8,
10/01/2020 13:45,4090,-0.000733227,4083.4,
10/01/2020 13:50,4082,-0.001957906,4084.2,
10/01/2020 13:55,4083,0.000244948,4086,
10/01/2020 14:00,4083,0,4086.2,
10/01/2020 14:05,4085,0.000489716,4084.6,
10/01/2020 14:10,4088,0.000734125,4084.2,
10/01/2020 14:15,4087,-0.000244648,4085.2,
10/01/2020 14:20,4087,0,4086,
10/01/2020 14:25,4075,-0.002940458,4084.4,
10/01/2020 14:30,4077,0.000490677,4082.8,
10/01/2020 14:35,4072,-0.001227145,4079.6,
10/01/2020 14:40,4077,0.001227145,4077.6,
10/01/2020 14:45,4083,0.001470589,4076.8,
10/01/2020 14:50,4089,0.001468429,4079.6,
10/01/2020 14:55,4091,0.000488998,4082.4,
10/01/2020 15:00,4092,0.000244409,4086.4,
10/01/2020 21:05,4094,0.000488639,4089.8,
10/01/2020 21:10,4087,-0.001711283,4090.6,
10/01/2020 21:15,4082,-0.00122414,4089.2,
10/01/2020 21:20,4086,0.000979432,4088.2,
10/01/2020 21:25,4093,0.001711701,4088.4,
10/01/2020 21:30,4096,0.00073269,4088.8,
10/01/2020 21:35,4085,-0.002689159,4088.4,
10/01/2020 21:40,4088,0.000734125,4089.6,
10/01/2020 21:45,4087,-0.000244648,4089.8,
10/01/2020 21:50,4090,0.000733765,4089.2,
10/01/2020 21:55,4097,0.001710029,4089.4,
10/01/2020 22:00,4098,0.000244051,4092,
10/01/2020 22:05,4093,-0.001220852,4093,
10/01/2020 22:10,4098,0.001220852,4095.2,
10/01/2020 22:15,4101,0.000731797,4097.4,
10/01/2020 22:20,4096,-0.001219959,4097.2,
10/01/2020 22:25,4102,0.001463772,4098,
10/01/2020 22:30,4097,-0.001219661,4098.8,
10/01/2020 22:35,4106,0.00219432,4100.4,
10/01/2020 22:40,4116,0.002432499,4103.4,
10/01/2020 22:45,4112,-0.00097229,4106.6,
10/01/2020 22:50,4113,0.000243161,4108.8,
10/01/2020 22:55,4122,0.002185793,4113.8,
10/01/2020 23:00,4121,-0.00024263,4116.8,
13/01/2020 09:05,4126,0.001212562,4118.8,
13/01/2020 09:10,4139,0.003145798,4124.2,
13/01/2020 09:15,4137,-0.000483325,4129,
13/01/2020 09:20,4143,0.001449276,4133.2,
13/01/2020 09:25,4123,-0.004839109,4133.6,
13/01/2020 09:30,4138,0.003631526,4136,
13/01/2020 09:35,4135,-0.000725251,4135.2,
13/01/2020 09:40,4137,0.000483559,4135.2,
13/01/2020 09:45,4129,-0.001935641,4132.4,
13/01/2020 09:50,4130,0.00024216,4133.8,
13/01/2020 09:55,4137,0.001693481,4133.6,
13/01/2020 10:00,4139,0.000483325,4134.4,
13/01/2020 10:05,4141,0.000483092,4135.2,
13/01/2020 10:10,4137,-0.000966417,4136.8,
13/01/2020 10:15,4136,-0.00024175,4138,
13/01/2020 10:30,4136,0,4137.8,
13/01/2020 10:35,4140,0.000966651,4138,
13/01/2020 10:40,4132,-0.001934237,4136.2,
13/01/2020 10:45,4128,-0.000968523,4134.4,
13/01/2020 10:50,4125,-0.000727008,4132.2,
13/01/2020 10:55,4128,0.000727008,4130.6,
13/01/2020 11:00,4134,0.001452433,4129.4,
13/01/2020 11:05,4130,-0.000968054,4129,
13/01/2020 11:10,4138,0.001935172,4131,
13/01/2020 11:15,4132,-0.001451028,4132.4,
13/01/2020 11:20,4123,-0.002180498,4131.4,
13/01/2020 11:25,4125,0.000484966,4129.6,
13/01/2020 11:30,4106,-0.004616701,4124.8,
13/01/2020 13:35,4115,0.002189516,4120.2,
13/01/2020 13:40,4120,0.001214329,4117.8,
13/01/2020 13:45,4122,0.000485319,4117.6,
13/01/2020 13:50,4119,-0.000728067,4116.4,
13/01/2020 13:55,4118,-0.000242807,4118.8,
13/01/2020 14:00,4125,0.001698411,4120.8,
13/01/2020 14:05,4127,0.000484731,4122.2,
13/01/2020 14:10,4127,0,4123.2,
13/01/2020 14:15,4124,-0.000727185,4124.2,
13/01/2020 14:20,4125,0.000242454,4125.6,
13/01/2020 14:25,4125,0,4125.6,
13/01/2020 14:30,4121,-0.000970167,4124.4,
13/01/2020 14:35,4124,0.000727714,4123.8,
13/01/2020 14:40,4126,0.000484848,4124.2,
13/01/2020 14:45,4117,-0.002183672,4122.6,
13/01/2020 14:50,4119,0.000485673,4121.4,
13/01/2020 14:55,4113,-0.001457726,4119.8,
13/01/2020 15:00,4111,-0.000486381,4117.2,
14/01/2020 21:05,4134,0.005579153,4118.8,
14/01/2020 21:10,4129,-0.001210214,4121.2,
14/01/2020 21:15,4130,0.00024216,4123.4,
14/01/2020 21:20,4131,0.000242101,4127,
14/01/2020 21:25,4118,-0.0031519,4128.4,
14/01/2020 21:30,4115,-0.000728774,4124.6,
14/01/2020 21:35,4118,0.000728774,4122.4,
14/01/2020 21:40,4119,0.000242807,4120.2,
14/01/2020 21:45,4120,0.000242748,4118,
14/01/2020 21:50,4120,0,4118.4,
14/01/2020 21:55,4121,0.000242689,4119.6,
14/01/2020 22:00,4118,-0.000728244,4119.6,
14/01/2020 22:05,4119,0.000242807,4119.6,
14/01/2020 22:10,4117,-0.000485673,4119,
14/01/2020 22:15,4118,0.000242866,4118.6,
14/01/2020 22:20,4119,0.000242807,4118.2,
14/01/2020 22:25,4119,0,4118.4,
14/01/2020 22:30,4115,-0.000971581,4117.6,
14/01/2020 22:35,4116,0.000242984,4117.4,
14/01/2020 22:40,4116,0,4117,
14/01/2020 22:45,4127,0.002668933,4118.6,
14/01/2020 22:50,4127,0,4120.2,
14/01/2020 22:55,4124,-0.000727185,4122,
14/01/2020 23:00,4125,0.000242454,4123.8,
15/01/2020 09:05,4124,-0.000242454,4125.4,
15/01/2020 09:10,4127,0.000727185,4125.4,
15/01/2020 09:15,4129,0.000484496,4125.8,
15/01/2020 09:20,4131,0.000484262,4127.2,
15/01/2020 09:25,4129,-0.000484262,4128,
15/01/2020 09:30,4128,-0.000242219,4128.8,
15/01/2020 09:35,4131,0.00072648,4129.6,
15/01/2020 09:40,4131,0,4130,
15/01/2020 09:45,4127,-0.000968758,4129.2,
15/01/2020 09:50,4129,0.000484496,4129.2,
15/01/2020 09:55,4129,0,4129.4,
15/01/2020 10:00,4128,-0.000242219,4128.8,
15/01/2020 10:05,4130,0.000484379,4128.6,
15/01/2020 10:10,4130,0,4129.2,
15/01/2020 10:15,4128,-0.000484379,4129,
15/01/2020 10:30,4128,0,4128.8,
15/01/2020 10:35,4125,-0.000727008,4128.2,
15/01/2020 10:40,4127,0.000484731,4127.6,
15/01/2020 10:45,4128,0.000242277,4127.2,
15/01/2020 10:50,4115,-0.003154194,4124.6,
15/01/2020 10:55,4116,0.000242984,4122.2,
15/01/2020 11:00,4115,-0.000242984,4120.2,
15/01/2020 11:05,4111,-0.000972526,4117,
15/01/2020 11:10,4111,0,4113.6,
15/01/2020 11:15,4119,0.001944108,4114.4,
15/01/2020 11:20,4117,-0.000485673,4114.6,
15/01/2020 11:25,4118,0.000242866,4115.2,
15/01/2020 11:30,4119,0.000242807,4116.8,
15/01/2020 13:35,4116,-0.000728597,4117.8,
15/01/2020 13:40,4113,-0.000729129,4116.6,
15/01/2020 13:45,4116,0.000729129,4116.4,
15/01/2020 13:50,4115,-0.000242984,4115.8,
15/01/2020 13:55,4117,0.000485909,4115.4,
15/01/2020 14:00,4113,-0.000972054,4114.8,
15/01/2020 14:05,4115,0.000486145,4115.2,
15/01/2020 14:10,4113,-0.000486145,4114.6,
15/01/2020 14:15,4116,0.000729129,4114.8,
15/01/2020 14:20,4113,-0.000729129,4114,
15/01/2020 14:25,4115,0.000486145,4114.4,
15/01/2020 14:30,4115,0,4114.4,
15/01/2020 14:35,4123,0.00194222,4116.4,
15/01/2020 14:40,4127,0.000969697,4118.6,
15/01/2020 14:45,4124,-0.000727185,4120.8,
15/01/2020 14:50,4124,0,4122.6,
15/01/2020 14:55,4124,0,4124.4,
15/01/2020 15:00,4130,0.001453841,4125.8,
15/01/2020 21:05,4123,-0.001696353,4125,
15/01/2020 21:10,4125,0.000484966,4125.2,
15/01/2020 21:15,4118,-0.001698411,4124,
15/01/2020 21:20,4113,-0.001214919,4121.8,
15/01/2020 21:25,4116,0.000729129,4119,
15/01/2020 21:30,4117,0.000242925,4117.8,
15/01/2020 21:35,4118,0.000242866,4116.4,
15/01/2020 21:40,4117,-0.000242866,4116.2,
15/01/2020 21:45,4112,-0.001215215,4116,
15/01/2020 21:50,4113,0.000243161,4115.4,
15/01/2020 21:55,4116,0.000729129,4115.2,
15/01/2020 22:00,4115,-0.000242984,4114.6,
15/01/2020 22:05,4116,0.000242984,4114.4,
15/01/2020 22:10,4122,0.001456664,4116.4,
15/01/2020 22:15,4120,-0.000485319,4117.8,
15/01/2020 22:20,4123,0.00072789,4119.2,
15/01/2020 22:25,4121,-0.000485201,4120.4,
15/01/2020 22:30,4119,-0.000485437,4121,
15/01/2020 22:35,4121,0.000485437,4120.8,
15/01/2020 22:40,4134,0.003149609,4123.6,
15/01/2020 22:45,4129,-0.001210214,4124.8,
15/01/2020 22:50,4127,-0.000484496,4126,
15/01/2020 22:55,4128,0.000242277,4127.8,
15/01/2020 23:00,4126,-0.000484614,4128.8,
16/01/2020 09:05,4117,-0.002183672,4125.4,
16/01/2020 09:10,4116,-0.000242925,4122.8,
16/01/2020 09:15,4118,0.000485791,4121,
16/01/2020 09:20,4108,-0.002431317,4117,
16/01/2020 09:25,4113,0.001216397,4114.4,
16/01/2020 09:30,4114,0.000243102,4113.8,
16/01/2020 09:35,4116,0.000486027,4113.8,
16/01/2020 09:40,4116,0,4113.4,
16/01/2020 09:45,4114,-0.000486027,4114.6,
16/01/2020 09:50,4117,0.000728952,4115.4,
16/01/2020 09:55,4117,0,4116,
16/01/2020 10:00,4116,-0.000242925,4116,
16/01/2020 10:05,4111,-0.00121551,4115,
16/01/2020 10:10,4101,-0.002435462,4112.4,
16/01/2020 10:15,4094,-0.001708359,4107.8,
16/01/2020 10:30,4092,-0.000488639,4102.8,
16/01/2020 10:35,4091,-0.000244409,4097.8,
16/01/2020 10:40,4096,0.001221449,4094.8,
16/01/2020 10:45,4090,-0.001465918,4092.6,
16/01/2020 10:50,4092,0.000488878,4092.2,
16/01/2020 10:55,4088,-0.000977995,4091.4,
16/01/2020 11:00,4089,0.000244588,4091,
16/01/2020 11:05,4093,0.000977756,4090.4,
16/01/2020 11:10,4097,0.000976801,4091.8,
16/01/2020 11:15,4094,-0.000732511,4092.2,
16/01/2020 11:20,4103,0.002195926,4095.2,
16/01/2020 11:25,4099,-0.000975372,4097.2,
16/01/2020 11:30,4095,-0.000976324,4097.6,
16/01/2020 13:35,4089,-0.001466276,4096,
16/01/2020 13:40,4093,0.000977756,4095.8,
16/01/2020 13:45,4094,0.00024429,4094,
16/01/2020 13:50,4084,-0.002445587,4091,
16/01/2020 13:55,4074,-0.002451582,4086.8,
16/01/2020 14:00,4081,0.001716739,4085.2,
16/01/2020 14:05,4082,0.000245008,4083,
16/01/2020 14:10,4084,0.000489836,4081,
16/01/2020 14:15,4078,-0.001470228,4079.8,
16/01/2020 14:20,4081,0.000735384,4081.2,
16/01/2020 14:25,4086,0.00122444,4082.2,
16/01/2020 14:30,4087,0.000244708,4083.2,
16/01/2020 14:35,4087,0,4083.8,
16/01/2020 14:40,4083,-0.000979192,4084.8,
16/01/2020 14:45,4089,0.001468429,4086.4,
16/01/2020 14:50,4088,-0.000244588,4086.8,
16/01/2020 14:55,4088,0,4087,
16/01/2020 15:00,4095,0.001710864,4088.6,
16/01/2020 21:05,4088,-0.001710864,4089.6,
16/01/2020 21:10,4092,0.000977995,4090.2,
16/01/2020 21:15,4091,-0.000244409,4090.8,
16/01/2020 21:20,4092,0.000244409,4091.6,
16/01/2020 21:25,4087,-0.001222644,4090,
16/01/2020 21:30,4088,0.000244648,4090,
16/01/2020 21:35,4079,-0.002203993,4087.4,
16/01/2020 21:40,4080,0.000245128,4085.2,
16/01/2020 21:45,4082,0.000490076,4083.2,
16/01/2020 21:50,4084,0.000489836,4082.6,
16/01/2020 21:55,4084,0,4081.8,
16/01/2020 22:00,4088,0.000978953,4083.6,
16/01/2020 22:05,4091,0.000733586,4085.8,
16/01/2020 22:10,4093,0.000488759,4088,
16/01/2020 22:15,4089,-0.000977756,4089,
16/01/2020 22:20,4090,0.000244529,4090.2,
16/01/2020 22:25,4092,0.000488878,4091,
16/01/2020 22:30,4094,0.000488639,4091.6,
16/01/2020 22:35,4093,-0.00024429,4091.6,
16/01/2020 22:40,4090,-0.000733227,4091.8,
16/01/2020 22:45,4095,0.001221747,4092.8,
16/01/2020 22:50,4097,0.000488281,4093.8,
16/01/2020 22:55,4091,-0.00146556,4093.2,
16/01/2020 23:00,4096,0.001221449,4093.8,
17/01/2020 09:05,4091,-0.001221449,4094,
17/01/2020 09:10,4094,0.000733048,4093.8,
17/01/2020 09:15,4087,-0.001711283,4091.8,
17/01/2020 09:20,4086,-0.000244708,4090.8,
17/01/2020 09:25,4090,0.000978474,4089.6,
17/01/2020 09:30,4095,0.001221747,4090.4,
17/01/2020 09:35,4092,-0.000732869,4090,
17/01/2020 09:40,4093,0.000244349,4091.2,
17/01/2020 09:45,4093,0,4092.6,
17/01/2020 09:50,4093,0,4093.2,
17/01/2020 09:55,4095,0.00048852,4093.2,
17/01/2020 10:00,4093,-0.00048852,4093.4,
17/01/2020 10:05,4108,0.003658095,4096.4,
17/01/2020 10:10,4109,0.000243398,4099.6,
17/01/2020 10:15,4117,0.001945053,4104.4,
17/01/2020 10:30,4116,-0.000242925,4108.6,
17/01/2020 10:35,4114,-0.000486027,4112.8,
17/01/2020 10:40,4114,0,4114,
17/01/2020 10:45,4113,-0.000243102,4114.8,
17/01/2020 10:50,4114,0.000243102,4114.2,
17/01/2020 10:55,4108,-0.001459499,4112.6,
17/01/2020 11:00,4105,-0.000730549,4110.8,
17/01/2020 11:05,4103,-0.000487329,4108.6,
17/01/2020 11:10,4103,0,4106.6,
17/01/2020 11:15,4103,0,4104.4,
17/01/2020 11:20,4102,-0.000243754,4103.2,
17/01/2020 11:25,4099,-0.000731618,4102,
17/01/2020 11:30,4094,-0.001220554,4100.2,
17/01/2020 13:35,4097,0.000732511,4099,
17/01/2020 13:40,4098,0.000244051,4098,
17/01/2020 13:45,4097,-0.000244051,4097,
17/01/2020 13:50,4094,-0.000732511,4096,
17/01/2020 13:55,4088,-0.001466634,4094.8,
17/01/2020 14:00,4090,0.000489117,4093.4,
17/01/2020 14:05,4088,-0.000489117,4091.4,
17/01/2020 14:10,4092,0.000977995,4090.4,
17/01/2020 14:15,4089,-0.000733407,4089.4,
17/01/2020 14:20,4093,0.000977756,4090.4,
17/01/2020 14:25,4092,-0.000244349,4090.8,
17/01/2020 14:30,4089,-0.000733407,4091,
17/01/2020 14:35,4092,0.000733407,4091,
17/01/2020 14:40,4092,0,4091.6,
17/01/2020 14:45,4096,0.00097704,4092.2,
17/01/2020 14:50,4094,-0.0004884,4092.6,
17/01/2020 14:55,4092,-0.000488639,4093.2,
17/01/2020 15:00,4100,0.001953126,4094.8,
17/01/2020 21:05,4099,-0.000243932,4096.2,
17/01/2020 21:10,4096,-0.000732154,4096.2,
17/01/2020 21:15,4094,-0.0004884,4096.2,
17/01/2020 21:20,4095,0.00024423,4096.8,
17/01/2020 21:25,4092,-0.000732869,4095.2,
17/01/2020 21:30,4092,0,4093.8,
17/01/2020 21:35,4089,-0.000733407,4092.4,
17/01/2020 21:40,4090,0.000244529,4091.6,
17/01/2020 21:45,4093,0.000733227,4091.2,
17/01/2020 21:50,4094,0.00024429,4091.6,
17/01/2020 21:55,4094,0,4092,
17/01/2020 22:00,4093,-0.00024429,4092.8,
17/01/2020 22:05,4094,0.00024429,4093.6,
17/01/2020 22:10,4093,-0.00024429,4093.6,
17/01/2020 22:15,4086,-0.001711701,4092,
17/01/2020 22:20,4088,0.000489357,4090.8,
17/01/2020 22:25,4086,-0.000489357,4089.4,
17/01/2020 22:30,4084,-0.000489596,4087.4,
17/01/2020 22:35,4088,0.000978953,4086.4,
17/01/2020 22:40,4087,-0.000244648,4086.6,
17/01/2020 22:45,4088,0.000244648,4086.6,
17/01/2020 22:50,4094,0.001466634,4088.2,
17/01/2020 22:55,4092,-0.000488639,4089.8,
17/01/2020 23:00,4095,0.000732869,4091.2,
20/01/2020 09:05,4095,0,4092.8,
20/01/2020 09:10,4092,-0.000732869,4093.6,
20/01/2020 09:15,4097,0.00122115,4094.2,
20/01/2020 09:20,4105,0.001950744,4096.8,
20/01/2020 09:25,4111,0.001460565,4100,
20/01/2020 09:30,4110,-0.000243279,4103,
20/01/2020 09:35,4108,-0.000486736,4106.2,
20/01/2020 09:40,4105,-0.000730549,4107.8,
20/01/2020 09:45,4107,0.000487092,4108.2,
20/01/2020 09:50,4108,0.000243457,4107.6,
20/01/2020 09:55,4109,0.000243398,4107.4,
20/01/2020 10:00,4108,-0.000243398,4107.4,
20/01/2020 10:05,4107,-0.000243457,4107.8,
20/01/2020 10:10,4103,-0.000974422,4107,
20/01/2020 10:15,4106,0.000730905,4106.6,
20/01/2020 10:20,4106,0,4106,
20/01/2020 10:35,4104,-0.000487211,4105.2,
20/01/2020 10:40,4105,0.000243635,4104.8,
20/01/2020 10:45,4103,-0.000487329,4104.8,
20/01/2020 10:50,4104,0.000243694,4104.4,
20/01/2020 10:55,4106,0.000487211,4104.4,
20/01/2020 11:00,4108,0.000486973,4105.2,
20/01/2020 11:05,4108,0,4105.8,
20/01/2020 11:10,4109,0.000243398,4107,
20/01/2020 11:15,4109,0,4108,
20/01/2020 11:20,4104,-0.001217582,4107.6,
20/01/2020 11:25,4103,-0.000243694,4106.6,
20/01/2020 11:30,4100,-0.00073144,4105,
20/01/2020 13:35,4101,0.000243873,4103.4,
20/01/2020 13:40,4100,-0.000243873,4101.6,
20/01/2020 13:45,4093,-0.001708776,4099.4,
20/01/2020 13:50,4092,-0.000244349,4097.2,
20/01/2020 13:55,4092,0,4095.6,
20/01/2020 14:00,4090,-0.000488878,4093.4,
20/01/2020 14:05,4094,0.000977517,4092.2,
20/01/2020 14:10,4092,-0.000488639,4092,
20/01/2020 14:15,4092,0,4092,
20/01/2020 14:20,4094,0.000488639,4092.4,
20/01/2020 14:25,4091,-0.000733048,4092.6,
20/01/2020 14:30,4082,-0.002202375,4090.2,
20/01/2020 14:35,4085,0.000734664,4088.8,
20/01/2020 14:40,4088,0.000734125,4088,
20/01/2020 14:45,4090,0.000489117,4087.2,
20/01/2020 14:50,4088,-0.000489117,4086.6,
20/01/2020 14:55,4090,0.000489117,4088.2,
20/01/2020 15:00,4098,0.00195408,4090.8,
20/01/2020 21:05,4085,-0.003177322,4090.2,
20/01/2020 21:10,4083,-0.000489716,4088.8,
20/01/2020 21:15,4086,0.000734484,4088.4,
20/01/2020 21:20,4087,0.000244708,4087.8,
20/01/2020 21:25,4093,0.001466993,4086.8,
20/01/2020 21:30,4094,0.00024429,4088.6,
20/01/2020 21:35,4095,0.00024423,4091,
20/01/2020 21:40,4094,-0.00024423,4092.6,
20/01/2020 21:45,4097,0.000732511,4094.6,
20/01/2020 21:50,4096,-0.000244111,4095.2,
20/01/2020 21:55,4094,-0.0004884,4095.2,
20/01/2020 22:00,4095,0.00024423,4095.2,
20/01/2020 22:05,4096,0.00024417,4095.6,
20/01/2020 22:10,4096,0,4095.4,
20/01/2020 22:15,4094,-0.0004884,4095,
20/01/2020 22:20,4094,0,4095,
20/01/2020 22:25,4094,0,4094.8,
20/01/2020 22:30,4091,-0.000733048,4093.8,
20/01/2020 22:35,4091,0,4092.8,
20/01/2020 22:40,4093,0.000488759,4092.6,
20/01/2020 22:45,4093,0,4092.4,
20/01/2020 22:50,4102,0.002196462,4094,
20/01/2020 22:55,4099,-0.000731618,4095.6,
20/01/2020 23:00,4098,-0.000243992,4097,
20/01/2020 23:05,4099,0.000243992,4098.2,
21/01/2020 09:05,4090,-0.002198071,4097.6,
21/01/2020 09:10,4090,0,4095.2,
21/01/2020 09:15,4087,-0.000733765,4092.8,
21/01/2020 09:20,4088,0.000244648,4090.8,
21/01/2020 09:25,4091,0.000733586,4089.2,
21/01/2020 09:30,4090,-0.000244469,4089.2,
21/01/2020 09:35,4088,-0.000489117,4088.8,
21/01/2020 09:40,4088,0,4089,
21/01/2020 09:45,4088,0,4089,
21/01/2020 09:50,4086,-0.000489357,4088,
21/01/2020 09:55,4085,-0.000244768,4087,
21/01/2020 10:00,4086,0.000244768,4086.6,
21/01/2020 10:05,4090,0.000978474,4087,
21/01/2020 10:10,4087,-0.000733765,4086.8,
21/01/2020 10:15,4086,-0.000244708,4086.8,
21/01/2020 10:35,4082,-0.000979432,4086.2,
21/01/2020 10:40,4076,-0.001470949,4084.2,
21/01/2020 10:45,4067,-0.002210488,4079.6,
21/01/2020 10:50,4068,0.000245851,4075.8,
21/01/2020 10:55,4072,0.000982801,4073,
21/01/2020 11:00,4069,-0.00073701,4070.4,
21/01/2020 11:05,4066,-0.000737554,4068.4,
21/01/2020 11:10,4063,-0.000738098,4067.6,
21/01/2020 11:15,4064,0.000246093,4066.8,
21/01/2020 11:20,4066,0.000492005,4065.6,
21/01/2020 11:25,4068,0.000491763,4065.4,
21/01/2020 11:30,4065,-0.000737735,4065.2,
21/01/2020 13:35,4054,-0.002709695,4063.4,
21/01/2020 13:40,4054,0,4061.4,
21/01/2020 13:45,4054,0,4059,
21/01/2020 13:50,4050,-0.000987167,4055.4,
21/01/2020 13:55,4048,-0.000493949,4052,
21/01/2020 14:00,4049,0.000247005,4051,
21/01/2020 14:05,4047,-0.000494071,4049.6,
21/01/2020 14:10,4051,0.000987898,4049,
21/01/2020 14:15,4056,0.001233502,4050.2,
21/01/2020 14:20,4055,-0.000246579,4051.6,
21/01/2020 14:25,4051,-0.000986923,4052,
21/01/2020 14:30,4050,-0.000246883,4052.6,
21/01/2020 14:35,4054,0.000987167,4053.2,
21/01/2020 14:40,4051,-0.000740284,4052.2,
21/01/2020 14:45,4052,0.000246822,4051.6,
21/01/2020 14:50,4051,-0.000246822,4051.6,
21/01/2020 14:55,4049,-0.000493827,4051.4,
21/01/2020 15:00,4047,-0.000494071,4050,
21/01/2020 21:05,4052,0.00123472,4050.2,
21/01/2020 21:10,4041,-0.0027184,4048,
21/01/2020 21:15,4038,-0.000742666,4045.4,
21/01/2020 21:20,4036,-0.000495417,4042.8,
21/01/2020 21:25,4039,0.000743034,4041.2,
21/01/2020 21:30,4040,0.000247555,4038.8,
21/01/2020 21:35,4041,0.000247494,4038.8,
21/01/2020 21:40,4041,0,4039.4,
21/01/2020 21:45,4041,0,4040.4,
21/01/2020 21:50,4045,0.000989364,4041.6,
21/01/2020 21:55,4047,0.000494315,4043,
21/01/2020 22:00,4052,0.00123472,4045.2,
21/01/2020 22:05,4048,-0.000987654,4046.6,
21/01/2020 22:10,4049,0.000247005,4048.2,
21/01/2020 22:15,4050,0.000246944,4049.2,
21/01/2020 22:20,4049,-0.000246944,4049.6,
21/01/2020 22:25,4048,-0.000247005,4048.8,
21/01/2020 22:30,4051,0.000740832,4049.4,
21/01/2020 22:35,4046,-0.001235025,4048.8,
21/01/2020 22:40,4041,-0.001236553,4047,
21/01/2020 22:45,4050,0.002224695,4047.2,
21/01/2020 22:50,4050,0,4047.6,
21/01/2020 22:55,4048,-0.000493949,4047,
21/01/2020 23:00,4052,0.000987654,4048.2,
22/01/2020 09:05,4045,-0.001729036,4049,
22/01/2020 09:10,4037,-0.001979709,4046.4,
22/01/2020 09:15,4046,0.002226897,4045.6,
22/01/2020 09:20,4044,-0.000494438,4044.8,
22/01/2020 09:25,4045,0.000247249,4043.4,
22/01/2020 09:30,4047,0.000494315,4043.8,
22/01/2020 09:35,4056,0.0022214,4047.6,
22/01/2020 09:40,4053,-0.000739919,4049,
22/01/2020 09:45,4050,-0.000740467,4050.2,
22/01/2020 09:50,4047,-0.000741015,4050.6,
22/01/2020 09:55,4046,-0.000247127,4050.4,
22/01/2020 10:00,4050,0.000988142,4049.2,
22/01/2020 10:05,4049,-0.000246944,4048.4,
22/01/2020 10:10,4052,0.000740649,4048.8,
22/01/2020 10:15,4054,0.000493462,4050.2,
22/01/2020 10:30,4054,0,4051.8,
22/01/2020 10:35,4053,-0.0002467,4052.4,
22/01/2020 10:40,4054,0.0002467,4053.4,
22/01/2020 10:45,4055,0.00024664,4054,
22/01/2020 10:50,4067,0.002954939,4056.6,
22/01/2020 10:55,4063,-0.00098401,4058.4,
22/01/2020 11:00,4062,-0.000246154,4060.2,
22/01/2020 11:05,4060,-0.00049249,4061.4,
22/01/2020 11:10,4064,0.000984737,4063.2,
22/01/2020 11:15,4065,0.000246033,4062.8,
22/01/2020 11:20,4063,-0.000492126,4062.8,
22/01/2020 11:25,4064,0.000246093,4063.2,
22/01/2020 11:30,4065,0.000246033,4064.2,
22/01/2020 13:35,4063,-0.000492126,4064,
22/01/2020 13:40,4069,0.001475652,4064.8,
22/01/2020 13:45,4071,0.000491401,4066.4,
22/01/2020 13:50,4072,0.00024561,4068,
22/01/2020 13:55,4069,-0.00073701,4068.8,
22/01/2020 14:00,4068,-0.000245791,4069.8,
22/01/2020 14:05,4068,0,4069.6,
22/01/2020 14:10,4068,0,4069,
22/01/2020 14:15,4071,0.000737191,4068.8,
22/01/2020 14:20,4069,-0.000491401,4068.8,
22/01/2020 14:25,4064,-0.001229559,4068,
22/01/2020 14:30,4065,0.000246033,4067.4,
22/01/2020 14:35,4064,-0.000246033,4066.6,
22/01/2020 14:40,4065,0.000246033,4065.4,
22/01/2020 14:45,4066,0.000245972,4064.8,
22/01/2020 14:50,4071,0.001228954,4066.2,
22/01/2020 14:55,4083,0.002943343,4069.8,
22/01/2020 15:00,4092,0.002201836,4075.4,
22/01/2020 21:05,4084,-0.001956948,4079.2,
22/01/2020 21:10,4082,-0.000489836,4082.4,
22/01/2020 21:15,4084,0.000489836,4085,
22/01/2020 21:20,4086,0.000489596,4085.6,
22/01/2020 21:25,4082,-0.000979432,4083.6,
22/01/2020 21:30,4082,0,4083.2,
22/01/2020 21:35,4078,-0.000980392,4082.4,
22/01/2020 21:40,4077,-0.000245248,4081,
22/01/2020 21:45,4080,0.000735565,4079.8,
22/01/2020 21:50,4076,-0.000980873,4078.6,
22/01/2020 21:55,4078,0.000490557,4077.8,
22/01/2020 22:00,4077,-0.000245248,4077.6,
22/01/2020 22:05,4077,0,4077.6,
22/01/2020 22:10,4074,-0.000736106,4076.4,
22/01/2020 22:15,4075,0.000245429,4076.2,
22/01/2020 22:20,4075,0,4075.6,
22/01/2020 22:25,4074,-0.000245429,4075,
22/01/2020 22:30,4074,0,4074.4,
22/01/2020 22:35,4075,0.000245429,4074.6,
22/01/2020 22:40,4074,-0.000245429,4074.4,
22/01/2020 22:45,4069,-0.001228049,4073.2,
22/01/2020 22:50,4068,-0.000245791,4072,
22/01/2020 22:55,4066,-0.000491763,4070.4,
22/01/2020 23:00,4073,0.001720113,4070,
23/01/2020 09:05,4061,-0.00295058,4067.4,
23/01/2020 09:10,4056,-0.001231982,4064.8,
23/01/2020 09:15,4057,0.000246518,4062.6,
23/01/2020 09:20,4054,-0.000739736,4060.2,
23/01/2020 09:25,4060,0.001478926,4057.6,
23/01/2020 09:30,4062,0.00049249,4057.8,
23/01/2020 09:35,4063,0.000246154,4059.2,
23/01/2020 09:40,4061,-0.000492368,4060,
23/01/2020 09:45,4060,-0.000246275,4061.2,
23/01/2020 09:50,4068,0.001968505,4062.8,
23/01/2020 09:55,4065,-0.000737735,4063.4,
23/01/2020 10:00,4075,0.002457004,4065.8,
23/01/2020 10:05,4076,0.000245369,4068.8,
23/01/2020 10:10,4076,0,4072,
23/01/2020 10:15,4074,-0.000490798,4073.2,
23/01/2020 10:30,4074,0,4075,
23/01/2020 10:35,4060,-0.003442344,4072,
23/01/2020 10:40,4058,-0.000492732,4068.4,
23/01/2020 10:45,4059,0.000246396,4065,
23/01/2020 10:50,4055,-0.00098595,4061.2,
23/01/2020 10:55,4057,0.000493097,4057.8,
23/01/2020 11:00,4055,-0.000493097,4056.8,
23/01/2020 11:05,4057,0.000493097,4056.6,
23/01/2020 11:10,4054,-0.000739736,4055.6,
23/01/2020 11:15,4054,0,4055.4,
23/01/2020 11:20,4056,0.000493218,4055.2,
23/01/2020 11:25,4058,0.000492975,4055.8,
23/01/2020 11:30,4056,-0.000492975,4055.6,
23/01/2020 13:35,4044,-0.002962965,4053.6,
23/01/2020 13:40,4051,0.001729463,4053,
23/01/2020 13:45,4051,0,4052,
23/01/2020 13:50,4050,-0.000246883,4050.4,
23/01/2020 13:55,4052,0.000493705,4049.6,
23/01/2020 14:00,4049,-0.000740649,4050.6,
23/01/2020 14:05,4058,0.002220304,4052,
23/01/2020 14:10,4057,-0.000246457,4053.2,
23/01/2020 14:15,4057,0,4054.6,
23/01/2020 14:20,4054,-0.000739736,4055,
23/01/2020 14:25,4052,-0.000493462,4055.6,
23/01/2020 14:30,4054,0.000493462,4054.8,
23/01/2020 14:35,4053,-0.0002467,4054,
23/01/2020 14:40,4052,-0.000246761,4053,
23/01/2020 14:45,4054,0.000493462,4053,
23/01/2020 14:50,4060,0.001478926,4054.6,
23/01/2020 14:55,4053,-0.001725626,4054.4,
23/01/2020 15:00,4060,0.001725626,4055.8,
03/02/2020 09:05,3940,-0.03000225,4033.4,
03/02/2020 09:10,3948,0.002028398,4012.2,
03/02/2020 09:15,3963,0.003792193,3992.8,
03/02/2020 09:20,3996,0.008292547,3981.4,
03/02/2020 09:25,3986,-0.002505639,3966.6,
03/02/2020 09:30,3987,0.000250847,3976,
03/02/2020 09:35,3981,-0.001506024,3982.6,
03/02/2020 09:40,3984,0.000753296,3986.8,
03/02/2020 09:45,3987,0.000752729,3985,
03/02/2020 09:50,3989,0.000501505,3985.6,
03/02/2020 09:55,3988,-0.000250721,3985.8,
03/02/2020 10:00,3994,0.001503383,3988.4,
03/02/2020 10:05,3985,-0.002255923,3988.6,
03/02/2020 10:10,3987,0.000501756,3988.6,
03/02/2020 10:15,3991,0.001002758,3989,
03/02/2020 10:30,3993,0.000501002,3990,
03/02/2020 10:35,3986,-0.001754606,3988.4,
03/02/2020 10:40,3985,-0.00025091,3988.4,
03/02/2020 10:45,3987,0.000501756,3988.4,
03/02/2020 10:50,3983,-0.001003764,3986.8,
03/02/2020 10:55,3986,0.000752918,3985.4,
03/02/2020 11:00,3983,-0.000752918,3984.8,
03/02/2020 11:05,3983,0,3984.4,
03/02/2020 11:10,3981,-0.00050226,3983.2,
03/02/2020 11:15,3983,0.00050226,3983.2,
03/02/2020 11:20,3984,0.000251036,3982.8,
03/02/2020 11:25,3980,-0.00100452,3982.2,
03/02/2020 11:30,3982,0.000502386,3982,
03/02/2020 13:35,3983,0.000251099,3982.4,
03/02/2020 13:40,3981,-0.00050226,3982,
03/02/2020 13:45,3982,0.000251162,3981.6,
03/02/2020 13:50,3987,0.001254863,3983,
03/02/2020 13:55,3981,-0.001506024,3982.8,
03/02/2020 14:00,3965,-0.004027189,3979.2,
03/02/2020 14:05,3966,0.000252175,3976.2,
03/02/2020 14:10,3951,-0.003789319,3970,
03/02/2020 14:15,3958,0.001770136,3964.2,
03/02/2020 14:20,3953,-0.001264063,3958.6,
03/02/2020 14:25,3957,0.001011378,3957,
03/02/2020 14:30,3957,0,3955.2,
03/02/2020 14:35,3954,-0.000758438,3955.8,
03/02/2020 14:40,3961,0.001768794,3956.4,
03/02/2020 14:45,3964,0.000757098,3958.6,
03/02/2020 14:50,3971,0.001764336,3961.4,
03/02/2020 14:55,3965,-0.001512097,3963,
03/02/2020 15:00,3963,-0.000504541,3964.8,
04/02/2020 09:05,3984,0.005285026,3969.4,
04/02/2020 09:10,3983,-0.000251036,3973.2,
04/02/2020 09:15,3986,0.000752918,3976.2,
04/02/2020 09:20,3988,0.00050163,3980.8,
04/02/2020 09:25,4001,0.003254478,3988.4,
04/02/2020 09:30,3995,-0.001500751,3990.6,
04/02/2020 09:35,3993,-0.000500751,3992.6,
04/02/2020 09:40,3997,0.001001252,3994.8,
04/02/2020 09:45,3997,0,3996.6,
04/02/2020 09:50,3998,0.000250156,3996,
04/02/2020 09:55,3997,-0.000250156,3996.4,
04/02/2020 10:00,4013,0.003995012,4000.4,
04/02/2020 10:05,4019,0.001494024,4004.8,
04/02/2020 10:10,4019,0,4009.2,
04/02/2020 10:15,4026,0.001740212,4014.8,
04/02/2020 10:30,4025,-0.000248416,4020.4,
04/02/2020 10:35,4025,0,4022.8,
04/02/2020 10:40,4024,-0.000248478,4023.8,
04/02/2020 10:45,4020,-0.00099453,4024,
04/02/2020 10:50,4017,-0.000746547,4022.2,
04/02/2020 10:55,4019,0.00049776,4021,
04/02/2020 11:00,4018,-0.000248849,4019.6,
04/02/2020 11:05,4016,-0.000497884,4018,
04/02/2020 11:10,4017,0.000248973,4017.4,
04/02/2020 11:15,4015,-0.000498008,4017,
04/02/2020 11:20,4015,0,4016.2,
04/02/2020 11:25,4015,0,4015.6,
04/02/2020 11:30,4015,0,4015.4,
04/02/2020 13:35,4018,0.000746919,4015.6,
04/02/2020 13:40,4019,0.000248849,4016.4,
04/02/2020 13:45,4017,-0.00049776,4016.8,
04/02/2020 13:50,4015,-0.000498008,4016.8,
04/02/2020 13:55,4019,0.000995768,4017.6,
04/02/2020 14:00,4020,0.000248787,4018,
04/02/2020 14:05,4021,0.000248725,4018.4,
04/02/2020 14:10,4019,-0.000497512,4018.8,
04/02/2020 14:15,4020,0.000248787,4019.8,
04/02/2020 14:20,4019,-0.000248787,4019.8,
04/02/2020 14:25,4020,0.000248787,4019.8,
04/02/2020 14:30,4013,-0.001742811,4018.2,
04/02/2020 14:35,4015,0.000498256,4017.4,
04/02/2020 14:40,4016,0.000249035,4016.6,
04/02/2020 14:45,4014,-0.000498132,4015.6,
04/02/2020 14:50,4014,0,4014.4,
04/02/2020 14:55,4022,0.001991041,4016.2,
04/02/2020 15:00,4024,0.000497141,4018,
05/02/2020 09:05,4011,-0.003235846,4017,
05/02/2020 09:10,4018,0.00174368,4017.8,
05/02/2020 09:15,4016,-0.000497884,4018.2,
05/02/2020 09:20,4022,0.001492909,4018.2,
05/02/2020 09:25,4018,-0.000995025,4017,
05/02/2020 09:30,4018,0,4018.4,
05/02/2020 09:35,4014,-0.000996016,4017.6,
05/02/2020 09:40,4015,0.000249097,4017.4,
05/02/2020 09:45,4013,-0.000498256,4015.6,
05/02/2020 09:50,4002,-0.002744855,4012.4,
05/02/2020 09:55,4005,0.000749344,4009.8,
05/02/2020 10:00,4005,0,4008,
05/02/2020 10:05,3997,-0.001999501,4004.4,
05/02/2020 10:10,3999,0.00050025,4001.6,
05/02/2020 10:15,4004,0.001249532,4002,
05/02/2020 10:30,4003,-0.000249781,4001.6,
05/02/2020 10:35,4001,-0.00049975,4000.8,
05/02/2020 10:40,4004,0.000749532,4002.2,
05/02/2020 10:45,4001,-0.000749532,4002.6,
05/02/2020 10:50,3994,-0.001751095,4000.6,
05/02/2020 10:55,3997,0.000750845,3999.4,
05/02/2020 11:00,3999,0.00050025,3999,
05/02/2020 11:05,4001,0.0005,3998.4,
05/02/2020 11:10,3999,-0.0005,3998,
05/02/2020 11:15,3999,0,3999,
05/02/2020 11:20,4002,0.000749906,4000,
05/02/2020 11:25,4003,0.000249844,4000.8,
05/02/2020 11:30,4003,0,4001.2,
05/02/2020 13:35,3995,-0.002000501,4000.4,
05/02/2020 13:40,3994,-0.000250344,3999.4,
05/02/2020 13:45,3998,0.001001001,3998.6,
05/02/2020 13:50,3996,-0.000500375,3997.2,
05/02/2020 13:55,3997,0.000250219,3996,
05/02/2020 14:00,3990,-0.001752849,3995,
05/02/2020 14:05,3994,0.001002004,3995,
05/02/2020 14:10,3993,-0.000250407,3994,
05/02/2020 14:15,3991,-0.000501002,3993,
05/02/2020 14:20,3991,0,3991.8,
05/02/2020 14:25,3992,0.000250532,3992.2,
05/02/2020 14:30,3990,-0.000501128,3991.4,
05/02/2020 14:35,3996,0.00150263,3992,
05/02/2020 14:40,4000,0.0010005,3993.8,
05/02/2020 14:45,3999,-0.000250031,3995.4,
05/02/2020 14:50,3997,-0.00050025,3996.4,
05/02/2020 14:55,3997,0,3997.8,
05/02/2020 15:00,3992,-0.001251721,3997,
06/02/2020 09:05,4000,0.002002003,3997,
06/02/2020 09:10,4004,0.0009995,3998,
06/02/2020 09:15,4007,0.00074897,4000,
06/02/2020 09:20,4015,0.001994516,4003.6,
06/02/2020 09:25,4020,0.001244555,4009.2,
06/02/2020 09:30,4019,-0.000248787,4013,
06/02/2020 09:35,4012,-0.001743245,4014.6,
06/02/2020 09:40,4014,0.00049838,4016,
06/02/2020 09:45,4016,0.000498132,4016.2,
06/02/2020 09:50,4015,-0.000249035,4015.2,
06/02/2020 09:55,4017,0.000498008,4014.8,
06/02/2020 10:00,4016,-0.000248973,4015.6,
06/02/2020 10:05,4016,0,4016,
06/02/2020 10:10,4012,-0.000996512,4015.2,
06/02/2020 10:15,4014,0.00049838,4015,
06/02/2020 10:30,4013,-0.000249159,4014.2,
06/02/2020 10:35,4013,0,4013.6,
06/02/2020 10:40,4015,0.000498256,4013.4,
06/02/2020 10:45,4016,0.000249035,4014.2,
06/02/2020 10:50,4017,0.000248973,4014.8,
06/02/2020 10:55,4015,-0.000498008,4015.2,
06/02/2020 11:00,4014,-0.000249097,4015.4,
06/02/2020 11:05,4014,0,4015.2,
06/02/2020 11:10,4015,0.000249097,4015,
06/02/2020 11:15,4017,0.000498008,4015,
06/02/2020 11:20,4020,0.000746547,4016,
06/02/2020 11:25,4018,-0.000497636,4016.8,
06/02/2020 11:30,4019,0.000248849,4017.8,
06/02/2020 13:35,4014,-0.001244865,4017.6,
06/02/2020 13:40,4014,0,4017,
06/02/2020 13:45,4023,0.002239643,4017.6,
06/02/2020 13:50,4028,0.001242082,4019.6,
06/02/2020 13:55,4032,0.000992556,4022.2,
06/02/2020 14:00,4030,-0.000496155,4025.4,
06/02/2020 14:05,4028,-0.000496401,4028.2,
06/02/2020 14:10,4029,0.000248231,4029.4,
06/02/2020 14:15,4030,0.00024817,4029.8,
06/02/2020 14:20,4042,0.002973243,4031.8,
06/02/2020 14:25,4029,-0.003221413,4031.6,
06/02/2020 14:30,4029,0,4031.8,
06/02/2020 14:35,4029,0,4031.8,
06/02/2020 14:40,4026,-0.000744879,4031,
06/02/2020 14:45,4026,0,4027.8,
06/02/2020 14:50,4027,0.000248355,4027.4,
06/02/2020 14:55,4029,0.000496524,4027.4,
06/02/2020 15:00,4032,0.000744325,4028,
07/02/2020 09:05,4030,-0.000496155,4028.8,
07/02/2020 09:10,4021,-0.002235748,4027.8,
07/02/2020 09:15,4020,-0.000248725,4026.4,
07/02/2020 09:20,4021,0.000248725,4024.8,
07/02/2020 09:25,4022,0.000248663,4022.8,
07/02/2020 09:30,4022,0,4021.2,
07/02/2020 09:35,4017,-0.001243936,4020.4,
07/02/2020 09:40,4015,-0.000498008,4019.4,
07/02/2020 09:45,4017,0.000498008,4018.6,
07/02/2020 09:50,4014,-0.000747105,4017,
07/02/2020 09:55,4010,-0.000997009,4014.6,
07/02/2020 10:00,4010,0,4013.2,
07/02/2020 10:05,4011,0.000249345,4012.4,
07/02/2020 10:10,4013,0.000498504,4011.6,
07/02/2020 10:15,4014,0.000249159,4011.6,
07/02/2020 10:30,4013,-0.000249159,4012.2,
07/02/2020 10:35,4013,0,4012.8,
07/02/2020 10:40,4015,0.000498256,4013.6,
07/02/2020 10:45,4016,0.000249035,4014.2,
07/02/2020 10:50,4013,-0.000747291,4014,
07/02/2020 10:55,4011,-0.000498504,4013.6,
07/02/2020 11:00,4010,-0.000249345,4013,
07/02/2020 11:05,4012,0.000498629,4012.4,
07/02/2020 11:10,4013,0.000249221,4011.8,
07/02/2020 11:15,4015,0.000498256,4012.2,
07/02/2020 11:20,4013,-0.000498256,4012.6,
07/02/2020 11:25,4014,0.000249159,4013.4,
07/02/2020 11:30,4013,-0.000249159,4013.6,
07/02/2020 13:35,4010,-0.00074785,4013,
07/02/2020 13:40,4014,0.000997009,4012.8,
07/02/2020 13:45,4015,0.000249097,4013.2,
07/02/2020 13:50,4020,0.001244555,4014.4,
07/02/2020 13:55,4020,0,4015.8,
07/02/2020 14:00,4031,0.002732582,4020,
07/02/2020 14:05,4029,-0.000496278,4023,
07/02/2020 14:10,4035,0.001488096,4027,
07/02/2020 14:15,4041,0.001485884,4031.2,
07/02/2020 14:20,4040,-0.000247494,4035.2,
07/02/2020 14:25,4044,0.000989609,4037.8,
07/02/2020 14:30,4039,-0.001237165,4039.8,
07/02/2020 14:35,4042,0.000742482,4041.2,
07/02/2020 14:40,4044,0.000494682,4041.8,
07/02/2020 14:45,4051,0.001729463,4044,
07/02/2020 14:50,4048,-0.000740832,4044.8,
07/02/2020 14:55,4052,0.000987654,4047.4,
07/02/2020 15:00,4039,-0.00321345,4046.8,
10/02/2020 09:05,4044,0.001237165,4046.8,
10/02/2020 09:10,4044,0,4045.4,
10/02/2020 09:15,4049,0.001235636,4045.6,
10/02/2020 09:20,4054,0.001234111,4046,
10/02/2020 09:25,4064,0.002463662,4051,
10/02/2020 09:30,4078,0.003438962,4057.8,
10/02/2020 09:35,4091,0.003182767,4067.2,
10/02/2020 09:40,4089,-0.000488998,4075.2,
10/02/2020 09:45,4093,0.000977756,4083,
10/02/2020 09:50,4090,-0.000733227,4088.2,
10/02/2020 09:55,4088,-0.000489117,4090.2,
10/02/2020 10:00,4089,0.000244588,4089.8,
10/02/2020 10:05,4088,-0.000244588,4089.6,
10/02/2020 10:10,4088,0,4088.6,
10/02/2020 10:15,4091,0.000733586,4088.8,
10/02/2020 10:20,4091,0,4089.4,
10/02/2020 10:35,4087,-0.000978234,4089,
10/02/2020 10:40,4091,0.000978234,4089.6,
10/02/2020 10:45,4091,0,4090.2,
10/02/2020 10:50,4101,0.002441407,4092.2,
10/02/2020 10:55,4094,-0.001708359,4092.8,
10/02/2020 11:00,4094,0,4094.2,
10/02/2020 11:05,4101,0.001708359,4096.2,
10/02/2020 11:10,4113,0.002921843,4100.6,
10/02/2020 11:15,4117,0.000972054,4103.8,
10/02/2020 11:20,4114,-0.000728952,4107.8,
10/02/2020 11:25,4126,0.002912623,4114.2,
10/02/2020 11:30,4139,0.003145798,4121.8,
10/02/2020 13:35,4157,0.004339448,4130.6,
10/02/2020 13:40,4154,-0.000721935,4138,
10/02/2020 13:45,4140,-0.003375938,4143.2,
10/02/2020 13:50,4139,-0.000241575,4145.8,
10/02/2020 13:55,4142,0.00072455,4146.4,
10/02/2020 14:00,4145,0.000724026,4144,
10/02/2020 14:05,4141,-0.000965484,4141.4,
10/02/2020 14:10,4142,0.000241458,4141.8,
10/02/2020 14:15,4145,0.000724026,4143,
10/02/2020 14:20,4149,0.000964553,4144.4,
10/02/2020 14:25,4150,0.000240993,4145.4,
10/02/2020 14:30,4158,0.001925855,4148.8,
10/02/2020 14:35,4155,-0.000721761,4151.4,
10/02/2020 14:40,4159,0.000962232,4154.2,
10/02/2020 14:45,4176,0.00407919,4159.6,
10/02/2020 14:50,4178,0.000478813,4165.2,
10/02/2020 14:55,4184,0.001435064,4170.4,
10/02/2020 15:00,4170,-0.003351691,4173.4,
11/02/2020 09:05,4169,-0.000239837,4175.4,
11/02/2020 09:10,4163,-0.001440231,4172.8,
11/02/2020 09:15,4171,0.001919847,4171.4,
11/02/2020 09:20,4175,0.000958543,4169.6,
11/02/2020 09:25,4166,-0.002158015,4168.8,
11/02/2020 09:30,4161,-0.001200913,4167.2,
11/02/2020 09:35,4163,0.000480538,4167.2,
11/02/2020 09:40,4160,-0.000720894,4165,
11/02/2020 09:45,4162,0.000480654,4162.4,
11/02/2020 09:50,4165,0.000720548,4162.2,
11/02/2020 09:55,4164,-0.000240125,4162.8,
11/02/2020 10:00,4165,0.000240125,4163.2,
11/02/2020 10:05,4162,-0.000720548,4163.6,
11/02/2020 10:10,4162,0,4163.6,
11/02/2020 10:15,4167,0.001200624,4164,
11/02/2020 10:35,4166,-0.00024001,4164.4,
11/02/2020 10:40,4171,0.001199472,4165.6,
11/02/2020 10:45,4170,-0.000239779,4167.2,
11/02/2020 10:50,4165,-0.00119976,4167.8,
11/02/2020 10:55,4166,0.000240067,4167.6,
11/02/2020 11:00,4167,0.00024001,4167.8,
11/02/2020 11:05,4166,-0.00024001,4166.8,
11/02/2020 11:10,4168,0.000479962,4166.4,
11/02/2020 11:15,4179,0.002635679,4169.2,
11/02/2020 11:20,4201,0.005250609,4176.2,
11/02/2020 11:25,4188,-0.003099299,4180.4,
11/02/2020 11:30,4177,-0.002630007,4182.6,
11/02/2020 13:35,4166,-0.002636943,4182.2,
11/02/2020 13:40,4169,0.000719856,4180.2,
11/02/2020 13:45,4167,-0.000479846,4173.4,
11/02/2020 13:50,4163,-0.000960384,4168.4,
11/02/2020 13:55,4166,0.000720375,4166.2,
11/02/2020 14:00,4172,0.001439194,4167.4,
11/02/2020 14:05,4170,-0.000479501,4167.6,
11/02/2020 14:10,4168,-0.000479731,4167.8,
11/02/2020 14:15,4166,-0.000479962,4168.4,
11/02/2020 14:20,4161,-0.001200913,4167.4,
11/02/2020 14:25,4163,0.000480538,4165.6,
11/02/2020 14:30,4163,0,4164.2,
11/02/2020 14:35,4160,-0.000720894,4162.6,
11/02/2020 14:40,4159,-0.000240414,4161.2,
11/02/2020 14:45,4152,-0.001684515,4159.4,
11/02/2020 14:50,4152,0,4157.2,
11/02/2020 14:55,4156,0.000962927,4155.8,
11/02/2020 15:00,4157,0.000240587,4155.2,
12/02/2020 09:05,4168,0.002642644,4157,
12/02/2020 09:10,4173,0.001198897,4161.2,
12/02/2020 09:15,4168,-0.001198897,4164.4,
12/02/2020 09:20,4158,-0.002402115,4164.8,
12/02/2020 09:25,4163,0.001201779,4166,
12/02/2020 09:30,4165,0.000480307,4165.4,
12/02/2020 09:35,4165,0,4163.8,
12/02/2020 09:40,4164,-0.000240125,4163,
12/02/2020 09:45,4161,-0.000720721,4163.6,
12/02/2020 09:50,4158,-0.000721241,4162.6,
12/02/2020 09:55,4163,0.001201779,4162.2,
12/02/2020 10:00,4166,0.000720375,4162.4,
12/02/2020 10:05,4168,0.000479962,4163.2,
12/02/2020 10:10,4168,0,4164.6,
12/02/2020 10:15,4176,0.001917546,4168.2,
12/02/2020 10:20,4174,-0.000479042,4170.4,
12/02/2020 10:35,4174,0,4172,
12/02/2020 10:40,4180,0.001436438,4174.4,
12/02/2020 10:45,4176,-0.000957396,4176,
12/02/2020 10:50,4174,-0.000479042,4175.6,
12/02/2020 10:55,4167,-0.001678456,4174.2,
12/02/2020 11:00,4171,0.000959463,4173.6,
12/02/2020 11:05,4166,-0.001199472,4170.8,
12/02/2020 11:10,4167,0.00024001,4169,
12/02/2020 11:15,4164,-0.000720202,4167,
12/02/2020 11:20,4169,0.001200048,4167.4,
12/02/2020 11:25,4168,-0.000239894,4166.8,
12/02/2020 11:30,4165,-0.000720029,4166.6,
12/02/2020 13:35,4167,0.000480077,4166.6,
12/02/2020 13:40,4168,0.000239952,4167.4,
12/02/2020 13:45,4167,-0.000239952,4167,
12/02/2020 13:50,4167,0,4166.8,
12/02/2020 13:55,4165,-0.000480077,4166.8,
12/02/2020 14:00,4166,0.000240067,4166.6,
12/02/2020 14:05,4167,0.00024001,4166.4,
12/02/2020 14:10,4160,-0.001681278,4165,
12/02/2020 14:15,4125,-0.008449054,4156.6,
12/02/2020 14:20,4133,0.001937516,4150.2,
12/02/2020 14:25,4143,0.002416628,4145.6,
12/02/2020 14:30,4141,-0.000482859,4140.4,
12/02/2020 14:35,4144,0.0007242,4137.2,
12/02/2020 14:40,4149,0.001205836,4142,
12/02/2020 14:45,4149,0,4145.2,
12/02/2020 14:50,4149,0,4146.4,
12/02/2020 14:55,4161,0.002888089,4150.4,
12/02/2020 15:00,4160,-0.000240356,4153.6,
13/02/2020 09:05,4168,0.00192123,4157.4,
13/02/2020 09:10,4193,0.005980164,4166.2,
13/02/2020 09:15,4213,0.004758515,4179,
13/02/2020 09:20,4224,0.002607563,4191.6,
13/02/2020 09:25,4221,-0.00071048,4203.8,
13/02/2020 09:30,4225,0.000947194,4215.2,
13/02/2020 09:35,4224,-0.000236714,4221.4,
13/02/2020 09:40,4221,-0.00071048,4223,
13/02/2020 09:45,4225,0.000947194,4223.2,
13/02/2020 09:50,4228,0.000709807,4224.6,
13/02/2020 09:55,4226,-0.000473149,4224.8,
13/02/2020 10:00,4227,0.000236602,4225.4,
13/02/2020 10:05,4221,-0.001420455,4225.4,
13/02/2020 10:10,4226,0.001183852,4225.6,
13/02/2020 10:15,4225,-0.000236658,4225,
13/02/2020 10:20,4224,-0.000236714,4224.6,
13/02/2020 10:35,4223,-0.00023677,4223.8,
13/02/2020 10:40,4224,0.00023677,4224.4,
13/02/2020 10:45,4226,0.000473373,4224.4,
13/02/2020 10:50,4224,-0.000473373,4224.2,
13/02/2020 10:55,4223,-0.00023677,4224,
13/02/2020 11:00,4219,-0.000947643,4223.2,
13/02/2020 11:05,4176,-0.010244283,4213.6,
13/02/2020 11:10,4171,-0.001198035,4202.6,
13/02/2020 11:15,4158,-0.003121626,4189.4,
13/02/2020 11:20,4166,0.001922153,4178,
13/02/2020 11:25,4165,-0.000240067,4167.2,
13/02/2020 11:30,4169,0.000959923,4165.8,
13/02/2020 13:35,4166,-0.000719856,4164.8,
13/02/2020 13:40,4162,-0.000960615,4165.6,
13/02/2020 13:45,4164,0.000480423,4165.2,
13/02/2020 13:50,4151,-0.003126882,4162.4,
13/02/2020 13:55,4153,0.000481696,4159.2,
13/02/2020 14:00,4162,0.002164763,4158.4,
13/02/2020 14:05,4172,0.002399809,4160.4,
13/02/2020 14:10,4168,-0.000959233,4161.2,
13/02/2020 14:15,4163,-0.001200336,4163.6,
13/02/2020 14:20,4168,0.001200336,4166.6,
13/02/2020 14:25,4167,-0.000239952,4167.6,
13/02/2020 14:30,4164,-0.000720202,4166,
13/02/2020 14:35,4160,-0.000961076,4164.4,
13/02/2020 14:40,4160,0,4163.8,
13/02/2020 14:45,4145,-0.003612286,4159.2,
13/02/2020 14:50,4145,0,4154.8,
13/02/2020 14:55,4154,0.002168937,4152.8,
13/02/2020 15:00,4149,-0.001204384,4150.6,
14/02/2020 09:05,4137,-0.002896454,4146,
14/02/2020 09:10,4142,0.001207875,4145.4,
14/02/2020 09:15,4135,-0.001691434,4143.4,
14/02/2020 09:20,4131,-0.00096782,4138.8,
14/02/2020 09:25,4130,-0.000242101,4135,
14/02/2020 09:30,4138,0.001935172,4135.2,
14/02/2020 09:35,4139,0.000241633,4134.6,
14/02/2020 09:40,4135,-0.000966884,4134.6,
14/02/2020 09:45,4138,0.000725251,4136,
14/02/2020 09:50,4139,0.000241633,4137.8,
14/02/2020 09:55,4143,0.00096595,4138.8,
14/02/2020 10:00,4154,0.002651562,4141.8,
14/02/2020 10:05,4142,-0.002892962,4143.2,
14/02/2020 10:10,4132,-0.002417212,4142,
14/02/2020 10:15,4138,0.001451028,4141.8,
14/02/2020 10:30,4137,-0.000241692,4140.6,
14/02/2020 10:35,4142,0.001207875,4138.2,
14/02/2020 10:40,4133,-0.002175227,4136.4,
14/02/2020 10:45,4137,0.000967352,4137.4,
14/02/2020 10:50,4138,0.000241692,4137.4,
14/02/2020 10:55,4138,0,4137.6,
14/02/2020 11:00,4143,0.001207584,4137.8,
14/02/2020 11:05,4137,-0.001449276,4138.6,
14/02/2020 11:10,4142,0.001207875,4139.6,
14/02/2020 11:15,4137,-0.001207875,4139.4,
14/02/2020 11:20,4138,0.000241692,4139.4,
14/02/2020 11:25,4138,0,4138.4,
14/02/2020 11:30,4140,0.000483209,4139,
14/02/2020 13:35,4145,0.001207001,4139.6,
14/02/2020 13:40,4144,-0.000241284,4141,
14/02/2020 13:45,4142,-0.000482742,4141.8,
14/02/2020 13:50,4144,0.000482742,4143,
14/02/2020 13:55,4146,0.000482509,4144.2,
14/02/2020 14:00,4145,-0.000241225,4144.2,
14/02/2020 14:05,4151,0.00144648,4145.6,
14/02/2020 14:10,4148,-0.000722979,4146.8,
14/02/2020 14:15,4146,-0.000482276,4147.2,
14/02/2020 14:20,4143,-0.000723851,4146.6,
14/02/2020 14:25,4138,-0.001207584,4145.2,
14/02/2020 14:30,4141,0.000724725,4143.2,
14/02/2020 14:35,4144,0.0007242,4142.4,
14/02/2020 14:40,4145,0.000241284,4142.2,
14/02/2020 14:45,4145,0,4142.6,
14/02/2020 14:50,4145,0,4144,
14/02/2020 14:55,4138,-0.001690209,4143.4,
14/02/2020 15:00,4139,0.000241633,4142.4,
18/02/2020 09:05,4164,0.006021938,4146.2,
18/02/2020 09:10,4147,-0.004090969,4146.6,
18/02/2020 09:15,4148,0.000241109,4147.2,
18/02/2020 09:20,4153,0.001204674,4150.2,
18/02/2020 09:25,4147,-0.001445783,4151.8,
18/02/2020 09:30,4148,0.000241109,4148.6,
18/02/2020 09:35,4146,-0.000482276,4148.4,
18/02/2020 09:40,4146,0,4148,
18/02/2020 09:45,4147,0.000241167,4146.8,
18/02/2020 09:50,4142,-0.001206418,4145.8,
18/02/2020 09:55,4132,-0.002417212,4142.6,
18/02/2020 10:00,4135,0.000725777,4140.4,
18/02/2020 10:05,4138,0.000725251,4138.8,
18/02/2020 10:10,4142,0.000966184,4137.8,
18/02/2020 10:15,4141,-0.000241458,4137.6,
18/02/2020 10:30,4142,0.000241458,4139.6,
18/02/2020 10:35,4139,-0.00072455,4140.4,
18/02/2020 10:40,4152,0.003135933,4143.2,
18/02/2020 10:45,4151,-0.000240877,4145,
18/02/2020 10:50,4150,-0.000240935,4146.8,
18/02/2020 10:55,4148,-0.000482044,4148,
18/02/2020 11:00,4148,0,4149.8,
18/02/2020 11:05,4158,0.002407899,4151,
18/02/2020 11:10,4153,-0.001203225,4151.4,
18/02/2020 11:15,4155,0.000481464,4152.4,
18/02/2020 11:20,4153,-0.000481464,4153.4,
18/02/2020 11:25,4152,-0.000240819,4154.2,
18/02/2020 11:30,4154,0.00048158,4153.4,
18/02/2020 13:35,4150,-0.000963391,4152.8,
18/02/2020 13:40,4156,0.001444739,4153,
18/02/2020 13:45,4155,-0.000240645,4153.4,
18/02/2020 13:50,4151,-0.000963159,4153.2,
18/02/2020 13:55,4150,-0.000240935,4152.4,
18/02/2020 14:00,4150,0,4152.4,
18/02/2020 14:05,4146,-0.00096432,4150.4,
18/02/2020 14:10,4146,0,4148.6,
18/02/2020 14:15,4144,-0.000482509,4147.2,
18/02/2020 14:20,4146,0.000482509,4146.4,
18/02/2020 14:25,4143,-0.000723851,4145,
18/02/2020 14:30,4146,0.000723851,4145,
18/02/2020 14:35,4147,0.000241167,4145.2,
18/02/2020 14:40,4144,-0.000723676,4145.2,
18/02/2020 14:45,4149,0.001205836,4145.8,
18/02/2020 14:50,4148,-0.000241051,4146.8,
18/02/2020 14:55,4149,0.000241051,4147.4,
18/02/2020 15:00,4146,-0.000723327,4147.2,
19/02/2020 09:05,4156,0.002409059,4149.6,
19/02/2020 09:10,4152,-0.000962927,4150.2,
19/02/2020 09:15,4147,-0.001204965,4150,
19/02/2020 09:20,4145,-0.000482393,4149.2,
19/02/2020 09:25,4147,0.000482393,4149.4,
19/02/2020 09:30,4150,0.000723153,4148.2,
19/02/2020 09:35,4160,0.00240674,4149.8,
19/02/2020 09:40,4156,-0.000962001,4151.6,
19/02/2020 09:45,4172,0.003842464,4157,
19/02/2020 09:50,4170,-0.000479501,4161.6,
19/02/2020 09:55,4166,-0.000959693,4164.8,
19/02/2020 10:00,4169,0.000719856,4166.6,
19/02/2020 10:05,4166,-0.000719856,4168.6,
19/02/2020 10:10,4164,-0.000480192,4167,
19/02/2020 10:15,4166,0.000480192,4166.2,
19/02/2020 10:30,4166,0,4166.2,
19/02/2020 10:35,4166,0,4165.6,
19/02/2020 10:40,4166,0,4165.6,
19/02/2020 10:45,4169,0.000719856,4166.6,
19/02/2020 10:50,4167,-0.000479846,4166.8,
19/02/2020 10:55,4166,-0.00024001,4166.8,
19/02/2020 11:00,4157,-0.002162683,4165,
19/02/2020 11:05,4157,0,4163.2,
19/02/2020 11:10,4160,0.000721414,4161.4,
19/02/2020 11:15,4162,0.000480654,4160.4,
19/02/2020 11:20,4162,0,4159.6,
19/02/2020 11:25,4163,0.00024024,4160.8,
19/02/2020 11:30,4169,0.001440231,4163.2,
19/02/2020 13:35,4164,-0.001200048,4164,
19/02/2020 13:40,4170,0.001439885,4165.6,
19/02/2020 13:45,4168,-0.000479731,4166.8,
19/02/2020 13:50,4168,0,4167.8,
19/02/2020 13:55,4173,0.001198897,4168.6,
19/02/2020 14:00,4182,0.002154399,4172.2,
19/02/2020 14:05,4188,0.001433692,4175.8,
19/02/2020 14:10,4192,0.000954654,4180.6,
19/02/2020 14:15,4187,-0.00119346,4184.4,
19/02/2020 14:20,4187,0,4187.2,
19/02/2020 14:25,4191,0.000954882,4189,
19/02/2020 14:30,4190,-0.000238635,4189.4,
19/02/2020 14:35,4186,-0.00095511,4188.2,
19/02/2020 14:40,4183,-0.000716932,4187.4,
19/02/2020 14:45,4185,0.000478011,4187,
19/02/2020 14:50,4190,0.00119403,4186.8,
19/02/2020 14:55,4192,0.000477213,4187.2,
19/02/2020 15:00,4190,-0.000477213,4188,
20/02/2020 09:05,4184,-0.001433007,4188.2,
20/02/2020 09:10,4186,0.000477897,4188.4,
20/02/2020 09:15,4178,-0.001912961,4186,
20/02/2020 09:20,4175,-0.000718305,4182.6,
20/02/2020 09:25,4173,-0.000479157,4179.2,
20/02/2020 09:30,4172,-0.000239664,4176.8,
20/02/2020 09:35,4163,-0.002159569,4172.2,
20/02/2020 09:40,4162,-0.00024024,4169,
20/02/2020 09:45,4161,-0.000240298,4166.2,
20/02/2020 09:50,4152,-0.002165284,4162,
20/02/2020 09:55,4156,0.000962927,4158.8,
20/02/2020 10:00,4157,0.000240587,4157.6,
20/02/2020 10:05,4154,-0.000721935,4156,
20/02/2020 10:10,4142,-0.002892962,4152.2,
20/02/2020 10:15,4143,0.0002414,4150.4,
20/02/2020 10:20,4142,-0.0002414,4147.6,
20/02/2020 10:35,4145,0.000724026,4145.2,
20/02/2020 10:40,4124,-0.005079222,4139.2,
20/02/2020 10:45,4123,-0.000242512,4135.4,
20/02/2020 10:50,4126,0.000727361,4132,
20/02/2020 10:55,4132,0.001453137,4130,
20/02/2020 11:00,4122,-0.002423069,4125.4,
20/02/2020 11:05,4124,0.000485084,4125.4,
20/02/2020 11:10,4108,-0.003887274,4122.4,
20/02/2020 11:15,4123,0.003644762,4121.8,
20/02/2020 11:20,4126,0.000727361,4120.6,
20/02/2020 11:25,4124,-0.000484848,4121,
20/02/2020 11:30,4123,-0.000242512,4120.8,
20/02/2020 13:35,4123,0,4123.8,
20/02/2020 13:40,4125,0.000484966,4124.2,
20/02/2020 13:45,4121,-0.000970167,4123.2,
20/02/2020 13:50,4118,-0.000728244,4122,
20/02/2020 13:55,4116,-0.000485791,4120.6,
20/02/2020 14:00,4112,-0.00097229,4118.4,
20/02/2020 14:05,4116,0.00097229,4116.6,
20/02/2020 14:10,4110,-0.001458789,4114.4,
20/02/2020 14:15,4111,0.000243279,4113,
20/02/2020 14:20,4112,0.00024322,4112.2,
20/02/2020 14:25,4108,-0.000973236,4111.4,
20/02/2020 14:30,4108,0,4109.8,
20/02/2020 14:35,4118,0.002431317,4111.4,
20/02/2020 14:40,4115,-0.000728774,4112.2,
20/02/2020 14:45,4116,0.000242984,4113,
20/02/2020 14:50,4111,-0.00121551,4113.6,
20/02/2020 14:55,4110,-0.000243279,4114,
20/02/2020 15:00,4104,-0.001460921,4111.2,
21/02/2020 09:05,4106,0.000487211,4109.4,
21/02/2020 09:10,4103,-0.000730905,4106.8,
21/02/2020 09:15,4112,0.002191115,4107,
21/02/2020 09:20,4111,-0.00024322,4107.2,
21/02/2020 09:25,4112,0.00024322,4108.8,
21/02/2020 09:30,4113,0.000243161,4110.2,
21/02/2020 09:35,4112,-0.000243161,4112,
21/02/2020 09:40,4112,0,4112,
21/02/2020 09:45,4112,0,4112.2,
21/02/2020 09:50,4110,-0.0004865,4111.8,
21/02/2020 09:55,4101,-0.002192182,4109.4,
21/02/2020 10:00,4097,-0.000975848,4106.4,
21/02/2020 10:05,4101,0.000975848,4104.2,
21/02/2020 10:10,4104,0.000731261,4102.6,
21/02/2020 10:15,4106,0.000487211,4101.8,
21/02/2020 10:30,4106,0,4102.8,
21/02/2020 10:35,4097,-0.00219432,4102.8,
21/02/2020 10:40,4101,0.000975848,4102.8,
21/02/2020 10:45,4100,-0.000243873,4102,
21/02/2020 10:50,4099,-0.000243932,4100.6,
21/02/2020 10:55,4101,0.000487805,4099.6,
21/02/2020 11:00,4102,0.000243813,4100.6,
21/02/2020 11:05,4104,0.000487448,4101.2,
21/02/2020 11:10,4111,0.0017042,4103.4,
21/02/2020 11:15,4122,0.002672175,4108,
21/02/2020 11:20,4121,-0.00024263,4112,
21/02/2020 11:25,4116,-0.001214034,4114.8,
21/02/2020 11:30,4118,0.000485791,4117.6,
21/02/2020 13:35,4110,-0.00194458,4117.4,
21/02/2020 13:40,4117,0.001701714,4116.4,
21/02/2020 13:45,4115,-0.000485909,4115.2,
21/02/2020 13:50,4118,0.000728774,4115.6,
21/02/2020 13:55,4116,-0.000485791,4115.2,
21/02/2020 14:00,4114,-0.000486027,4116,
21/02/2020 14:05,4115,0.000243043,4115.6,
21/02/2020 14:10,4116,0.000242984,4115.8,
21/02/2020 14:15,4119,0.000728597,4116,
21/02/2020 14:20,4116,-0.000728597,4116,
21/02/2020 14:25,4127,0.002668933,4118.6,
21/02/2020 14:30,4124,-0.000727185,4120.4,
21/02/2020 14:35,4122,-0.000485084,4121.6,
21/02/2020 14:40,4125,0.000727537,4122.8,
21/02/2020 14:45,4126,0.000242395,4124.8,
21/02/2020 14:50,4126,0,4124.6,
21/02/2020 14:55,4134,0.001937047,4126.6,
21/02/2020 15:00,4136,0.000483676,4129.4,
24/02/2020 09:05,4115,-0.005090303,4127.4,
24/02/2020 09:10,4111,-0.000972526,4124.4,
24/02/2020 09:15,4121,0.002429544,4123.4,
24/02/2020 09:20,4118,-0.000728244,4120.2,
24/02/2020 09:25,4131,0.0031519,4119.2,
24/02/2020 09:30,4141,0.002417796,4124.4,
24/02/2020 09:35,4138,-0.000724725,4129.8,
24/02/2020 09:40,4141,0.000724725,4133.8,
24/02/2020 09:45,4137,-0.000966417,4137.6,
24/02/2020 09:50,4134,-0.000725426,4138.2,
24/02/2020 09:55,4132,-0.00048391,4136.4,
24/02/2020 10:00,4134,0.00048391,4135.6,
24/02/2020 10:05,4135,0.000241867,4134.4,
24/02/2020 10:10,4137,0.000483559,4134.4,
24/02/2020 10:15,4129,-0.001935641,4133.4,
24/02/2020 10:35,4123,-0.001454193,4131.6,
24/02/2020 10:40,4117,-0.001456311,4128.2,
24/02/2020 10:45,4120,0.000728421,4125.2,
24/02/2020 10:50,4125,0.001212856,4122.8,
24/02/2020 10:55,4118,-0.001698411,4120.6,
24/02/2020 11:00,4118,0,4119.6,
24/02/2020 11:05,4115,-0.000728774,4119.2,
24/02/2020 11:10,4117,0.000485909,4118.6,
24/02/2020 11:15,4120,0.000728421,4117.6,
24/02/2020 11:20,4114,-0.001457372,4116.8,
24/02/2020 11:25,4113,-0.000243102,4115.8,
24/02/2020 11:30,4115,0.000486145,4115.8,
24/02/2020 13:35,4119,0.000971581,4116.2,
24/02/2020 13:40,4119,0,4116,
24/02/2020 13:45,4118,-0.000242807,4116.8,
24/02/2020 13:50,4120,0.000485555,4118.2,
24/02/2020 13:55,4129,0.002182084,4121,
24/02/2020 14:00,4128,-0.000242219,4122.8,
24/02/2020 14:05,4129,0.000242219,4124.8,
24/02/2020 14:10,4128,-0.000242219,4126.8,
24/02/2020 14:15,4129,0.000242219,4128.6,
24/02/2020 14:20,4133,0.000968289,4129.4,
24/02/2020 14:25,4132,-0.000241984,4130.2,
24/02/2020 14:30,4131,-0.000242043,4130.6,
24/02/2020 14:35,4131,0,4131.2,
24/02/2020 14:40,4130,-0.000242101,4131.4,
24/02/2020 14:45,4123,-0.001696353,4129.4,
24/02/2020 14:50,4124,0.000242512,4127.8,
24/02/2020 14:55,4121,-0.000727714,4125.8,
24/02/2020 15:00,4119,-0.000485437,4123.4,
25/02/2020 09:05,4117,-0.000485673,4120.8,
25/02/2020 09:10,4116,-0.000242925,4119.4,
25/02/2020 09:15,4112,-0.00097229,4117,
25/02/2020 09:20,4118,0.00145808,4116.4,
25/02/2020 09:25,4133,0.003635927,4119.2,
25/02/2020 09:30,4129,-0.000968289,4121.6,
25/02/2020 09:35,4134,0.001210214,4125.2,
25/02/2020 09:40,4129,-0.001210214,4128.6,
25/02/2020 09:45,4131,0.000484262,4131.2,
25/02/2020 09:50,4131,0,4130.8,
25/02/2020 09:55,4130,-0.000242101,4131,
25/02/2020 10:00,4131,0.000242101,4130.4,
25/02/2020 10:05,4132,0.000242043,4131,
25/02/2020 10:10,4130,-0.000484144,4130.8,
25/02/2020 10:15,4130,0,4130.6,
25/02/2020 10:20,4130,0,4130.6,
25/02/2020 10:35,4132,0.000484144,4130.8,
25/02/2020 10:40,4129,-0.000726304,4130.2,
25/02/2020 10:45,4127,-0.000484496,4129.6,
25/02/2020 10:50,4120,-0.001697587,4127.6,
25/02/2020 10:55,4118,-0.000485555,4125.2,
25/02/2020 11:00,4118,0,4122.4,
25/02/2020 11:05,4118,0,4120.2,
25/02/2020 11:10,4113,-0.001214919,4117.4,
25/02/2020 11:15,4113,0,4116,
25/02/2020 11:20,4115,0.000486145,4115.4,
25/02/2020 11:25,4118,0.000728774,4115.4,
25/02/2020 11:30,4120,0.000485555,4115.8,
25/02/2020 13:35,4117,-0.000728421,4116.6,
25/02/2020 13:40,4119,0.000485673,4117.8,
25/02/2020 13:45,4124,0.001213151,4119.6,
25/02/2020 13:50,4124,0,4120.8,
25/02/2020 13:55,4122,-0.000485084,4121.2,
25/02/2020 14:00,4120,-0.000485319,4121.8,
25/02/2020 14:05,4123,0.00072789,4122.6,
25/02/2020 14:10,4118,-0.001213445,4121.4,
25/02/2020 14:15,4118,0,4120.2,
25/02/2020 14:20,4123,0.001213445,4120.4,
25/02/2020 14:25,4123,0,4121,
25/02/2020 14:30,4126,0.000727361,4121.6,
25/02/2020 14:35,4127,0.000242336,4123.4,
25/02/2020 14:40,4131,0.000968758,4126,
25/02/2020 14:45,4126,-0.001211094,4126.6,
25/02/2020 14:50,4127,0.000242336,4127.4,
25/02/2020 14:55,4129,0.000484496,4128,
25/02/2020 15:00,4130,0.00024216,4128.6,
26/02/2020 09:05,4142,0.002901356,4130.8,
26/02/2020 09:10,4130,-0.002901356,4131.6,
26/02/2020 09:15,4126,-0.000968992,4131.4,
26/02/2020 09:20,4129,0.000726832,4131.4,
26/02/2020 09:25,4129,0,4131.2,
26/02/2020 09:30,4130,0.00024216,4128.8,
26/02/2020 09:35,4131,0.000242101,4129,
26/02/2020 09:40,4132,0.000242043,4130.2,
26/02/2020 09:45,4134,0.00048391,4131.2,
26/02/2020 09:50,4131,-0.000725953,4131.6,
26/02/2020 09:55,4135,0.00096782,4132.6,
26/02/2020 10:00,4135,0,4133.4,
26/02/2020 10:05,4133,-0.000483793,4133.6,
26/02/2020 10:10,4131,-0.000484027,4133,
26/02/2020 10:15,4133,0.000484027,4133.4,
26/02/2020 10:20,4133,0,4133,
26/02/2020 10:35,4134,0.000241926,4132.8,
26/02/2020 10:40,4135,0.000241867,4133.2,
26/02/2020 10:45,4146,0.002656686,4136.2,
26/02/2020 10:50,4152,0.001446132,4140,
26/02/2020 10:55,4151,-0.000240877,4143.6,
26/02/2020 11:00,4154,0.000722456,4147.6,
26/02/2020 11:05,4152,-0.00048158,4151,
26/02/2020 11:10,4154,0.00048158,4152.6,
26/02/2020 11:15,4163,0.002164243,4154.8,
26/02/2020 11:20,4162,-0.00024024,4157,
26/02/2020 11:25,4163,0.00024024,4158.8,
26/02/2020 11:30,4168,0.001200336,4162,
26/02/2020 13:35,4170,0.000479731,4165.2,
26/02/2020 13:40,4166,-0.000959693,4165.8,
26/02/2020 13:45,4167,0.00024001,4166.8,
26/02/2020 13:50,4167,0,4167.6,
26/02/2020 13:55,4168,0.000239952,4167.6,
26/02/2020 14:00,4169,0.000239894,4167.4,
26/02/2020 14:05,4176,0.001677652,4169.4,
26/02/2020 14:10,4175,-0.000239492,4171,
26/02/2020 14:15,4167,-0.001918006,4171,
26/02/2020 14:20,4165,-0.000480077,4170.4,
26/02/2020 14:25,4171,0.00143954,4170.8,
26/02/2020 14:30,4172,0.000239722,4170,
26/02/2020 14:35,4170,-0.000479501,4169,
26/02/2020 14:40,4169,-0.000239837,4169.4,
26/02/2020 14:45,4169,0,4170.2,
26/02/2020 14:50,4169,0,4169.8,
26/02/2020 14:55,4175,0.001438159,4170.4,
26/02/2020 15:00,4173,-0.000479157,4171,
27/02/2020 09:05,4182,0.002154399,4173.6,
27/02/2020 09:10,4173,-0.002154399,4174.4,
27/02/2020 09:15,4165,-0.001918926,4173.6,
27/02/2020 09:20,4159,-0.001441615,4170.4,
27/02/2020 09:25,4157,-0.000481,4167.2,
27/02/2020 09:30,4156,-0.000240587,4162,
27/02/2020 09:35,4162,0.001442655,4159.8,
27/02/2020 09:40,4160,-0.000480654,4158.8,
27/02/2020 09:45,4159,-0.000240414,4158.8,
27/02/2020 09:50,4156,-0.000721588,4158.6,
27/02/2020 09:55,4156,0,4158.6,
27/02/2020 10:00,4157,0.000240587,4157.6,
27/02/2020 10:05,4158,0.000240529,4157.2,
27/02/2020 10:10,4166,0.001922153,4158.6,
27/02/2020 10:15,4167,0.00024001,4160.8,
27/02/2020 10:35,4169,0.000479846,4163.4,
27/02/2020 10:40,4167,-0.000479846,4165.4,
27/02/2020 10:45,4174,0.001678456,4168.6,
27/02/2020 10:50,4173,-0.000239607,4170,
27/02/2020 10:55,4173,0,4171.2,
27/02/2020 11:00,4171,-0.000479386,4171.6,
27/02/2020 11:05,4171,0,4172.4,
27/02/2020 11:10,4174,0.000718993,4172.4,
27/02/2020 11:15,4179,0.001197175,4173.6,
27/02/2020 11:20,4175,-0.000957625,4174,
27/02/2020 11:25,4165,-0.002398083,4172.8,
27/02/2020 11:30,4165,0,4171.6,
27/02/2020 13:35,4157,-0.001922615,4168.2,
27/02/2020 13:40,4160,0.000721414,4164.4,
27/02/2020 13:45,4163,0.000720894,4162,
27/02/2020 13:50,4170,0.001680068,4163,
27/02/2020 13:55,4170,0,4164,
27/02/2020 14:00,4169,-0.000239837,4166.4,
27/02/2020 14:05,4167,-0.000479846,4167.8,
27/02/2020 14:10,4167,0,4168.6,
27/02/2020 14:15,4168,0.000239952,4168.2,
27/02/2020 14:20,4163,-0.001200336,4166.8,
27/02/2020 14:25,4164,0.000240183,4165.8,
27/02/2020 14:30,4165,0.000240125,4165.4,
27/02/2020 14:35,4171,0.00143954,4166.2,
27/02/2020 14:40,4168,-0.000719511,4166.2,
27/02/2020 14:45,4172,0.000959233,4168,
27/02/2020 14:50,4175,0.000718821,4170.2,
27/02/2020 14:55,4176,0.000239492,4172.4,
27/02/2020 15:00,4171,-0.001198035,4172.4,
28/02/2020 09:05,4150,-0.005047481,4168.8,
28/02/2020 09:10,4153,0.00072263,4165,
28/02/2020 09:15,4159,0.001443696,4161.8,
28/02/2020 09:20,4179,0.004797323,4162.4,
28/02/2020 09:25,4180,0.000239263,4164.2,
28/02/2020 09:30,4176,-0.000957396,4169.4,
28/02/2020 09:35,4172,-0.000958313,4173.2,
28/02/2020 09:40,4181,0.002154915,4177.6,
28/02/2020 09:45,4182,0.000239149,4178.2,
28/02/2020 09:50,4189,0.001672441,4180,
28/02/2020 09:55,4204,0.003574411,4185.6,
28/02/2020 10:00,4201,-0.000713861,4191.4,
28/02/2020 10:05,4210,0.002140056,4197.2,
28/02/2020 10:10,4213,0.000712335,4203.4,
28/02/2020 10:15,4211,-0.000474834,4207.8,
28/02/2020 10:30,4212,0.000237445,4209.4,
28/02/2020 10:35,4208,-0.000950119,4210.8,
28/02/2020 10:40,4209,0.000237614,4210.6,
28/02/2020 10:45,4207,-0.000475285,4209.4,
28/02/2020 10:50,4199,-0.001903403,4207,
28/02/2020 10:55,4196,-0.000714711,4203.8,
28/02/2020 11:00,4198,0.000476531,4201.8,
28/02/2020 11:05,4198,0,4199.6,
28/02/2020 11:10,4196,-0.000476531,4197.4,
28/02/2020 11:15,4195,-0.000238351,4196.6,
28/02/2020 11:20,4191,-0.000953971,4195.6,
28/02/2020 11:25,4177,-0.003346083,4191.4,
28/02/2020 11:30,4183,0.001435407,4188.4,
28/02/2020 13:35,4168,-0.003592388,4182.8,
28/02/2020 13:40,4165,-0.000720029,4176.8,
28/02/2020 13:45,4161,-0.000960846,4170.8,
28/02/2020 13:50,4166,0.001200913,4168.6,
28/02/2020 13:55,4170,0.000959693,4166,
28/02/2020 14:00,4167,-0.000719683,4165.8,
28/02/2020 14:05,4171,0.000959463,4167,
28/02/2020 14:10,4169,-0.000479616,4168.6,
28/02/2020 14:15,4164,-0.001200048,4168.2,
28/02/2020 14:20,4152,-0.002886005,4164.6,
28/02/2020 14:25,4150,-0.000481812,4161.2,
28/02/2020 14:30,4123,-0.006527281,4151.6,
28/02/2020 14:35,4121,-0.000485201,4142,
28/02/2020 14:40,4132,0.002665699,4135.6,
28/02/2020 14:45,4139,0.001692662,4133,
28/02/2020 14:50,4128,-0.002661185,4128.6,
28/02/2020 14:55,4124,-0.000969462,4128.8,
28/02/2020 15:00,4078,-0.011216894,4120.2,
02/03/2020 09:05,4123,0.010974382,4118.4,
02/03/2020 09:10,4120,-0.00072789,4114.6,
02/03/2020 09:15,4111,-0.002186855,4111.2,
02/03/2020 09:20,4106,-0.001216989,4107.6,
02/03/2020 09:25,4111,0.001216989,4114.2,
02/03/2020 09:30,4111,0,4111.8,
02/03/2020 09:35,4119,0.001944108,4111.6,
02/03/2020 09:40,4115,-0.000971581,4112.4,
02/03/2020 09:45,4115,0,4114.2,
02/03/2020 09:50,4117,0.000485909,4115.4,
02/03/2020 09:55,4119,0.000485673,4117,
02/03/2020 10:00,4114,-0.001214624,4116,
02/03/2020 10:05,4118,0.000971817,4116.6,
02/03/2020 10:10,4127,0.002183142,4119,
02/03/2020 10:15,4122,-0.001212268,4120,
02/03/2020 10:35,4127,0.001212268,4121.6,
02/03/2020 10:40,4141,0.003386554,4127,
02/03/2020 10:45,4139,-0.000483092,4131.2,
02/03/2020 10:50,4142,0.00072455,4134.2,
02/03/2020 10:55,4138,-0.000966184,4137.4,
02/03/2020 11:00,4139,0.000241633,4139.8,
02/03/2020 11:05,4139,0,4139.4,
02/03/2020 11:10,4133,-0.001450677,4138.2,
02/03/2020 11:15,4132,-0.000241984,4136.2,
02/03/2020 11:20,4135,0.000725777,4135.6,
02/03/2020 11:25,4140,0.001208459,4135.8,
02/03/2020 11:30,4132,-0.001934237,4134.4,
02/03/2020 13:35,4136,0.000967586,4135,
02/03/2020 13:40,4137,0.00024175,4136,
02/03/2020 13:45,4138,0.000241692,4136.6,
02/03/2020 13:50,4136,-0.000483442,4135.8,
02/03/2020 13:55,4141,0.001208167,4137.6,
02/03/2020 14:00,4167,0.006259048,4143.8,
02/03/2020 14:05,4161,-0.001440922,4148.6,
02/03/2020 14:10,4164,0.000720721,4153.8,
02/03/2020 14:15,4160,-0.000961076,4158.6,
02/03/2020 14:20,4161,0.000240356,4162.6,
02/03/2020 14:25,4165,0.000960846,4162.2,
02/03/2020 14:30,4166,0.000240067,4163.2,
02/03/2020 14:35,4167,0.00024001,4163.8,
02/03/2020 14:40,4158,-0.002162163,4163.4,
02/03/2020 14:45,4157,-0.000240529,4162.6,
02/03/2020 14:50,4160,0.000721414,4161.6,
02/03/2020 14:55,4159,-0.000240414,4160.2,
02/03/2020 15:00,4157,-0.000481,4158.2,
03/03/2020 09:05,4182,0.005995941,4163,
03/03/2020 09:10,4169,-0.003113402,4165.4,
03/03/2020 09:15,4157,-0.002882539,4164.8,
03/03/2020 09:20,4156,-0.000240587,4164.2,
03/03/2020 09:25,4160,0.000962001,4164.8,
03/03/2020 09:30,4160,0,4160.4,
03/03/2020 09:35,4150,-0.00240674,4156.6,
03/03/2020 09:40,4151,0.000240935,4155.4,
03/03/2020 09:45,4146,-0.001205255,4153.4,
03/03/2020 09:50,4146,0,4150.6,
03/03/2020 09:55,4146,0,4147.8,
03/03/2020 10:00,4154,0.001927711,4148.6,
03/03/2020 10:05,4152,-0.00048158,4148.8,
03/03/2020 10:10,4148,-0.000963855,4149.2,
03/03/2020 10:15,4151,0.000722979,4150.2,
03/03/2020 10:35,4149,-0.000481928,4150.8,
03/03/2020 10:40,4147,-0.00048216,4149.4,
03/03/2020 10:45,4146,-0.000241167,4148.2,
03/03/2020 10:50,4151,0.001205255,4148.8,
03/03/2020 10:55,4148,-0.000722979,4148.2,
03/03/2020 11:00,4148,0,4148,
03/03/2020 11:05,4144,-0.000964785,4147.4,
03/03/2020 11:10,4143,-0.000241342,4146.8,
03/03/2020 11:15,4139,-0.00096595,4144.4,
03/03/2020 11:20,4139,0,4142.6,
03/03/2020 11:25,4148,0.002172078,4142.6,
03/03/2020 11:30,4148,0,4143.4,
03/03/2020 13:35,4145,-0.000723502,4143.8,
03/03/2020 13:40,4160,0.003612286,4148,
03/03/2020 13:45,4163,0.000720894,4152.8,
03/03/2020 13:50,4161,-0.000480538,4155.4,
03/03/2020 13:55,4157,-0.00096177,4157.2,
03/03/2020 14:00,4156,-0.000240587,4159.4,
03/03/2020 14:05,4158,0.000481116,4159,
03/03/2020 14:10,4155,-0.000721761,4157.4,
03/03/2020 14:15,4156,0.000240645,4156.4,
03/03/2020 14:20,4153,-0.000722109,4155.6,
03/03/2020 14:25,4158,0.001203225,4156,
03/03/2020 14:30,4154,-0.000962464,4155.2,
03/03/2020 14:35,4157,0.000721935,4155.6,
03/03/2020 14:40,4160,0.000721414,4156.4,
03/03/2020 14:45,4160,0,4157.8,
03/03/2020 14:50,4158,-0.000480885,4157.8,
03/03/2020 14:55,4159,0.000240471,4158.8,
03/03/2020 15:00,4162,0.000721067,4159.8,
04/03/2020 09:05,4161,-0.000240298,4160,
04/03/2020 09:10,4156,-0.001202357,4159.2,
04/03/2020 09:15,4147,-0.002167892,4157,
04/03/2020 09:20,4149,0.00048216,4155,
04/03/2020 09:25,4150,0.000240993,4152.6,
04/03/2020 09:30,4152,0.000481812,4150.8,
04/03/2020 09:35,4150,-0.000481812,4149.6,
04/03/2020 09:40,4151,0.000240935,4150.4,
04/03/2020 09:45,4155,0.000963159,4151.6,
04/03/2020 09:50,4165,0.002403847,4154.6,
04/03/2020 09:55,4163,-0.000480307,4156.8,
04/03/2020 10:00,4160,-0.000720894,4158.8,
04/03/2020 10:05,4164,0.000961076,4161.4,
04/03/2020 10:10,4168,0.000960154,4164,
04/03/2020 10:15,4176,0.001917546,4166.2,
04/03/2020 10:20,4177,0.000239435,4169,
04/03/2020 10:35,4174,-0.000718477,4171.8,
04/03/2020 10:40,4177,0.000718477,4174.4,
04/03/2020 10:45,4171,-0.00143747,4175,
04/03/2020 10:50,4174,0.000718993,4174.6,
04/03/2020 10:55,4173,-0.000239607,4173.8,
04/03/2020 11:00,4176,0.000718649,4174.2,
04/03/2020 11:05,4177,0.000239435,4174.2,
04/03/2020 11:10,4182,0.001196315,4176.4,
04/03/2020 11:15,4185,0.000717103,4178.6,
04/03/2020 11:20,4191,0.001432665,4182.2,
04/03/2020 11:25,4194,0.000715564,4185.8,
04/03/2020 11:30,4202,0.00190567,4190.8,
04/03/2020 13:45,4189,-0.00309856,4192.2,
04/03/2020 13:50,4189,0,4193,
04/03/2020 13:55,4183,-0.00143335,4191.4,
04/03/2020 14:00,4185,0.000478011,4189.6,
04/03/2020 14:05,4183,-0.000478011,4185.8,
04/03/2020 14:10,4182,-0.000239091,4184.4,
04/03/2020 14:15,4173,-0.002154399,4181.2,
04/03/2020 14:20,4180,0.001676045,4180.6,
04/03/2020 14:25,4186,0.001434377,4180.8,
04/03/2020 14:30,4189,0.000716418,4182,
04/03/2020 14:35,4198,0.002146179,4185.2,
04/03/2020 14:40,4190,-0.001907487,4188.6,
04/03/2020 14:45,4192,0.000477213,4191,
04/03/2020 14:50,4190,-0.000477213,4191.8,
04/03/2020 14:55,4202,0.002859868,4194.4,
04/03/2020 15:00,4203,0.000237954,4195.4,
05/03/2020 09:05,4214,0.002613759,4200.2,
05/03/2020 09:10,4211,-0.000712166,4204,
05/03/2020 09:15,4229,0.004265409,4211.8,
05/03/2020 09:20,4242,0.003069298,4219.8,
05/03/2020 09:25,4243,0.00023571,4227.8,
05/03/2020 09:30,4241,-0.000471476,4233.2,
05/03/2020 09:35,4238,-0.000707631,4238.6,
05/03/2020 09:40,4235,-0.000708132,4239.8,
05/03/2020 09:45,4237,0.000472144,4238.8,
05/03/2020 09:50,4244,0.001650749,4239,
05/03/2020 09:55,4238,-0.001414761,4238.4,
05/03/2020 10:00,4241,0.000707631,4239,
05/03/2020 10:05,4244,0.00070713,4240.8,
05/03/2020 10:10,4249,0.00117744,4243.2,
05/03/2020 10:15,4235,-0.003300333,4241.4,
05/03/2020 10:30,4235,0,4240.8,
05/03/2020 10:35,4238,0.000708132,4240.2,
05/03/2020 10:40,4241,0.000707631,4239.6,
05/03/2020 10:45,4241,0,4238,
05/03/2020 10:50,4246,0.001178273,4240.2,
05/03/2020 10:55,4248,0.000470921,4242.8,
05/03/2020 11:00,4244,-0.000942063,4244,
05/03/2020 11:05,4246,0.000471143,4245,
05/03/2020 11:10,4252,0.001412097,4247.2,
05/03/2020 11:15,4250,-0.000470478,4248,
05/03/2020 11:20,4240,-0.002355714,4246.4,
05/03/2020 11:25,4243,0.000707297,4246.2,
05/03/2020 11:30,4244,0.000235655,4245.8,
05/03/2020 13:35,4244,0,4244.2,
05/03/2020 13:40,4243,-0.000235655,4242.8,
05/03/2020 13:45,4239,-0.000943174,4242.6,
05/03/2020 13:50,4243,0.000943174,4242.6,
05/03/2020 13:55,4244,0.000235655,4242.6,
05/03/2020 14:00,4246,0.000471143,4243,
05/03/2020 14:05,4245,-0.000235544,4243.4,
05/03/2020 14:10,4249,0.000941841,4245.4,
05/03/2020 14:15,4246,-0.000706298,4246,
05/03/2020 14:20,4249,0.000706298,4247,
05/03/2020 14:25,4249,0,4247.6,
05/03/2020 14:30,4245,-0.000941841,4247.6,
05/03/2020 14:35,4244,-0.000235599,4246.6,
05/03/2020 14:40,4248,0.000942063,4247,
05/03/2020 14:45,4248,0,4246.8,
05/03/2020 14:50,4250,0.000470699,4247,
05/03/2020 14:55,4255,0.001175779,4249,
05/03/2020 15:00,4252,-0.000705302,4250.6,
06/03/2020 09:05,4243,-0.002118894,4249.6,
06/03/2020 09:10,4233,-0.002359605,4246.6,
06/03/2020 09:15,4237,0.00094451,4244,
06/03/2020 09:20,4229,-0.001889913,4238.8,
06/03/2020 09:25,4226,-0.000709639,4233.6,
06/03/2020 09:30,4205,-0.004981626,4226,
06/03/2020 09:35,4216,0.002612518,4222.6,
06/03/2020 09:40,4217,0.000237164,4218.6,
06/03/2020 09:45,4218,0.000237107,4216.4,
06/03/2020 09:50,4217,-0.000237107,4214.6,
06/03/2020 09:55,4223,0.001421801,4218.2,
06/03/2020 10:00,4225,0.000473485,4220,
06/03/2020 10:05,4224,-0.000236714,4221.4,
06/03/2020 10:10,4218,-0.001421464,4221.4,
06/03/2020 10:15,4218,0,4221.6,
06/03/2020 10:30,4217,-0.000237107,4220.4,
06/03/2020 10:35,4219,0.000474158,4219.2,
06/03/2020 10:40,4226,0.001657786,4219.6,
06/03/2020 10:45,4223,-0.000710143,4220.6,
06/03/2020 10:50,4221,-0.000473709,4221.2,
06/03/2020 10:55,4226,0.001183852,4223,
06/03/2020 11:00,4234,0.001891254,4226,
06/03/2020 11:05,4232,-0.000472478,4227.2,
06/03/2020 11:10,4233,0.000236267,4229.2,
06/03/2020 11:15,4232,-0.000236267,4231.4,
06/03/2020 11:20,4225,-0.001655434,4231.2,
06/03/2020 11:25,4228,0.000709807,4230,
06/03/2020 11:30,4229,0.00023649,4229.4,
06/03/2020 13:35,4221,-0.001893492,4227,
06/03/2020 13:40,4224,0.00071048,4225.4,
06/03/2020 13:45,4217,-0.001658572,4223.8,
06/03/2020 13:50,4218,0.000237107,4221.8,
06/03/2020 13:55,4222,0.000947867,4220.4,
06/03/2020 14:00,4225,0.000710311,4221.2,
06/03/2020 14:05,4226,0.000236658,4221.6,
06/03/2020 14:10,4223,-0.000710143,4222.8,
06/03/2020 14:15,4221,-0.000473709,4223.4,
06/03/2020 14:20,4222,0.000236883,4223.4,
06/03/2020 14:25,4226,0.00094697,4223.6,
06/03/2020 14:30,4228,0.000473149,4224,
06/03/2020 14:35,4229,0.00023649,4225.2,
06/03/2020 14:40,4226,-0.000709639,4226.2,
06/03/2020 14:45,4222,-0.00094697,4226.2,
06/03/2020 14:50,4222,0,4225.4,
06/03/2020 14:55,4214,-0.001896634,4222.6,
06/03/2020 15:00,4218,0.000948767,4220.4,
09/03/2020 09:05,4184,-0.008093355,4212,
09/03/2020 09:10,4197,0.003102258,4207,
09/03/2020 09:15,4197,0,4202,
09/03/2020 09:20,4201,0.000952608,4199.4,
09/03/2020 09:25,4197,-0.000952608,4195.2,
09/03/2020 09:30,4190,-0.00166925,4196.4,
09/03/2020 09:35,4194,0.000954199,4195.8,
09/03/2020 09:40,4183,-0.00262624,4193,
09/03/2020 09:45,4177,-0.001435407,4188.2,
09/03/2020 09:50,4178,0.000239378,4184.4,
09/03/2020 09:55,4182,0.000956938,4182.8,
09/03/2020 10:00,4179,-0.000717618,4179.8,
09/03/2020 10:05,4176,-0.000718133,4178.4,
09/03/2020 10:10,4177,0.000239435,4178.4,
09/03/2020 10:15,4171,-0.00143747,4177,
09/03/2020 10:30,4170,-0.000239779,4174.6,
09/03/2020 10:35,4152,-0.00432589,4169.2,
09/03/2020 10:40,4149,-0.000722805,4163.8,
09/03/2020 10:45,4117,-0.007742599,4151.8,
09/03/2020 10:50,4132,0.003636808,4144,
09/03/2020 10:55,4136,0.000967586,4137.2,
09/03/2020 11:00,4125,-0.002663117,4131.8,
09/03/2020 11:05,4122,-0.000727537,4126.4,
09/03/2020 11:10,4126,0.000969932,4128.2,
09/03/2020 11:15,4112,-0.003398886,4124.2,
09/03/2020 11:20,4124,0.002914038,4121.8,
09/03/2020 11:25,4123,-0.000242512,4121.4,
09/03/2020 11:30,4119,-0.000970638,4120.8,
09/03/2020 13:35,4090,-0.007065445,4113.6,
09/03/2020 13:40,4086,-0.000978474,4108.4,
09/03/2020 13:45,4100,0.003420477,4103.6,
09/03/2020 13:50,4102,0.000487686,4099.4,
09/03/2020 13:55,4107,0.001218175,4097,
09/03/2020 14:00,4116,0.002188983,4102.2,
09/03/2020 14:05,4117,0.000242925,4108.4,
09/03/2020 14:10,4114,-0.000728952,4111.2,
09/03/2020 14:15,4119,0.001214624,4114.6,
09/03/2020 14:20,4111,-0.001944108,4115.4,
09/03/2020 14:25,4114,0.000729483,4115,
09/03/2020 14:30,4108,-0.001459499,4113.2,
09/03/2020 14:35,4113,0.001216397,4113,
09/03/2020 14:40,4109,-0.000972999,4111,
09/03/2020 14:45,4111,0.000486618,4111,
09/03/2020 14:50,4114,0.000729483,4111,
09/03/2020 14:55,4123,0.002185262,4114,
09/03/2020 15:00,4147,0.005804128,4120.8,
10/03/2020 09:05,4167,0.004811171,4132.4,
10/03/2020 09:10,4159,-0.001921692,4142,
10/03/2020 09:15,4158,-0.000240471,4150.8,
10/03/2020 09:20,4140,-0.004338402,4154.2,
10/03/2020 09:25,4146,0.001448226,4154,
10/03/2020 09:30,4149,0.000723327,4150.4,
10/03/2020 09:35,4146,-0.000723327,4147.8,
10/03/2020 09:40,4142,-0.000965251,4144.6,
10/03/2020 09:45,4148,0.001447527,4146.2,
10/03/2020 09:50,4156,0.001926783,4148.2,
10/03/2020 09:55,4157,0.000240587,4149.8,
10/03/2020 10:00,4160,0.000721414,4152.6,
10/03/2020 10:05,4155,-0.001202646,4155.2,
10/03/2020 10:10,4154,-0.000240703,4156.4,
10/03/2020 10:15,4153,-0.000240761,4155.8,
10/03/2020 10:30,4153,0,4155,
10/03/2020 10:35,4156,0.000722109,4154.2,
10/03/2020 10:40,4152,-0.000962927,4153.6,
10/03/2020 10:45,4144,-0.001928641,4151.6,
10/03/2020 10:50,4151,0.001687764,4151.2,
10/03/2020 10:55,4149,-0.000481928,4150.4,
10/03/2020 11:00,4153,0.000963623,4149.8,
10/03/2020 11:05,4152,-0.000240819,4149.8,
10/03/2020 11:10,4147,-0.001204965,4150.4,
10/03/2020 11:15,4157,0.002408479,4151.6,
10/03/2020 11:20,4163,0.001442308,4154.4,
10/03/2020 11:25,4162,-0.00024024,4156.2,
10/03/2020 11:30,4159,-0.000721067,4157.6,
10/03/2020 13:35,4191,0.007664708,4166.4,
10/03/2020 13:40,4188,-0.000716076,4172.6,
10/03/2020 13:45,4189,0.000238749,4177.8,
10/03/2020 13:50,4187,-0.000477555,4182.8,
10/03/2020 13:55,4187,0,4188.4,
10/03/2020 14:00,4181,-0.001434035,4186.4,
10/03/2020 14:05,4177,-0.000957167,4184.2,
10/03/2020 14:10,4180,0.000717961,4182.4,
10/03/2020 14:15,4182,0.000478354,4181.4,
10/03/2020 14:20,4183,0.000239091,4180.6,
10/03/2020 14:25,4189,0.00143335,4182.2,
10/03/2020 14:30,4192,0.000715905,4185.2,
10/03/2020 14:35,4195,0.000715393,4188.2,
10/03/2020 14:40,4186,-0.002147716,4189,
10/03/2020 14:45,4192,0.001432323,4190.8,
10/03/2020 14:50,4192,0,4191.4,
10/03/2020 14:55,4189,-0.000715905,4190.8,
10/03/2020 15:00,4193,0.000954426,4190.4,
11/03/2020 09:05,4188,-0.001193175,4190.8,
11/03/2020 09:10,4182,-0.001433692,4188.8,
11/03/2020 09:15,4180,-0.000478354,4186.4,
11/03/2020 09:20,4185,0.001195457,4185.6,
11/03/2020 09:25,4179,-0.00143472,4182.8,
11/03/2020 09:30,4187,0.001912504,4182.6,
11/03/2020 09:35,4183,-0.000955795,4182.8,
11/03/2020 09:40,4190,0.001672041,4184.8,
11/03/2020 09:45,4193,0.000715734,4186.4,
11/03/2020 09:50,4192,-0.000238521,4189,
11/03/2020 09:55,4190,-0.000477213,4189.6,
11/03/2020 10:00,4187,-0.000716247,4190.4,
11/03/2020 10:05,4181,-0.001434035,4188.6,
11/03/2020 10:10,4183,0.00047824,4186.6,
11/03/2020 10:15,4184,0.000239034,4185,
11/03/2020 10:30,4184,0,4183.8,
11/03/2020 10:35,4182,-0.000478126,4182.8,
11/03/2020 10:40,4186,0.000956023,4183.8,
11/03/2020 10:45,4186,0,4184.4,
11/03/2020 10:50,4182,-0.000956023,4184,
11/03/2020 10:55,4180,-0.000478354,4183.2,
11/03/2020 11:00,4182,0.000478354,4183.2,
11/03/2020 11:05,4183,0.000239091,4182.6,
11/03/2020 11:10,4187,0.000955795,4182.8,
11/03/2020 11:15,4186,-0.000238863,4183.6,
11/03/2020 11:20,4192,0.001432323,4186,
11/03/2020 11:25,4188,-0.000954654,4187.2,
11/03/2020 11:30,4187,-0.000238806,4188,
11/03/2020 13:40,4183,-0.000955795,4187.2,
11/03/2020 13:45,4183,0,4186.6,
11/03/2020 13:50,4176,-0.001674842,4183.4,
11/03/2020 13:55,4176,0,4181,
11/03/2020 14:00,4182,0.00143575,4180,
11/03/2020 14:05,4181,-0.000239149,4179.6,
11/03/2020 14:10,4180,-0.000239206,4179,
11/03/2020 14:15,4179,-0.000239263,4179.6,
11/03/2020 14:20,4181,0.000478469,4180.6,
11/03/2020 14:25,4182,0.000239149,4180.6,
11/03/2020 14:30,4178,-0.000956938,4180,
11/03/2020 14:35,4180,0.000478583,4180,
11/03/2020 14:40,4177,-0.000717961,4179.6,
11/03/2020 14:45,4172,-0.001197748,4177.8,
11/03/2020 14:50,4177,0.001197748,4176.8,
11/03/2020 14:55,4179,0.000478698,4177,
11/03/2020 15:00,4180,0.000239263,4177,
12/03/2020 09:05,4147,-0.007926065,4171,
12/03/2020 09:10,4146,-0.000241167,4165.8,
12/03/2020 09:15,4154,0.001927711,4161.2,
12/03/2020 09:20,4157,0.000721935,4156.8,
12/03/2020 09:25,4155,-0.000481232,4151.8,
12/03/2020 09:30,4147,-0.001927247,4151.8,
12/03/2020 09:35,4154,0.001686544,4153.4,
12/03/2020 09:40,4152,-0.00048158,4153,
12/03/2020 09:45,4149,-0.000722805,4151.4,
12/03/2020 09:50,4141,-0.001930037,4148.6,
12/03/2020 09:55,4134,-0.001691843,4146,
12/03/2020 10:00,4132,-0.00048391,4141.6,
12/03/2020 10:05,4129,-0.000726304,4137,
12/03/2020 10:10,4124,-0.001211681,4132,
12/03/2020 10:15,4133,0.002179969,4130.4,
12/03/2020 10:30,4131,-0.000484027,4129.8,
12/03/2020 10:35,4138,0.001693071,4131,
12/03/2020 10:40,4151,0.00313669,4135.4,
12/03/2020 10:45,4152,0.000240877,4141,
12/03/2020 10:50,4152,0,4144.8,
12/03/2020 10:55,4149,-0.000722805,4148.4,
12/03/2020 11:00,4149,0,4150.6,
12/03/2020 11:05,4150,0.000240993,4150.4,
12/03/2020 11:10,4151,0.000240935,4150.2,
12/03/2020 11:15,4150,-0.000240935,4149.8,
12/03/2020 11:20,4157,0.001685326,4151.4,
12/03/2020 11:25,4159,0.000481,4153.4,
12/03/2020 11:30,4160,0.000240414,4155.4,
12/03/2020 13:35,4155,-0.001202646,4156.2,
12/03/2020 13:40,4153,-0.000481464,4156.8,
12/03/2020 13:45,4153,0,4156,
12/03/2020 13:50,4153,0,4154.8,
12/03/2020 13:55,4159,0.001443696,4154.6,
12/03/2020 14:00,4157,-0.000481,4155,
12/03/2020 14:05,4151,-0.001444391,4154.6,
12/03/2020 14:10,4153,0.000481696,4154.6,
12/03/2020 14:15,4154,0.000240761,4154.8,
12/03/2020 14:20,4155,0.000240703,4154,
12/03/2020 14:25,4149,-0.001445087,4152.4,
12/03/2020 14:30,4145,-0.000964553,4151.2,
12/03/2020 14:35,4151,0.00144648,4150.8,
12/03/2020 14:40,4150,-0.000240935,4150,
12/03/2020 14:45,4146,-0.00096432,4148.2,
12/03/2020 14:50,4146,0,4147.6,
12/03/2020 14:55,4144,-0.000482509,4147.4,
12/03/2020 15:00,4146,0.000482509,4146.4,
13/03/2020 09:05,4134,-0.002898553,4143.2,
13/03/2020 09:10,4134,0,4140.8,
13/03/2020 09:15,4119,-0.003635046,4135.4,
13/03/2020 09:20,4098,-0.005111366,4126.2,
13/03/2020 09:25,4114,0.003896741,4119.8,
13/03/2020 09:30,4106,-0.001946473,4114.2,
13/03/2020 09:35,4107,0.000243516,4108.8,
13/03/2020 09:40,4066,-0.01003312,4098.2,
13/03/2020 09:45,4073,0.001720113,4093.2,
13/03/2020 09:50,4085,0.0029419,4087.4,
13/03/2020 09:55,4076,-0.002205613,4081.4,
13/03/2020 10:00,4081,0.001225941,4076.2,
13/03/2020 10:05,4091,0.002447383,4081.2,
13/03/2020 10:10,4088,-0.000733586,4084.2,
13/03/2020 10:15,4114,0.006339938,4090,
13/03/2020 10:30,4114,0,4097.6,
13/03/2020 10:35,4116,0.000486027,4104.6,
13/03/2020 10:40,4115,-0.000242984,4109.4,
13/03/2020 10:45,4114,-0.000243043,4114.6,
13/03/2020 10:50,4117,0.000728952,4115.2,
13/03/2020 10:55,4118,0.000242866,4116,
13/03/2020 11:00,4139,0.005086604,4120.6,
13/03/2020 11:05,4130,-0.002176806,4123.6,
13/03/2020 11:10,4135,0.001209922,4127.8,
13/03/2020 11:15,4131,-0.00096782,4130.6,
13/03/2020 11:20,4137,0.001451379,4134.4,
13/03/2020 11:25,4129,-0.001935641,4132.4,
13/03/2020 11:30,4124,-0.001211681,4131.2,
13/03/2020 13:35,4164,0.009652585,4137,
13/03/2020 13:40,4157,-0.00168249,4142.2,
13/03/2020 13:45,4149,-0.001926319,4144.6,
13/03/2020 13:50,4148,-0.000241051,4148.4,
13/03/2020 13:55,4154,0.001445435,4154.4,
13/03/2020 14:00,4148,-0.001445435,4151.2,
13/03/2020 14:05,4145,-0.000723502,4148.8,
13/03/2020 14:10,4149,0.000964553,4148.8,
13/03/2020 14:15,4136,-0.003138204,4146.4,
13/03/2020 14:20,4132,-0.000967586,4142,
13/03/2020 14:25,4139,0.001692662,4140.2,
13/03/2020 14:30,4143,0.00096595,4139.8,
13/03/2020 14:35,4146,0.000723851,4139.2,
13/03/2020 14:40,4152,0.001446132,4142.4,
13/03/2020 14:45,4157,0.001203514,4147.4,
13/03/2020 14:50,4159,0.000481,4151.4,
13/03/2020 14:55,4160,0.000240414,4154.8,
13/03/2020 15:00,4164,0.000961076,4158.4,
16/03/2020 09:05,4155,-0.002163722,4159,
16/03/2020 09:10,4197,0.010057556,4167,
16/03/2020 09:15,4206,0.002142093,4176.4,
16/03/2020 09:20,4220,0.003323051,4188.4,
16/03/2020 09:25,4226,0.001420791,4200.8,
16/03/2020 09:30,4220,-0.001420791,4213.8,
16/03/2020 09:35,4227,0.001657394,4219.8,
16/03/2020 09:40,4238,0.002598938,4226.2,
16/03/2020 09:45,4232,-0.001416765,4228.6,
16/03/2020 09:50,4230,-0.000472701,4229.4,
16/03/2020 09:55,4234,0.00094518,4232.2,
16/03/2020 10:00,4237,0.000708299,4234.2,
16/03/2020 10:05,4237,0,4234,
16/03/2020 10:10,4233,-0.00094451,4234.2,
16/03/2020 10:15,4237,0.00094451,4235.6,
16/03/2020 10:35,4233,-0.00094451,4235.4,
16/03/2020 10:40,4242,0.002123895,4236.4,
16/03/2020 10:45,4240,-0.000471587,4237,
16/03/2020 10:50,4240,0,4238.4,
16/03/2020 10:55,4240,0,4239,
16/03/2020 11:00,4242,0.000471587,4240.8,
16/03/2020 11:05,4241,-0.000235766,4240.6,
16/03/2020 11:10,4242,0.000235766,4241,
16/03/2020 11:15,4230,-0.002832863,4239,
16/03/2020 11:20,4226,-0.000946074,4236.2,
16/03/2020 11:25,4221,-0.001183852,4232,
16/03/2020 11:30,4226,0.001183852,4229,
16/03/2020 13:35,4219,-0.001657786,4224.4,
16/03/2020 13:40,4226,0.001657786,4223.6,
16/03/2020 13:45,4224,-0.000473373,4223.2,
16/03/2020 13:50,4228,0.000946522,4224.6,
16/03/2020 13:55,4223,-0.001183292,4224,
16/03/2020 14:00,4224,0.00023677,4225,
16/03/2020 14:05,4225,0.000236714,4224.8,
16/03/2020 14:10,4212,-0.003081667,4222.4,
16/03/2020 14:15,4225,0.003081667,4221.8,
16/03/2020 14:20,4230,0.001182732,4223.2,
16/03/2020 14:25,4228,-0.000472925,4224,
16/03/2020 14:30,4226,-0.000473149,4224.2,
16/03/2020 14:35,4221,-0.001183852,4226,
16/03/2020 14:40,4223,0.000473709,4225.6,
16/03/2020 14:45,4221,-0.000473709,4223.8,
16/03/2020 14:50,4228,0.001657001,4223.8,
16/03/2020 14:55,4227,-0.000236546,4224,
16/03/2020 15:00,4228,0.000236546,4225.4,
17/03/2020 09:05,4223,-0.001183292,4225.4,
17/03/2020 09:10,4212,-0.002608182,4223.6,
17/03/2020 09:15,4215,0.000711997,4221,
17/03/2020 09:20,4220,0.001185537,4219.6,
17/03/2020 09:25,4220,0,4218,
17/03/2020 09:30,4224,0.000947418,4218.2,
17/03/2020 09:35,4218,-0.001421464,4219.4,
17/03/2020 09:40,4184,-0.008093355,4213.2,
17/03/2020 09:45,4198,0.003340495,4208.8,
17/03/2020 09:50,4198,0,4204.4,
17/03/2020 09:55,4197,-0.000238237,4199,
17/03/2020 10:00,4195,-0.000476644,4194.4,
17/03/2020 10:05,4201,0.001429252,4197.8,
17/03/2020 10:10,4202,0.00023801,4198.6,
17/03/2020 10:15,4201,-0.00023801,4199.2,
17/03/2020 10:30,4204,0.000713861,4200.6,
17/03/2020 10:35,4205,0.00023784,4202.6,
17/03/2020 10:40,4212,0.001663301,4204.8,
17/03/2020 10:45,4214,0.000474721,4207.2,
17/03/2020 10:50,4210,-0.000949668,4209,
17/03/2020 10:55,4214,0.000949668,4211,
17/03/2020 11:00,4209,-0.001187226,4211.8,
17/03/2020 11:05,4220,0.002610038,4213.4,
17/03/2020 11:10,4226,0.001420791,4215.8,
17/03/2020 11:15,4223,-0.000710143,4218.4,
17/03/2020 11:20,4229,0.001419783,4221.4,
17/03/2020 11:25,4240,0.002597711,4227.6,
17/03/2020 11:30,4250,0.002355714,4233.6,
17/03/2020 13:35,4254,0.000940734,4239.2,
17/03/2020 13:40,4253,-0.000235101,4245.2,
17/03/2020 13:45,4256,0.000705136,4250.6,
17/03/2020 13:50,4254,-0.000470035,4253.4,
17/03/2020 13:55,4243,-0.002589151,4252,
17/03/2020 14:00,4251,0.001883683,4251.4,
17/03/2020 14:05,4250,-0.000235266,4250.8,
17/03/2020 14:10,4253,0.000705633,4250.2,
17/03/2020 14:15,4250,-0.000705633,4249.4,
17/03/2020 14:20,4253,0.000705633,4251.4,
17/03/2020 14:25,4253,0,4251.8,
17/03/2020 14:30,4262,0.002113917,4254.2,
17/03/2020 14:35,4249,-0.003054873,4253.4,
17/03/2020 14:40,4253,0.000940955,4254,
17/03/2020 14:45,4257,0.000940071,4254.8,
17/03/2020 14:50,4255,-0.000469925,4255.2,
17/03/2020 14:55,4250,-0.001175779,4252.8,
17/03/2020 15:00,4253,0.000705633,4253.6,
18/03/2020 09:05,4248,-0.001176332,4252.6,
18/03/2020 09:10,4276,0.006569709,4256.4,
18/03/2020 09:15,4294,0.004200706,4264.2,
18/03/2020 09:20,4289,-0.001165094,4272,
18/03/2020 09:25,4292,0.000699219,4279.8,
18/03/2020 09:30,4290,-0.000466092,4288.2,
18/03/2020 09:35,4288,-0.000466309,4290.6,
18/03/2020 09:40,4285,-0.000699872,4288.8,
18/03/2020 09:45,4289,0.000933053,4288.8,
18/03/2020 09:50,4285,-0.000933053,4287.4,
18/03/2020 09:55,4280,-0.001167542,4285.4,
18/03/2020 10:00,4282,0.000467181,4284.2,
18/03/2020 10:05,4292,0.002332635,4285.6,
18/03/2020 10:10,4289,-0.000699219,4285.6,
18/03/2020 10:15,4286,-0.000699708,4285.8,
18/03/2020 10:35,4295,0.002097658,4288.8,
18/03/2020 10:40,4287,-0.001864368,4289.8,
18/03/2020 10:45,4289,0.000466418,4289.2,
18/03/2020 10:50,4296,0.001630752,4290.6,
18/03/2020 10:55,4292,-0.000931532,4291.8,
18/03/2020 11:00,4294,0.000465875,4291.6,
18/03/2020 11:05,4295,0.000232856,4293.2,
18/03/2020 11:10,4297,0.000465549,4294.8,
18/03/2020 11:15,4303,0.001395349,4296.2,
18/03/2020 11:20,4297,-0.001395349,4297.2,
18/03/2020 11:25,4294,-0.000698405,4297.2,
18/03/2020 11:30,4302,0.001861331,4298.6,
18/03/2020 13:35,4300,-0.000465008,4299.2,
18/03/2020 13:40,4306,0.001394376,4299.8,
18/03/2020 13:45,4312,0.001392435,4302.8,
18/03/2020 13:50,4307,-0.001160228,4305.4,
18/03/2020 13:55,4288,-0.004421182,4302.6,
18/03/2020 14:00,4298,0.002329374,4302.2,
18/03/2020 14:05,4303,0.001162656,4301.6,
18/03/2020 14:10,4302,-0.000232423,4299.6,
18/03/2020 14:15,4285,-0.003959479,4295.2,
18/03/2020 14:20,4299,0.003261885,4297.4,
18/03/2020 14:25,4296,-0.00069808,4297,
18/03/2020 14:30,4296,0,4295.6,
18/03/2020 14:35,4301,0.001163197,4295.4,
18/03/2020 14:40,4291,-0.002327748,4296.6,
18/03/2020 14:45,4297,0.001397299,4296.2,
18/03/2020 14:50,4304,0.001627718,4297.8,
18/03/2020 14:55,4304,0,4299.4,
18/03/2020 15:00,4315,0.002552502,4302.2,
19/03/2020 09:05,4345,0.006928434,4313,
19/03/2020 09:10,4345,0,4322.6,
19/03/2020 09:15,4328,-0.003920217,4327.4,
19/03/2020 09:20,4335,0.001616069,4333.6,
19/03/2020 09:25,4345,0.002304148,4339.6,
19/03/2020 09:30,4338,-0.001612346,4338.2,
19/03/2020 09:35,4350,0.002762433,4339.2,
19/03/2020 09:40,4365,0.003442344,4346.6,
19/03/2020 09:45,4359,-0.001375516,4351.4,
19/03/2020 09:50,4362,0.000687995,4354.8,
19/03/2020 09:55,4361,-0.000229279,4359.4,
19/03/2020 10:00,4352,-0.002065879,4359.8,
19/03/2020 10:05,4347,-0.001149558,4356.2,
19/03/2020 10:10,4344,-0.000690369,4353.2,
19/03/2020 10:15,4284,-0.01390843,4337.6,
19/03/2020 10:35,4296,0.002797205,4324.6,
19/03/2020 10:40,4299,0.00069808,4314,
19/03/2020 10:45,4306,0.001626961,4305.8,
19/03/2020 10:50,4311,0.001160497,4299.2,
19/03/2020 10:55,4310,-0.000231992,4304.4,
19/03/2020 11:00,4303,-0.00162545,4305.8,
19/03/2020 11:05,4297,-0.001395349,4305.4,
19/03/2020 11:10,4308,0.002556655,4305.8,
19/03/2020 11:15,4298,-0.002323961,4303.2,
19/03/2020 11:20,4305,0.00162734,4302.2,
19/03/2020 11:25,4300,-0.001162115,4301.6,
19/03/2020 11:30,4306,0.001394376,4303.4,
19/03/2020 13:40,4305,-0.000232261,4302.8,
19/03/2020 13:45,4305,0,4304.2,
19/03/2020 13:50,4320,0.003478264,4307.2,
19/03/2020 13:55,4313,-0.001621685,4309.8,
19/03/2020 14:00,4315,0.000463607,4311.6,
19/03/2020 14:05,4315,0,4313.6,
19/03/2020 14:10,4317,0.000463392,4316,
19/03/2020 14:15,4319,0.000463177,4315.8,
19/03/2020 14:20,4340,0.004850454,4321.2,
19/03/2020 14:25,4325,-0.003462208,4323.2,
19/03/2020 14:30,4334,0.002078763,4327,
19/03/2020 14:35,4337,0.000691962,4331,
19/03/2020 14:40,4333,-0.000922722,4333.8,
19/03/2020 14:45,4345,0.002765616,4334.8,
19/03/2020 14:50,4341,-0.000921022,4338,
19/03/2020 14:55,4351,0.002300967,4341.4,
19/03/2020 15:00,4360,0.002066354,4346,
20/03/2020 09:05,4366,0.001375201,4352.6,
20/03/2020 09:10,4351,-0.003441554,4353.8,
20/03/2020 09:15,4353,0.000459559,4356.2,
20/03/2020 09:20,4339,-0.003221356,4353.8,
20/03/2020 09:25,4346,0.001611975,4351,
20/03/2020 09:30,4347,0.00023007,4347.2,
20/03/2020 09:35,4335,-0.002764342,4344,
20/03/2020 09:40,4332,-0.000692281,4339.8,
20/03/2020 09:45,4328,-0.000923788,4337.6,
20/03/2020 09:50,4333,0.001154601,4335,
20/03/2020 09:55,4332,-0.000230814,4332,
20/03/2020 10:00,4340,0.001845019,4333,
20/03/2020 10:05,4328,-0.002768807,4332.2,
20/03/2020 10:10,4319,-0.002081648,4330.4,
20/03/2020 10:15,4324,0.001157006,4328.6,
20/03/2020 10:30,4324,0,4327,
20/03/2020 10:35,4332,0.001848429,4325.4,
20/03/2020 10:40,4329,-0.000692761,4325.6,
20/03/2020 10:45,4317,-0.002775852,4325.2,
20/03/2020 10:50,4316,-0.000231669,4323.6,
20/03/2020 10:55,4318,0.000463285,4322.4,
20/03/2020 11:00,4316,-0.000463285,4319.2,
20/03/2020 11:05,4311,-0.001159152,4315.6,
20/03/2020 11:10,4304,-0.001625073,4313,
20/03/2020 11:15,4305,0.000232315,4310.8,
20/03/2020 11:20,4292,-0.003024313,4305.6,
20/03/2020 11:25,4304,0.002791998,4303.2,
20/03/2020 11:30,4299,-0.001162385,4300.8,
20/03/2020 13:35,4319,0.004641456,4303.8,
20/03/2020 13:40,4309,-0.002318035,4304.6,
20/03/2020 13:45,4311,0.000464037,4308.4,
20/03/2020 13:50,4328,0.003935646,4313.2,
20/03/2020 13:55,4324,-0.000924642,4318.2,
20/03/2020 14:00,4331,0.001617562,4320.6,
20/03/2020 14:05,4327,-0.000924001,4324.2,
20/03/2020 14:10,4328,0.00023108,4327.6,
20/03/2020 14:15,4318,-0.002313209,4325.6,
20/03/2020 14:20,4308,-0.002318573,4322.4,
20/03/2020 14:25,4309,0.000232099,4318,
20/03/2020 14:30,4308,-0.000232099,4314.2,
20/03/2020 14:35,4295,-0.003022204,4307.6,
20/03/2020 14:40,4303,0.001860898,4304.6,
20/03/2020 14:45,4293,-0.002326665,4301.6,
20/03/2020 14:50,4308,0.00348797,4301.4,
20/03/2020 14:55,4300,-0.001858737,4299.8,
20/03/2020 15:00,4297,-0.000697918,4300.2,
23/03/2020 09:05,4317,0.004643612,4303,
23/03/2020 09:10,4346,0.006695165,4313.6,
23/03/2020 09:15,4347,0.00023007,4321.4,
23/03/2020 09:20,4343,-0.000920598,4330,
23/03/2020 09:25,4339,-0.000921447,4338.4,
23/03/2020 09:30,4343,0.000921447,4343.6,
23/03/2020 09:35,4345,0.000460405,4343.4,
23/03/2020 09:40,4350,0.001150086,4344,
23/03/2020 09:45,4320,-0.006920443,4339.4,
23/03/2020 09:50,4319,-0.000231508,4335.4,
23/03/2020 09:55,4308,-0.002550135,4328.4,
23/03/2020 10:00,4313,0.001159958,4322,
23/03/2020 10:05,4302,-0.002553687,4312.4,
23/03/2020 10:10,4306,0.000929368,4309.6,
23/03/2020 10:15,4309,0.00069646,4307.6,
23/03/2020 10:20,4309,0,4307.8,
23/03/2020 10:35,4318,0.002086473,4308.8,
23/03/2020 10:40,4313,-0.001158614,4311,
23/03/2020 10:45,4314,0.00023183,4312.6,
23/03/2020 10:50,4329,0.00347102,4316.6,
23/03/2020 10:55,4324,-0.001155669,4319.6,
23/03/2020 11:00,4334,0.002310003,4322.8,
23/03/2020 11:05,4341,0.001613833,4328.4,
23/03/2020 11:10,4340,-0.000230388,4333.6,
23/03/2020 11:15,4323,-0.003924742,4332.4,
23/03/2020 11:20,4319,-0.000925712,4331.4,
23/03/2020 11:25,4315,-0.000926569,4327.6,
23/03/2020 11:30,4329,0.003239244,4325.2,
23/03/2020 13:35,4337,0.001846296,4324.6,
23/03/2020 13:40,4331,-0.001384403,4326.2,
23/03/2020 13:45,4325,-0.001386322,4327.4,
23/03/2020 13:50,4335,0.00230947,4331.4,
23/03/2020 13:55,4331,-0.000923148,4331.8,
23/03/2020 14:00,4335,0.000923148,4331.4,
23/03/2020 14:05,4330,-0.001154068,4331.2,
23/03/2020 14:10,4332,0.000461787,4332.6,
23/03/2020 14:15,4343,0.002536024,4334.2,
23/03/2020 14:20,4339,-0.000921447,4335.8,
23/03/2020 14:25,4340,0.000230441,4336.8,
23/03/2020 14:30,4342,0.000460723,4339.2,
23/03/2020 14:35,4337,-0.001152207,4340.2,
23/03/2020 14:40,4335,-0.000461255,4338.6,
23/03/2020 14:45,4329,-0.001385042,4336.6,
23/03/2020 14:50,4330,0.000230974,4334.6,
23/03/2020 14:55,4315,-0.003470217,4329.2,
23/03/2020 15:00,4318,0.000695008,4325.4,
25/03/2020 09:05,4391,0.016764659,4336.6,
25/03/2020 09:10,4434,0.00974512,4357.6,
25/03/2020 09:15,4427,-0.001579957,4377,
25/03/2020 09:20,4432,0.001128796,4400.4,
25/03/2020 09:25,4439,0.001578176,4424.6,
25/03/2020 09:30,4440,0.000225251,4434.4,
25/03/2020 09:35,4435,-0.001126761,4434.6,
25/03/2020 09:40,4435,0,4436.2,
25/03/2020 09:45,4441,0.001351961,4438,
25/03/2020 09:50,4438,-0.000675752,4437.8,
25/03/2020 09:55,4439,0.000225301,4437.6,
25/03/2020 10:00,4436,-0.000676056,4437.8,
25/03/2020 10:05,4445,0.002026799,4439.8,
25/03/2020 10:10,4442,-0.000675143,4440,
25/03/2020 10:15,4454,0.002697843,4443.2,
25/03/2020 10:35,4455,0.000224492,4446.4,
25/03/2020 10:40,4445,-0.002247192,4448.2,
25/03/2020 10:45,4444,-0.000224997,4448,
25/03/2020 10:50,4439,-0.001125746,4447.4,
25/03/2020 10:55,4445,0.001350743,4445.6,
25/03/2020 11:00,4446,0.000224947,4443.8,
25/03/2020 11:05,4448,0.000449741,4444.4,
25/03/2020 11:10,4446,-0.000449741,4444.8,
25/03/2020 11:15,4448,0.000449741,4446.6,
25/03/2020 11:20,4442,-0.001349831,4446,
25/03/2020 11:25,4456,0.003146777,4448,
25/03/2020 11:30,4449,-0.001572151,4448.2,
25/03/2020 13:35,4441,-0.001799776,4447.2,
25/03/2020 13:40,4449,0.001799776,4447.4,
25/03/2020 13:45,4446,-0.000674536,4448.2,
25/03/2020 13:50,4451,0.001123974,4447.2,
25/03/2020 13:55,4450,-0.000224694,4447.4,
25/03/2020 14:00,4450,0,4449.2,
25/03/2020 14:05,4450,0,4449.4,
25/03/2020 14:10,4455,0.001122965,4451.2,
25/03/2020 14:15,4451,-0.000898271,4451.2,
25/03/2020 14:20,4462,0.002468306,4453.6,
25/03/2020 14:25,4460,-0.00044833,4455.6,
25/03/2020 14:30,4465,0.001120448,4458.6,
25/03/2020 14:35,4467,0.000447828,4461,
25/03/2020 14:40,4472,0.001118693,4465.2,
25/03/2020 14:45,4470,-0.000447327,4466.8,
25/03/2020 14:50,4481,0.002457827,4471,
25/03/2020 14:55,4486,0.0011152,4475.2,
25/03/2020 15:00,4501,0.003338158,4482,
26/03/2020 09:05,4498,-0.000666741,4487.2,
26/03/2020 09:10,4488,-0.002225685,4490.8,
26/03/2020 09:15,4525,0.008210409,4499.6,
26/03/2020 09:20,4534,0.001986975,4509.2,
26/03/2020 09:25,4539,0.001102171,4516.8,
26/03/2020 09:30,4544,0.001100958,4526,
26/03/2020 09:35,4544,0,4537.2,
26/03/2020 09:40,4541,-0.000660429,4540.4,
26/03/2020 09:45,4545,0.000880476,4542.6,
26/03/2020 09:50,4558,0.002856203,4546.4,
26/03/2020 09:55,4570,0.002629274,4551.6,
26/03/2020 10:00,4604,0.007412286,4563.6,
26/03/2020 10:05,4599,-0.001086602,4575.2,
26/03/2020 10:10,4589,-0.002176753,4584,
26/03/2020 10:15,4596,0.001524225,4591.6,
26/03/2020 10:30,4596,0,4596.8,
26/03/2020 10:35,4598,0.000435066,4595.6,
26/03/2020 10:40,4594,-0.000870322,4594.6,
26/03/2020 10:45,4599,0.001087784,4596.6,
26/03/2020 10:50,4598,-0.000217462,4597,
26/03/2020 10:55,4595,-0.000652671,4596.8,
26/03/2020 11:00,4592,-0.000653097,4595.6,
26/03/2020 11:05,4598,0.001305767,4596.4,
26/03/2020 11:10,4594,-0.000870322,4595.4,
26/03/2020 11:15,4591,-0.000653239,4594,
26/03/2020 11:20,4575,-0.003491167,4590,
26/03/2020 11:25,4585,0.002183407,4588.6,
26/03/2020 11:30,4574,-0.00240201,4583.8,
26/03/2020 13:35,4584,0.002183884,4581.8,
26/03/2020 13:40,4580,-0.000872981,4579.6,
26/03/2020 13:45,4586,0.001309186,4581.8,
26/03/2020 13:50,4582,-0.0008726,4581.2,
26/03/2020 13:55,4582,0,4582.8,
26/03/2020 14:00,4592,0.002180075,4584.4,
26/03/2020 14:05,4597,0.001088258,4587.8,
26/03/2020 14:10,4598,0.00021751,4590.2,
26/03/2020 14:15,4597,-0.00021751,4593.2,
26/03/2020 14:20,4604,0.001521574,4597.6,
26/03/2020 14:25,4598,-0.001304065,4598.8,
26/03/2020 14:30,4600,0.000434877,4599.4,
26/03/2020 14:35,4618,0.003905407,4603.4,
26/03/2020 14:40,4625,0.00151466,4609,
26/03/2020 14:45,4612,-0.002814769,4610.6,
26/03/2020 14:50,4611,-0.000216849,4613.2,
26/03/2020 14:55,4613,0.000433651,4615.8,
26/03/2020 15:00,4621,0.001732727,4616.4,
27/03/2020 09:05,4689,0.014608208,4629.2,
27/03/2020 09:10,4687,-0.000426621,4644.2,
27/03/2020 09:15,4713,0.005531929,4664.6,
27/03/2020 09:20,4710,-0.00063674,4684,
27/03/2020 09:25,4711,0.000212292,4702,
27/03/2020 09:30,4717,0.001272805,4707.6,
27/03/2020 09:35,4710,-0.001485096,4712.2,
27/03/2020 09:40,4712,0.000424538,4712,
27/03/2020 09:45,4713,0.000212202,4712.6,
27/03/2020 09:50,4719,0.001272265,4714.2,
27/03/2020 09:55,4717,-0.000423908,4714.2,
27/03/2020 10:00,4711,-0.001272805,4714.4,
27/03/2020 10:05,4718,0.001484781,4715.6,
27/03/2020 10:10,4721,0.000635661,4717.2,
27/03/2020 10:15,4714,-0.001483837,4716.2,
27/03/2020 10:30,4715,0.000212112,4715.8,
27/03/2020 10:35,4708,-0.001485727,4715.2,
27/03/2020 10:40,4696,-0.002552107,4710.8,
27/03/2020 10:45,4705,0.001914691,4707.6,
27/03/2020 10:50,4721,0.003394869,4709,
27/03/2020 10:55,4744,0.00486002,4714.8,
27/03/2020 11:00,4738,-0.001265556,4720.8,
27/03/2020 11:05,4735,-0.000633379,4728.6,
27/03/2020 11:10,4730,-0.001056524,4733.6,
27/03/2020 11:15,4741,0.002322881,4737.6,
27/03/2020 11:20,4734,-0.001477573,4735.6,
27/03/2020 11:25,4777,0.009042223,4743.4,
27/03/2020 11:30,4766,-0.002305356,4749.6,
27/03/2020 13:35,4773,0.001467659,4758.2,
27/03/2020 13:40,4784,0.002301979,4766.8,
27/03/2020 13:45,4776,-0.001673641,4775.2,
27/03/2020 13:50,4779,0.000627944,4775.6,
27/03/2020 13:55,4724,-0.011575421,4767.2,
27/03/2020 14:00,4691,-0.007010119,4750.8,
27/03/2020 14:05,4677,-0.002988901,4729.4,
27/03/2020 14:10,4668,-0.001926164,4707.8,
27/03/2020 14:15,4669,0.000214202,4685.8,
27/03/2020 14:20,4686,0.003634424,4678.2,
27/03/2020 14:25,4703,0.003621263,4680.6,
27/03/2020 14:30,4721,0.003820039,4689.4,
27/03/2020 14:35,4718,-0.000635661,4699.4,
27/03/2020 14:40,4645,-0.015593609,4694.6,
27/03/2020 14:45,4653,0.001720801,4688,
27/03/2020 14:50,4660,0.001503275,4679.4,
27/03/2020 14:55,4689,0.006203892,4673,
27/03/2020 15:00,4696,0.001491742,4668.6,
30/03/2020 09:05,4810,0.023986002,4701.6,
30/03/2020 09:10,4789,-0.004375463,4728.8,
30/03/2020 09:15,4810,0.004375463,4758.8,
30/03/2020 09:20,4794,-0.003331948,4779.8,
30/03/2020 09:25,4805,0.002291906,4801.6,
30/03/2020 09:30,4837,0.006637651,4807,
30/03/2020 09:35,4839,0.000413394,4817,
30/03/2020 09:40,4842,0.000619771,4823.4,
30/03/2020 09:45,4832,-0.002067398,4831,
30/03/2020 09:50,4833,0.000206932,4836.6,
30/03/2020 09:55,4828,-0.00103509,4834.8,
30/03/2020 10:00,4808,-0.004151106,4828.6,
30/03/2020 10:05,4820,0.002492731,4824.2,
30/03/2020 10:10,4812,-0.00166113,4820.2,
30/03/2020 10:15,4827,0.003112359,4819,
30/03/2020 10:35,4825,-0.000414422,4818.4,
30/03/2020 10:40,4835,0.002070394,4823.8,
30/03/2020 10:45,4869,0.007007448,4833.6,
30/03/2020 10:55,4865,-0.000821862,4844.2,
30/03/2020 11:00,4867,0.000411015,4852.2,
30/03/2020 11:05,4858,-0.0018509,4858.8,
30/03/2020 11:10,4859,0.000205825,4863.6,
30/03/2020 11:15,4863,0.000822876,4862.4,
30/03/2020 11:20,4858,-0.001028701,4861,
30/03/2020 11:25,4864,0.001234314,4860.4,
30/03/2020 11:30,4864,0,4861.6,
30/03/2020 13:35,4853,-0.002264074,4860.4,
30/03/2020 13:40,4858,0.00102976,4859.4,
30/03/2020 13:45,4867,0.0018509,4861.2,
30/03/2020 13:50,4868,0.000205444,4862,
30/03/2020 13:55,4833,-0.007215782,4855.8,
30/03/2020 14:00,4845,0.002479852,4854.2,
30/03/2020 14:05,4832,-0.002686785,4849,
30/03/2020 14:10,4858,0.00536637,4847.2,
30/03/2020 14:15,4856,-0.000411777,4844.8,
30/03/2020 14:20,4846,-0.002061431,4847.4,
30/03/2020 14:25,4849,0.000618876,4848.2,
30/03/2020 14:30,4844,-0.001031672,4850.6,
30/03/2020 14:35,4843,-0.000206462,4847.6,
30/03/2020 14:40,4851,0.001650506,4846.6,
30/03/2020 14:45,4854,0.000618238,4848.2,
30/03/2020 14:50,4875,0.004316997,4853.4,
30/03/2020 14:55,4898,0.004706854,4864.2,
30/03/2020 15:00,4915,0.003464795,4878.6,
31/03/2020 09:05,4890,-0.00509945,4886.4,
31/03/2020 09:10,4888,-0.000409082,4893.2,
31/03/2020 09:15,4886,-0.000409249,4895.4,
31/03/2020 09:20,4894,0.001635992,4894.6,
31/03/2020 09:25,4882,-0.002454993,4888,
31/03/2020 09:30,4877,-0.001024695,4885.4,
31/03/2020 09:35,4852,-0.005139286,4878.2,
31/03/2020 09:40,4850,-0.000412286,4871,
31/03/2020 09:45,4859,0.00185395,4864,
31/03/2020 09:50,4858,-0.000205825,4859.2,
31/03/2020 09:55,4859,0.000205825,4855.6,
31/03/2020 10:00,4863,0.000822876,4857.8,
31/03/2020 10:05,4871,0.001643723,4862,
31/03/2020 10:10,4870,-0.000205318,4864.2,
31/03/2020 10:15,4857,-0.002672974,4864,
31/03/2020 10:30,4858,0.000205867,4863.8,
31/03/2020 10:35,4850,-0.001648126,4861.2,
31/03/2020 10:40,4845,-0.00103146,4856,
31/03/2020 10:45,4854,0.001855862,4852.8,
31/03/2020 10:50,4863,0.001852424,4854,
31/03/2020 10:55,4861,-0.000411353,4854.6,
31/03/2020 11:00,4858,-0.000617347,4856.2,
31/03/2020 11:05,4870,0.002467107,4861.2,
31/03/2020 11:10,4869,-0.00020536,4864.2,
31/03/2020 11:15,4886,0.003485396,4868.8,
31/03/2020 11:20,4879,-0.001433692,4872.4,
31/03/2020 11:25,4884,0.001024275,4877.6,
31/03/2020 11:30,4884,0,4880.4,
31/03/2020 13:35,4878,-0.001229256,4882.2,
31/03/2020 13:40,4864,-0.002874155,4877.8,
31/03/2020 13:45,4875,0.00225896,4877,
31/03/2020 13:50,4892,0.003481113,4878.6,
31/03/2020 13:55,4881,-0.002251101,4878,
31/03/2020 14:00,4880,-0.000204897,4878.4,
31/03/2020 14:05,4881,0.000204897,4881.8,
31/03/2020 14:10,4872,-0.001845586,4881.2,
31/03/2020 14:15,4873,0.000205233,4877.4,
31/03/2020 14:20,4868,-0.001026589,4874.8,
31/03/2020 14:25,4853,-0.003086105,4869.4,
31/03/2020 14:30,4852,-0.000206079,4863.6,
31/03/2020 14:35,4859,0.001441664,4861,
31/03/2020 14:40,4865,0.00123406,4859.4,
31/03/2020 14:45,4861,-0.000822538,4858,
31/03/2020 14:50,4862,0.000205698,4859.8,
31/03/2020 14:55,4872,0.002054655,4863.8,
31/03/2020 15:00,4866,-0.001232286,4865.2,
01/04/2020 09:05,4858,-0.001645414,4863.8,
01/04/2020 09:10,4851,-0.001441961,4861.8,
01/04/2020 09:15,4866,0.003087375,4862.6,
01/04/2020 09:20,4826,-0.008254277,4853.4,
01/04/2020 09:25,4835,0.001863162,4847.2,
01/04/2020 09:30,4830,-0.001034661,4841.6,
01/04/2020 09:35,4840,0.002068253,4839.4,
01/04/2020 09:40,4831,-0.001861235,4832.4,
01/04/2020 09:45,4833,0.000413907,4833.8,
01/04/2020 09:50,4836,0.00062054,4834,
01/04/2020 09:55,4837,0.000206761,4835.4,
01/04/2020 10:00,4838,0.000206718,4835,
01/04/2020 10:05,4813,-0.005180822,4831.4,
01/04/2020 10:10,4816,0.000623118,4828,
01/04/2020 10:15,4824,0.001659751,4825.6,
01/04/2020 10:35,4808,-0.003322262,4819.8,
01/04/2020 10:40,4759,-0.010243635,4804,
01/04/2020 10:45,4749,-0.002103493,4791.2,
01/04/2020 10:50,4762,0.002733678,4780.4,
01/04/2020 10:55,4759,-0.000630186,4767.4,
01/04/2020 11:00,4779,0.004193757,4761.6,
01/04/2020 11:05,4791,0.002507838,4768,
01/04/2020 11:10,4787,-0.000835247,4775.6,
01/04/2020 11:15,4781,-0.001254181,4779.4,
01/04/2020 11:20,4789,0.001671892,4785.4,
01/04/2020 11:25,4781,-0.001671892,4785.8,
01/04/2020 11:30,4786,0.00104526,4784.8,
01/04/2020 13:35,4774,-0.002510462,4782.2,
01/04/2020 13:40,4784,0.002092489,4782.8,
01/04/2020 13:45,4793,0.001879504,4783.6,
01/04/2020 13:50,4816,0.004787188,4790.6,
01/04/2020 13:55,4813,-0.000623118,4796,
01/04/2020 14:00,4816,0.000623118,4804.4,
01/04/2020 14:05,4814,-0.000415369,4810.4,
01/04/2020 14:10,4795,-0.003954631,4810.8,
01/04/2020 14:15,4806,0.002291429,4808.8,
01/04/2020 14:20,4773,-0.006890099,4800.8,
01/04/2020 14:25,4780,0.001465508,4793.6,
01/04/2020 14:30,4782,0.000418323,4787.2,
01/04/2020 14:35,4779,-0.000627549,4784,
01/04/2020 14:40,4778,-0.000209271,4778.4,
01/04/2020 14:45,4775,-0.000628075,4778.8,
01/04/2020 14:50,4785,0.002092051,4779.8,
01/04/2020 14:55,4802,0.003546473,4783.8,
01/04/2020 15:00,4811,0.001872465,4790.2,
02/04/2020 09:05,4780,-0.006464416,4790.6,
02/04/2020 09:10,4803,0.004800176,4796.2,
02/04/2020 09:15,4803,0,4799.8,
02/04/2020 09:20,4791,-0.002501565,4797.6,
02/04/2020 09:25,4782,-0.001880289,4791.8,
02/04/2020 09:30,4781,-0.000209139,4792,
02/04/2020 09:35,4785,0.000836295,4788.4,
02/04/2020 09:40,4785,0,4784.8,
02/04/2020 09:45,4769,-0.003349386,4780.4,
02/04/2020 09:50,4781,0.00251309,4780.2,
02/04/2020 09:55,4776,-0.001046354,4779.2,
02/04/2020 10:00,4785,0.001882649,4779.2,
02/04/2020 10:05,4811,0.005418938,4784.4,
02/04/2020 10:10,4805,-0.00124792,4791.6,
02/04/2020 10:15,4806,0.000208095,4796.6,
02/04/2020 10:20,4806,0,4802.6,
02/04/2020 10:35,4848,0.008701111,4815.2,
02/04/2020 10:40,4873,0.005143515,4827.6,
02/04/2020 10:45,4869,-0.000821187,4840.4,
02/04/2020 10:50,4868,-0.000205402,4852.8,
02/04/2020 10:55,4857,-0.002262212,4863,
02/04/2020 11:00,4863,0.001234568,4866,
02/04/2020 11:05,4869,0.001233046,4865.2,
02/04/2020 11:10,4861,-0.001644399,4863.6,
02/04/2020 11:15,4868,0.001438997,4863.6,
02/04/2020 11:20,4880,0.002462045,4868.2,
02/04/2020 11:25,4899,0.003885883,4875.4,
02/04/2020 11:30,4883,-0.003271318,4878.2,
02/04/2020 13:35,4866,-0.003487541,4879.2,
02/04/2020 13:40,4860,-0.001233806,4877.6,
02/04/2020 13:45,4872,0.002466092,4876,
02/04/2020 13:50,4868,-0.000821355,4869.8,
02/04/2020 13:55,4871,0.00061608,4867.4,
02/04/2020 14:00,4880,0.001845965,4870.2,
02/04/2020 14:05,4879,-0.000204939,4874,
02/04/2020 14:10,4883,0.000819504,4876.2,
02/04/2020 14:15,4870,-0.002665848,4876.6,
02/04/2020 14:20,4857,-0.002672974,4873.8,
02/04/2020 14:25,4837,-0.00412627,4865.2,
02/04/2020 14:30,4827,-0.002069537,4854.8,
02/04/2020 14:35,4846,0.003928466,4847.4,
02/04/2020 14:40,4833,-0.00268623,4840,
02/04/2020 14:45,4829,-0.000827986,4834.4,
02/04/2020 14:50,4820,-0.001865479,4831,
02/04/2020 14:55,4832,0.002486533,4832,
02/04/2020 15:00,4857,0.005160503,4834.2,
03/04/2020 09:05,4835,-0.004539834,4834.6,
03/04/2020 09:10,4850,0.003097576,4838.8,
03/04/2020 09:15,4837,-0.002684011,4842.2,
03/04/2020 09:20,4834,-0.000620412,4842.6,
03/04/2020 09:25,4829,-0.001034875,4837,
03/04/2020 09:30,4865,0.007427309,4843,
03/04/2020 09:35,4873,0.001643048,4847.6,
03/04/2020 09:40,4837,-0.00741507,4847.6,
03/04/2020 09:45,4821,-0.003313318,4845,
03/04/2020 09:50,4823,0.000414766,4843.8,
03/04/2020 09:55,4794,-0.006031005,4829.6,
03/04/2020 10:00,4810,0.003331948,4817,
03/04/2020 10:05,4803,-0.001456361,4810.2,
03/04/2020 10:10,4802,-0.000208225,4806.4,
03/04/2020 10:15,4799,-0.000624935,4801.6,
03/04/2020 10:35,4810,0.002289521,4804.8,
03/04/2020 10:40,4807,-0.000623895,4804.2,
03/04/2020 10:45,4823,0.003322952,4808.2,
03/04/2020 10:50,4814,-0.001867802,4810.6,
03/04/2020 10:55,4813,-0.000207749,4813.4,
03/04/2020 11:00,4815,0.000415455,4814.4,
03/04/2020 11:05,4817,0.000415282,4816.4,
03/04/2020 11:10,4819,0.00041511,4815.6,
03/04/2020 11:15,4815,-0.000830392,4815.8,
03/04/2020 11:20,4814,-0.000207706,4816,
03/04/2020 11:25,4803,-0.002287617,4813.6,
03/04/2020 11:30,4823,0.004155418,4814.8,
03/04/2020 13:35,4828,0.001036162,4816.6,
03/04/2020 13:40,4820,-0.001658375,4817.6,
03/04/2020 13:45,4823,0.000622213,4819.4,
03/04/2020 13:50,4838,0.003105271,4826.4,
03/04/2020 13:55,4835,-0.000620283,4828.8,
03/04/2020 14:00,4828,-0.001448826,4828.8,
03/04/2020 14:05,4802,-0.005399805,4825.2,
03/04/2020 14:10,4798,-0.000833333,4820.2,
03/04/2020 14:15,4814,0.003329175,4815.4,
03/04/2020 14:20,4817,0.000622988,4811.8,
03/04/2020 14:25,4825,0.001659407,4811.2,
03/04/2020 14:30,4822,-0.000621955,4815.2,
03/04/2020 14:35,4827,0.001036377,4821,
03/04/2020 14:40,4820,-0.001451229,4822.2,
03/04/2020 14:45,4825,0.001036807,4823.8,
03/04/2020 14:50,4825,0,4823.8,
03/04/2020 14:55,4841,0.003310576,4827.6,
03/04/2020 15:00,4848,0.001444938,4831.8,
07/04/2020 09:05,4874,0.005348706,4842.6,
07/04/2020 09:10,4842,-0.006587097,4846,
07/04/2020 09:15,4845,0.000619387,4850,
07/04/2020 09:20,4819,-0.005380808,4845.6,
07/04/2020 09:25,4819,0,4839.8,
07/04/2020 09:30,4809,-0.002077275,4826.8,
07/04/2020 09:35,4785,-0.005003137,4815.4,
07/04/2020 09:40,4795,0.002087683,4805.4,
07/04/2020 09:45,4791,-0.00083455,4799.8,
07/04/2020 09:50,4804,0.002709746,4796.8,
07/04/2020 09:55,4795,-0.001875196,4794,
07/04/2020 10:00,4771,-0.005017782,4791.2,
07/04/2020 10:05,4788,0.003556861,4789.8,
07/04/2020 10:10,4791,0.00062637,4789.8,
07/04/2020 10:15,4797,0.001251565,4788.4,
07/04/2020 10:20,4798,0.000208442,4789,
07/04/2020 10:35,4802,0.000833333,4795.2,
07/04/2020 10:40,4804,0.000416406,4798.4,
07/04/2020 10:45,4805,0.000208138,4801.2,
07/04/2020 10:50,4795,-0.002083334,4800.8,
07/04/2020 10:55,4794,-0.000208572,4800,
07/04/2020 11:00,4795,0.000208572,4798.6,
07/04/2020 11:05,4795,0,4796.8,
07/04/2020 11:10,4792,-0.000625848,4794.2,
07/04/2020 11:15,4791,-0.000208703,4793.4,
07/04/2020 11:20,4789,-0.000417537,4792.4,
07/04/2020 11:25,4786,-0.000626632,4790.6,
07/04/2020 11:30,4794,0.001670147,4790.4,
07/04/2020 13:35,4795,0.000208572,4791,
07/04/2020 13:40,4797,0.000417014,4792.2,
07/04/2020 13:45,4801,0.000833507,4794.6,
07/04/2020 13:50,4792,-0.001876369,4795.8,
07/04/2020 13:55,4793,0.000208659,4795.6,
07/04/2020 14:00,4799,0.001251043,4796.4,
07/04/2020 14:05,4792,-0.001459702,4795.4,
07/04/2020 14:10,4797,0.001042862,4794.6,
07/04/2020 14:15,4792,-0.001042862,4794.6,
07/04/2020 14:20,4800,0.001668057,4796,
07/04/2020 14:25,4795,-0.00104221,4795.2,
07/04/2020 14:30,4789,-0.001252087,4794.6,
07/04/2020 14:35,4775,-0.002927647,4790.2,
07/04/2020 14:40,4766,-0.001886595,4785,
07/04/2020 14:45,4792,0.005440482,4783.4,
07/04/2020 14:50,4793,0.000208659,4783,
07/04/2020 14:55,4792,-0.000208659,4783.6,
07/04/2020 15:00,4785,-0.001461836,4785.6,
08/04/2020 09:05,4486,-0.064524589,4729.6,
08/04/2020 09:10,4492,0.001336601,4669.6,
08/04/2020 09:15,4468,-0.005357156,4604.6,
08/04/2020 09:20,4467,-0.000223839,4539.6,
08/04/2020 09:25,4478,0.002459476,4478.2,
08/04/2020 09:30,4476,-0.000446728,4476.2,
08/04/2020 09:35,4473,-0.000670466,4472.4,
08/04/2020 09:40,4476,0.000670466,4474,
08/04/2020 09:45,4476,0,4475.8,
08/04/2020 09:50,4473,-0.000670466,4474.8,
08/04/2020 09:55,4475,0.000447027,4474.6,
08/04/2020 10:00,4487,0.002677975,4477.4,
08/04/2020 10:05,4487,0,4479.6,
08/04/2020 10:10,4483,-0.000891862,4481,
08/04/2020 10:15,4485,0.00044603,4483.4,
08/04/2020 10:30,4486,0.000222941,4485.6,
08/04/2020 10:35,4482,-0.000892061,4484.6,
08/04/2020 10:40,4483,0.00022309,4483.8,
08/04/2020 10:45,4500,0.003784932,4487.2,
08/04/2020 10:50,4517,0.00377066,4493.6,
08/04/2020 10:55,4517,0,4499.8,
08/04/2020 11:00,4518,0.000221361,4507,
08/04/2020 11:05,4515,-0.000664231,4513.4,
08/04/2020 11:10,4511,-0.000886328,4515.6,
08/04/2020 11:15,4508,-0.000665262,4513.8,
08/04/2020 11:20,4514,0.001330082,4513.2,
08/04/2020 11:25,4517,0.000664378,4513,
08/04/2020 11:30,4518,0.000221361,4513.6,
08/04/2020 13:35,4512,-0.001328904,4513.8,
08/04/2020 13:40,4515,0.000664673,4515.2,
08/04/2020 13:45,4515,0,4515.4,
08/04/2020 13:50,4514,-0.000221508,4514.8,
08/04/2020 13:55,4515,0.000221508,4514.2,
08/04/2020 14:00,4513,-0.000443066,4514.4,
08/04/2020 14:05,4509,-0.000886721,4513.2,
08/04/2020 14:10,4511,0.000443459,4512.4,
08/04/2020 14:15,4508,-0.000665262,4511.2,
08/04/2020 14:20,4507,-0.000221852,4509.6,
08/04/2020 14:25,4509,0.000443656,4508.8,
08/04/2020 14:30,4511,0.000443459,4509.2,
08/04/2020 14:35,4509,-0.000443459,4508.8,
08/04/2020 14:40,4510,0.000221754,4509.2,
08/04/2020 14:45,4524,0.003099405,4512.6,
08/04/2020 14:50,4527,0.00066291,4516.2,
08/04/2020 14:55,4522,-0.001105095,4518.4,
08/04/2020 15:00,4519,-0.000663643,4520.4,
09/04/2020 09:05,4522,0.000663643,4522.8,
09/04/2020 09:10,4532,0.002208969,4524.4,
09/04/2020 09:15,4530,-0.000441404,4525,
09/04/2020 09:20,4541,0.002425313,4528.8,
09/04/2020 09:25,4550,0.001979981,4535,
09/04/2020 09:30,4564,0.003072199,4543.4,
09/04/2020 09:35,4551,-0.002852443,4547.2,
09/04/2020 09:40,4551,0,4551.4,
09/04/2020 09:45,4536,-0.003301423,4550.4,
09/04/2020 09:50,4540,0.000881446,4548.4,
09/04/2020 09:55,4539,-0.000220289,4543.4,
09/04/2020 10:00,4536,-0.000661157,4540.4,
09/04/2020 10:05,4545,0.001982161,4539.2,
09/04/2020 10:10,4554,0.00197824,4542.8,
09/04/2020 10:15,4557,0.000658545,4546.2,
09/04/2020 10:20,4559,0.000438789,4550.2,
09/04/2020 10:35,4558,-0.00021937,4554.6,
09/04/2020 10:40,4559,0.00021937,4557.4,
09/04/2020 10:45,4552,-0.001536604,4557,
09/04/2020 10:50,4547,-0.001099022,4555,
09/04/2020 10:55,4552,0.001099022,4553.6,
09/04/2020 11:00,4551,-0.000219708,4552.2,
09/04/2020 11:05,4546,-0.001099264,4549.6,
09/04/2020 11:10,4547,0.000219949,4548.6,
09/04/2020 11:15,4548,0.000219901,4548.8,
09/04/2020 11:20,4535,-0.002862492,4545.4,
09/04/2020 11:25,4536,0.000220483,4542.4,
09/04/2020 11:30,4541,0.001101686,4541.4,
09/04/2020 13:35,4547,0.001320423,4541.4,
09/04/2020 13:40,4547,0,4541.2,
09/04/2020 13:45,4550,0.000659558,4544.2,
09/04/2020 13:50,4549,-0.000219804,4546.8,
09/04/2020 13:55,4544,-0.001099747,4547.4,
09/04/2020 14:00,4548,0.000879894,4547.6,
09/04/2020 14:05,4540,-0.001760564,4546.2,
09/04/2020 14:10,4546,0.001320713,4545.4,
09/04/2020 14:15,4550,0.000879508,4545.6,
09/04/2020 14:20,4556,0.001317813,4548,
09/04/2020 14:25,4551,-0.001098057,4548.6,
09/04/2020 14:30,4550,-0.000219756,4550.6,
09/04/2020 14:35,4543,-0.001539646,4550,
09/04/2020 14:40,4545,0.000440141,4549,
09/04/2020 14:45,4546,0.000219998,4547,
09/04/2020 14:50,4548,0.00043985,4546.4,
09/04/2020 14:55,4536,-0.002642009,4543.6,
09/04/2020 15:00,4533,-0.000661594,4541.6,
10/04/2020 09:05,4545,0.002643756,4541.6,
10/04/2020 09:10,4546,0.000219998,4541.6,
10/04/2020 09:15,4553,0.001538631,4542.6,
10/04/2020 09:20,4550,-0.000659123,4545.4,
10/04/2020 09:25,4549,-0.000219804,4548.6,
10/04/2020 09:30,4551,0.00043956,4549.8,
10/04/2020 09:35,4547,-0.000879314,4550,
10/04/2020 09:40,4543,-0.000880088,4548,
10/04/2020 09:45,4542,-0.000220143,4546.4,
10/04/2020 09:50,4547,0.001100231,4546,
10/04/2020 09:55,4541,-0.001320423,4544,
10/04/2020 10:00,4548,0.001540324,4544.2,
10/04/2020 10:05,4545,-0.000659848,4544.6,
10/04/2020 10:10,4545,0,4545.2,
10/04/2020 10:15,4541,-0.000880476,4544,
10/04/2020 10:30,4541,0,4544,
10/04/2020 10:35,4525,-0.003529675,4539.4,
10/04/2020 10:40,4509,-0.003542178,4532.2,
10/04/2020 10:45,4519,0.002215331,4527,
10/04/2020 10:50,4515,-0.000885544,4521.8,
10/04/2020 10:55,4509,-0.001329787,4515.4,
10/04/2020 11:00,4509,0,4512.2,
10/04/2020 11:05,4498,-0.002442546,4510,
10/04/2020 11:10,4511,0.002886005,4508.4,
10/04/2020 11:15,4515,0.000886328,4508.4,
10/04/2020 11:20,4509,-0.001329787,4508.4,
10/04/2020 11:25,4509,0,4508.4,
10/04/2020 11:30,4507,-0.000443656,4510.2,
10/04/2020 13:35,4511,0.000887115,4510.2,
10/04/2020 13:40,4500,-0.002441462,4507.2,
10/04/2020 13:45,4490,-0.002224695,4503.4,
10/04/2020 13:50,4496,0.001335411,4500.8,
10/04/2020 13:55,4498,0.000444741,4499,
10/04/2020 14:00,4494,-0.00088968,4495.6,
10/04/2020 14:05,4497,0.000667334,4495,
10/04/2020 14:10,4504,0.001555383,4497.8,
10/04/2020 14:15,4510,0.001331263,4500.6,
10/04/2020 14:20,4506,-0.000887312,4502.2,
10/04/2020 14:25,4511,0.001109016,4505.6,
10/04/2020 14:30,4512,0.000221656,4508.6,
10/04/2020 14:35,4510,-0.000443361,4509.8,
10/04/2020 14:40,4512,0.000443361,4510.2,
10/04/2020 14:45,4523,0.002434976,4513.6,
10/04/2020 14:50,4520,-0.000663497,4515.4,
10/04/2020 14:55,4526,0.001326553,4518.2,
10/04/2020 15:00,4529,0.000662617,4522,
13/04/2020 09:05,4580,0.011197834,4535.6,
13/04/2020 09:10,4554,-0.00569303,4541.8,
13/04/2020 09:15,4537,-0.003739967,4545.2,
13/04/2020 09:20,4532,-0.001102658,4546.4,
13/04/2020 09:25,4537,0.001102658,4548,
13/04/2020 09:30,4542,0.001101443,4540.4,
13/04/2020 09:35,4539,-0.00066072,4537.4,
13/04/2020 09:40,4542,0.00066072,4538.4,
13/04/2020 09:45,4533,-0.001983472,4538.6,
13/04/2020 09:50,4524,-0.001987414,4536,
13/04/2020 09:55,4513,-0.002434437,4530.2,
13/04/2020 10:00,4506,-0.001552279,4523.6,
13/04/2020 10:05,4514,0.001773836,4518,
13/04/2020 10:10,4510,-0.000886525,4513.4,
13/04/2020 10:15,4512,0.000443361,4511,
13/04/2020 10:20,4510,-0.000443361,4510.4,
13/04/2020 10:35,4533,0.005086818,4515.8,
13/04/2020 10:40,4535,0.000441112,4520,
13/04/2020 10:45,4536,0.000220483,4525.2,
13/04/2020 10:50,4533,-0.000661594,4529.4,
13/04/2020 10:55,4540,0.00154304,4535.4,
13/04/2020 11:00,4538,-0.000440626,4536.4,
13/04/2020 11:05,4531,-0.001543721,4535.6,
13/04/2020 11:10,4538,0.001543721,4536,
13/04/2020 11:15,4540,0.000440626,4537.4,
13/04/2020 11:20,4548,0.001760564,4539,
13/04/2020 11:25,4547,-0.000219901,4540.8,
13/04/2020 11:30,4536,-0.002422108,4541.8,
13/04/2020 13:35,4528,-0.001765226,4539.8,
13/04/2020 13:40,4526,-0.000441794,4537,
13/04/2020 13:45,4530,0.000883392,4533.4,
13/04/2020 13:50,4528,-0.000441599,4529.6,
13/04/2020 13:55,4531,0.000662325,4528.6,
13/04/2020 14:00,4525,-0.001325089,4528,
13/04/2020 14:05,4533,0.001766395,4529.4,
13/04/2020 14:10,4527,-0.001324504,4528.8,
13/04/2020 14:15,4528,0.000220872,4528.8,
13/04/2020 14:20,4512,-0.003539827,4525,
13/04/2020 14:25,4504,-0.001774623,4520.8,
13/04/2020 14:30,4505,0.000222,4515.2,
13/04/2020 14:35,4508,0.000665705,4511.4,
13/04/2020 14:40,4516,0.00177305,4509,
13/04/2020 14:45,4515,-0.000221459,4509.6,
13/04/2020 14:50,4507,-0.001773443,4510.2,
13/04/2020 14:55,4512,0.00110877,4511.6,
13/04/2020 15:00,4504,-0.001774623,4510.8,
14/04/2020 09:05,4483,-0.004673426,4504.2,
14/04/2020 09:10,4480,-0.000669419,4497.2,
14/04/2020 09:15,4472,-0.001787311,4490.2,
14/04/2020 09:20,4478,0.001340782,4483.4,
14/04/2020 09:25,4479,0.000223289,4478.4,
14/04/2020 09:30,4506,0.006010035,4483,
14/04/2020 09:35,4511,0.001109016,4489.2,
14/04/2020 09:40,4511,0,4497,
14/04/2020 09:45,4512,0.000221656,4503.8,
14/04/2020 09:50,4509,-0.000665115,4509.8,
14/04/2020 09:55,4514,0.001108279,4511.4,
14/04/2020 10:00,4515,0.000221508,4512.2,
14/04/2020 10:05,4526,0.00243336,4515.2,
14/04/2020 10:10,4528,0.000441794,4518.4,
14/04/2020 10:15,4528,0,4522.2,
14/04/2020 10:20,4526,-0.000441794,4524.6,
14/04/2020 10:35,4531,0.001104118,4527.8,
14/04/2020 10:40,4525,-0.001325089,4527.6,
14/04/2020 10:45,4527,0.000441891,4527.4,
14/04/2020 10:50,4519,-0.001768738,4525.6,
14/04/2020 10:55,4519,0,4524.2,
14/04/2020 11:00,4520,0.000221263,4522,
14/04/2020 11:05,4516,-0.000885348,4520.2,
14/04/2020 11:10,4509,-0.001551247,4516.6,
14/04/2020 11:15,4511,0.000443459,4515,
14/04/2020 11:20,4507,-0.000887115,4512.6,
14/04/2020 11:25,4516,0.001994903,4511.8,
14/04/2020 11:30,4530,0.003095293,4514.6,
14/04/2020 13:35,4533,0.000662032,4519.4,
14/04/2020 13:40,4531,-0.000441306,4523.4,
14/04/2020 13:45,4534,0.000661886,4528.8,
14/04/2020 13:50,4540,0.00132246,4533.6,
14/04/2020 13:55,4546,0.001320713,4536.8,
14/04/2020 14:00,4540,-0.001320713,4538.2,
14/04/2020 14:05,4545,0.001100716,4541,
14/04/2020 14:10,4549,0.000879701,4544,
14/04/2020 14:15,4547,-0.000439754,4545.4,
14/04/2020 14:20,4547,0,4545.6,
14/04/2020 14:25,4550,0.000659558,4547.6,
14/04/2020 14:30,4552,0.000439464,4549,
14/04/2020 14:35,4565,0.002851817,4552.2,
14/04/2020 14:40,4547,-0.003950839,4552.2,
14/04/2020 14:45,4544,-0.000659993,4551.6,
14/04/2020 14:50,4543,-0.000220095,4550.2,
14/04/2020 14:55,4549,0.001319842,4549.6,
14/04/2020 15:00,4545,-0.000879701,4545.6,
15/04/2020 09:05,4584,0.008544252,4553,
15/04/2020 09:10,4595,0.002396776,4563.2,
15/04/2020 09:15,4596,0.000217604,4573.8,
15/04/2020 09:20,4591,-0.001088495,4582.2,
15/04/2020 09:25,4595,0.000870891,4592.2,
15/04/2020 09:30,4640,0.00974561,4603.4,
15/04/2020 09:35,4708,0.014548823,4626,
15/04/2020 09:40,4683,-0.005324259,4643.4,
15/04/2020 09:45,4677,-0.001282051,4660.6,
15/04/2020 09:50,4669,-0.001711963,4675.4,
15/04/2020 09:55,4676,0.001498128,4682.6,
15/04/2020 10:00,4682,0.001282325,4677.4,
15/04/2020 10:05,4686,0.000853971,4678,
15/04/2020 10:10,4690,0.000853242,4680.6,
15/04/2020 10:15,4682,-0.001707213,4683.2,
15/04/2020 10:30,4682,0,4684.4,
15/04/2020 10:35,4675,-0.001496206,4683,
15/04/2020 10:40,4681,0.0012826,4682,
15/04/2020 10:45,4682,0.000213607,4680.4,
15/04/2020 10:50,4687,0.00106735,4681.4,
15/04/2020 10:55,4694,0.001492378,4683.8,
15/04/2020 11:00,4686,-0.001705757,4686,
15/04/2020 11:05,4688,0.000426712,4687.4,
15/04/2020 11:10,4684,-0.000853607,4687.8,
15/04/2020 11:15,4679,-0.001068034,4686.2,
15/04/2020 11:20,4658,-0.00449824,4679,
15/04/2020 11:25,4666,0.001716002,4675,
15/04/2020 11:30,4690,0.005130409,4675.4,
15/04/2020 13:35,4697,0.001491425,4678,
15/04/2020 13:40,4692,-0.001065076,4680.6,
15/04/2020 13:45,4691,-0.000213151,4687.2,
15/04/2020 13:50,4701,0.002129473,4694.2,
15/04/2020 13:55,4693,-0.001703215,4694.8,
15/04/2020 14:00,4695,0.000426076,4694.4,
15/04/2020 14:05,4690,-0.00106553,4694,
15/04/2020 14:10,4690,0,4693.8,
15/04/2020 14:15,4664,-0.005559133,4686.4,
15/04/2020 14:20,4688,0.005132603,4685.4,
15/04/2020 14:25,4700,0.002556456,4686.4,
15/04/2020 14:30,4698,-0.000425622,4688,
15/04/2020 14:35,4700,0.000425622,4690,
15/04/2020 14:40,4713,0.002762139,4699.8,
15/04/2020 14:45,4700,-0.002762139,4702.2,
15/04/2020 14:50,4706,0.001275782,4703.4,
15/04/2020 14:55,4710,0.000849618,4705.8,
15/04/2020 15:00,4718,0.001697073,4709.4,
16/04/2020 09:05,4702,-0.003397031,4707.2,
16/04/2020 09:10,4700,-0.000425441,4707.2,
16/04/2020 09:15,4692,-0.001703578,4704.4,
16/04/2020 09:20,4678,-0.002988263,4698,
16/04/2020 09:25,4680,0.000427442,4690.4,
16/04/2020 09:30,4629,-0.010957248,4675.8,
16/04/2020 09:35,4642,0.002804446,4664.2,
16/04/2020 09:40,4649,0.001506835,4655.6,
16/04/2020 09:45,4653,0.00086003,4650.6,
16/04/2020 09:50,4651,-0.000429923,4644.8,
16/04/2020 09:55,4648,-0.000645231,4648.6,
16/04/2020 10:00,4639,-0.001938194,4648,
16/04/2020 10:05,4642,0.000646482,4646.6,
16/04/2020 10:10,4641,-0.000215448,4644.2,
16/04/2020 10:15,4640,-0.000215494,4642,
16/04/2020 10:20,4640,0,4640.4,
16/04/2020 10:35,4646,0.001292268,4641.8,
16/04/2020 10:40,4650,0.000860585,4643.4,
16/04/2020 10:45,4656,0.001289491,4646.4,
16/04/2020 10:50,4652,-0.000859476,4648.8,
16/04/2020 10:55,4649,-0.000645092,4650.6,
16/04/2020 11:00,4644,-0.001076079,4650.2,
16/04/2020 11:05,4646,0.000430571,4649.4,
16/04/2020 11:10,4614,-0.006911475,4641,
16/04/2020 11:15,4623,0.001948685,4635.2,
16/04/2020 11:20,4633,0.002160761,4632,
16/04/2020 11:25,4636,0.000647319,4630.4,
16/04/2020 11:30,4641,0.001077935,4629.4,
16/04/2020 13:35,4640,-0.000215494,4634.6,
16/04/2020 13:40,4636,-0.000862441,4637.2,
16/04/2020 13:45,4639,0.0006469,4638.4,
16/04/2020 13:50,4640,0.00021554,4639.2,
16/04/2020 13:55,4647,0.001507484,4640.4,
16/04/2020 14:00,4648,0.000215169,4642,
16/04/2020 14:05,4624,-0.005176888,4639.6,
16/04/2020 14:10,4634,0.002160295,4638.6,
16/04/2020 14:15,4636,0.000431499,4637.8,
16/04/2020 14:20,4630,-0.001295057,4634.4,
16/04/2020 14:25,4632,0.000431872,4631.2,
16/04/2020 14:30,4638,0.001294499,4634,
16/04/2020 14:35,4627,-0.002374529,4632.6,
16/04/2020 14:40,4633,0.001295897,4632,
16/04/2020 14:45,4641,0.001725254,4634.2,
16/04/2020 14:50,4645,0.000861512,4636.8,
16/04/2020 14:55,4640,-0.001077006,4637.2,
16/04/2020 15:00,4632,-0.001725626,4638.2,
17/04/2020 09:05,4621,-0.002377608,4635.8,
17/04/2020 09:10,4621,0,4631.8,
17/04/2020 09:15,4630,0.001945736,4628.8,
17/04/2020 09:20,4613,-0.003678464,4623.4,
17/04/2020 09:25,4614,0.000216755,4619.8,
17/04/2020 09:30,4625,0.002381211,4620.6,
17/04/2020 09:35,4617,-0.001731227,4619.8,
17/04/2020 09:40,4645,0.006046229,4622.8,
17/04/2020 09:45,4639,-0.001292546,4628,
17/04/2020 09:50,4634,-0.0010784,4632,
17/04/2020 09:55,4630,-0.000863558,4633,
17/04/2020 10:00,4632,0.000431872,4636,
17/04/2020 10:05,4625,-0.001512369,4632,
17/04/2020 10:10,4667,0.009040096,4637.6,
17/04/2020 10:15,4656,-0.002359757,4642,
17/04/2020 10:30,4656,0,4647.2,
17/04/2020 10:35,4655,-0.0002148,4651.8,
17/04/2020 10:40,4655,0,4657.8,
17/04/2020 10:45,4653,-0.000429738,4655,
17/04/2020 10:50,4659,0.00128866,4655.6,
17/04/2020 10:55,4664,0.001072616,4657.2,
17/04/2020 11:00,4668,0.000857265,4659.8,
17/04/2020 11:05,4672,0.000856531,4663.2,
17/04/2020 11:10,4666,-0.001285072,4665.8,
17/04/2020 11:15,4671,0.001071008,4668.2,
17/04/2020 11:20,4667,-0.000856715,4668.8,
17/04/2020 11:25,4680,0.002781643,4671.2,
17/04/2020 11:30,4687,0.001494609,4674.2,
17/04/2020 13:35,4682,-0.00106735,4677.4,
17/04/2020 13:40,4678,-0.000854701,4678.8,
17/04/2020 13:45,4678,0,4681,
17/04/2020 13:50,4674,-0.000855432,4679.8,
17/04/2020 13:55,4671,-0.000642055,4676.6,
17/04/2020 14:00,4677,0.001283697,4675.6,
17/04/2020 14:05,4673,-0.000855615,4674.6,
17/04/2020 14:10,4676,0.00064178,4674.2,
17/04/2020 14:15,4669,-0.001498128,4673.2,
17/04/2020 14:20,4671,0.000428266,4673.2,
17/04/2020 14:25,4677,0.001283697,4673.2,
17/04/2020 14:30,4675,-0.000427716,4673.6,
17/04/2020 14:35,4670,-0.001070091,4672.4,
17/04/2020 14:40,4671,0.00021411,4672.8,
17/04/2020 14:45,4686,0.003206159,4675.8,
17/04/2020 14:50,4683,-0.00064041,4677,
17/04/2020 14:55,4683,0,4678.6,
17/04/2020 15:00,4689,0.00128041,4682.4,
20/04/2020 09:05,4754,0.013767029,4699,
20/04/2020 09:10,4700,-0.01142386,4701.8,
20/04/2020 09:15,4681,-0.004050746,4701.4,
20/04/2020 09:20,4675,-0.0012826,4699.8,
20/04/2020 09:25,4670,-0.001070091,4696,
20/04/2020 09:30,4683,0.002779859,4681.8,
20/04/2020 09:35,4674,-0.001923694,4676.6,
20/04/2020 09:40,4656,-0.003858526,4671.6,
20/04/2020 09:45,4651,-0.00107446,4666.8,
20/04/2020 09:50,4658,0.001503921,4664.4,
20/04/2020 09:55,4651,-0.001503921,4658,
20/04/2020 10:00,4643,-0.001721541,4651.8,
20/04/2020 10:05,4649,0.001291434,4650.4,
20/04/2020 10:10,4666,0.003650031,4653.4,
20/04/2020 10:15,4666,0,4655,
20/04/2020 10:35,4662,-0.000857633,4657.2,
20/04/2020 10:40,4658,-0.000858369,4660.2,
20/04/2020 10:45,4659,0.000214661,4662.2,
20/04/2020 10:50,4658,-0.000214661,4660.6,
20/04/2020 10:55,4664,0.001287278,4660.2,
20/04/2020 11:00,4666,0.000428725,4661,
20/04/2020 11:05,4664,-0.000428725,4662.2,
20/04/2020 11:10,4656,-0.001716739,4661.6,
20/04/2020 11:15,4661,0.001073307,4662.2,
20/04/2020 11:20,4658,-0.000643846,4661,
20/04/2020 11:25,4661,0.000643846,4660,
20/04/2020 11:30,4663,0.000429,4659.8,
20/04/2020 13:35,4660,-0.00064357,4660.6,
20/04/2020 13:40,4649,-0.002363305,4658.2,
20/04/2020 13:45,4655,0.001289768,4657.6,
20/04/2020 13:50,4644,-0.002365847,4654.2,
20/04/2020 13:55,4649,0.001076079,4651.4,
20/04/2020 14:00,4648,-0.000215123,4649,
20/04/2020 14:05,4644,-0.000860956,4648,
20/04/2020 14:10,4657,0.0027954,4648.4,
20/04/2020 14:15,4657,0,4651,
20/04/2020 14:20,4659,0.000429369,4653,
20/04/2020 14:25,4656,-0.000644122,4654.6,
20/04/2020 14:30,4660,0.000858738,4657.8,
20/04/2020 14:35,4628,-0.006890639,4652,
20/04/2020 14:40,4619,-0.001946578,4644.4,
20/04/2020 14:45,4624,0.0010819,4637.4,
20/04/2020 14:50,4623,-0.000216286,4630.8,
20/04/2020 14:55,4618,-0.001082134,4622.4,
20/04/2020 15:00,4612,-0.001300109,4619.2,
21/04/2020 09:05,4609,-0.000650689,4617.2,
21/04/2020 09:10,4610,0.000216943,4614.4,
21/04/2020 09:15,4589,-0.004565722,4607.6,
21/04/2020 09:20,4565,-0.005243621,4597,
21/04/2020 09:25,4569,0.000875849,4588.4,
21/04/2020 09:30,4561,-0.001752465,4578.8,
21/04/2020 09:35,4557,-0.000877385,4568.2,
21/04/2020 09:40,4576,0.004160742,4565.6,
21/04/2020 09:45,4580,0.000873744,4568.6,
21/04/2020 09:50,4583,0.000654807,4571.4,
21/04/2020 09:55,4576,-0.001528551,4574.4,
21/04/2020 10:00,4581,0.001092061,4579.2,
21/04/2020 10:05,4604,0.005008176,4584.8,
21/04/2020 10:10,4604,0,4589.6,
21/04/2020 10:15,4604,0,4593.8,
21/04/2020 10:30,4605,0.000217179,4599.6,
21/04/2020 10:35,4608,0.000651254,4605,
21/04/2020 10:40,4602,-0.001302932,4604.6,
21/04/2020 10:45,4606,0.00086881,4605,
21/04/2020 10:50,4599,-0.001520913,4604,
21/04/2020 10:55,4581,-0.003921574,4599.2,
21/04/2020 11:00,4597,0.003486602,4597,
21/04/2020 11:05,4601,0.000869754,4596.8,
21/04/2020 11:10,4598,-0.000652245,4595.2,
21/04/2020 11:15,4595,-0.000652671,4594.4,
21/04/2020 11:20,4603,0.001739509,4598.8,
21/04/2020 11:25,4606,0.000651537,4600.6,
21/04/2020 11:30,4604,-0.000434311,4601.2,
21/04/2020 13:35,4586,-0.003917306,4598.8,
21/04/2020 13:40,4599,0.002830704,4599.6,
21/04/2020 13:45,4582,-0.003703305,4595.4,
21/04/2020 13:50,4594,0.00261552,4593,
21/04/2020 13:55,4595,0.000217652,4591.2,
21/04/2020 14:00,4592,-0.000653097,4592.4,
21/04/2020 14:05,4613,0.004562746,4595.2,
21/04/2020 14:10,4607,-0.001301519,4600.2,
21/04/2020 14:15,4610,0.000650971,4603.4,
21/04/2020 14:20,4618,0.001733854,4608,
21/04/2020 14:25,4606,-0.00260191,4610.8,
21/04/2020 14:30,4600,-0.001303498,4608.2,
21/04/2020 14:35,4606,0.001303498,4608,
21/04/2020 14:40,4610,0.000868056,4608,
21/04/2020 14:45,4609,-0.000216943,4606.2,
21/04/2020 14:50,4608,-0.00021699,4606.6,
21/04/2020 14:55,4597,-0.002390007,4606,
21/04/2020 15:00,4605,0.001738753,4605.8,
22/04/2020 09:05,4583,-0.004788864,4600.4,
22/04/2020 09:10,4591,0.00174406,4596.8,
22/04/2020 09:15,4570,-0.00458466,4589.2,
22/04/2020 09:20,4557,-0.002848693,4581.2,
22/04/2020 09:25,4570,0.002848693,4574.2,
22/04/2020 09:30,4571,0.000218794,4571.8,
22/04/2020 09:35,4569,-0.000437637,4567.4,
22/04/2020 09:40,4600,0.006761941,4573.4,
22/04/2020 09:45,4596,-0.000869944,4581.2,
22/04/2020 09:50,4597,0.000217557,4586.6,
22/04/2020 09:55,4613,0.003474488,4595,
22/04/2020 10:00,4612,-0.000216802,4603.6,
22/04/2020 10:05,4623,0.002382243,4608.2,
22/04/2020 10:10,4622,-0.000216333,4613.4,
22/04/2020 10:15,4619,-0.00064928,4617.8,
22/04/2020 10:30,4620,0.000216474,4619.2,
22/04/2020 10:35,4619,-0.000216474,4620.6,
22/04/2020 10:40,4612,-0.001516629,4618.4,
22/04/2020 10:45,4615,0.000650266,4617,
22/04/2020 10:50,4614,-0.000216708,4616,
22/04/2020 10:55,4613,-0.000216755,4614.6,
22/04/2020 11:00,4613,0,4613.4,
22/04/2020 11:05,4607,-0.001301519,4612.4,
22/04/2020 11:10,4605,-0.000434216,4610.4,
22/04/2020 11:15,4605,0,4608.6,
22/04/2020 11:20,4606,0.000217132,4607.2,
22/04/2020 11:25,4606,0,4605.8,
22/04/2020 11:30,4620,0.003034904,4608.4,
22/04/2020 13:35,4612,-0.001733103,4609.8,
22/04/2020 13:40,4617,0.001083541,4612.2,
22/04/2020 13:45,4624,0.001514988,4615.8,
22/04/2020 13:50,4617,-0.001514988,4618,
22/04/2020 13:55,4613,-0.000866739,4616.6,
22/04/2020 14:00,4616,0.000650125,4617.4,
22/04/2020 14:05,4603,-0.002820264,4614.6,
22/04/2020 14:10,4607,0.000868621,4611.2,
22/04/2020 14:15,4608,0.000217037,4609.4,
22/04/2020 14:20,4611,0.00065083,4609,
22/04/2020 14:25,4610,-0.000216896,4607.8,
22/04/2020 14:30,4619,0.001950374,4611,
22/04/2020 14:35,4620,0.000216474,4613.6,
22/04/2020 14:40,4621,0.000216427,4616.2,
22/04/2020 14:45,4626,0.001081432,4619.2,
22/04/2020 14:50,4635,0.001943635,4624.2,
22/04/2020 14:55,4638,0.00064704,4628,
22/04/2020 15:00,4634,-0.000862813,4630.8,
23/04/2020 09:05,4623,-0.002376581,4631.2,
23/04/2020 09:10,4623,0,4630.6,
23/04/2020 09:15,4627,0.000864865,4629,
23/04/2020 09:20,4622,-0.001081198,4625.8,
23/04/2020 09:25,4624,0.00043262,4623.8,
23/04/2020 09:30,4618,-0.00129842,4622.8,
23/04/2020 09:35,4625,0.00151466,4623.2,
23/04/2020 09:40,4617,-0.001731227,4621.2,
23/04/2020 09:45,4621,0.000865988,4621,
23/04/2020 09:50,4621,0,4620.4,
23/04/2020 09:55,4621,0,4621,
23/04/2020 10:00,4628,0.001513677,4621.6,
23/04/2020 10:05,4627,-0.000216099,4623.6,
23/04/2020 10:10,4622,-0.001081198,4623.8,
23/04/2020 10:15,4623,0.000216333,4624.2,
23/04/2020 10:30,4623,0,4624.6,
23/04/2020 10:35,4620,-0.00064914,4623,
23/04/2020 10:40,4630,0.002162163,4623.6,
23/04/2020 10:45,4625,-0.001080497,4624.2,
23/04/2020 10:50,4623,-0.000432526,4624.2,
23/04/2020 10:55,4621,-0.000432713,4623.8,
23/04/2020 11:00,4631,0.002161696,4626,
23/04/2020 11:05,4630,-0.000215959,4626,
23/04/2020 11:10,4630,0,4627,
23/04/2020 11:15,4643,0.002803841,4631,
23/04/2020 11:20,4644,0.000215355,4635.6,
23/04/2020 11:25,4649,0.001076079,4639.2,
23/04/2020 11:30,4649,0,4643,
23/04/2020 13:35,4640,-0.001937776,4645,
23/04/2020 13:40,4633,-0.00150976,4643,
23/04/2020 13:45,4633,0,4640.8,
23/04/2020 13:50,4624,-0.001944475,4635.8,
23/04/2020 13:55,4621,-0.000648999,4630.2,
23/04/2020 14:00,4619,-0.0004329,4626,
23/04/2020 14:05,4617,-0.000433088,4622.8,
23/04/2020 14:10,4614,-0.000649984,4619,
23/04/2020 14:15,4611,-0.000650407,4616.4,
23/04/2020 14:20,4622,0.002382759,4616.6,
23/04/2020 14:25,4622,0,4617.2,
23/04/2020 14:30,4615,-0.001515644,4616.8,
23/04/2020 14:35,4620,0.001082837,4618,
23/04/2020 14:40,4618,-0.000432994,4619.4,
23/04/2020 14:45,4621,0.000649421,4619.2,
23/04/2020 14:50,4619,-0.0004329,4618.6,
23/04/2020 14:55,4624,0.0010819,4620.4,
23/04/2020 15:00,4623,-0.000216286,4621,
24/04/2020 09:05,4620,-0.00064914,4621.4,
24/04/2020 09:10,4633,0.002809901,4623.8,
24/04/2020 09:15,4641,0.001725254,4628.2,
24/04/2020 09:20,4640,-0.000215494,4631.4,
24/04/2020 09:25,4636,-0.000862441,4634,
24/04/2020 09:30,4649,0.002800217,4639.8,
24/04/2020 09:35,4644,-0.001076079,4642,
24/04/2020 09:40,4642,-0.000430756,4642.2,
24/04/2020 09:45,4639,-0.000646482,4642,
24/04/2020 09:50,4630,-0.001941958,4640.8,
24/04/2020 09:55,4635,0.001079331,4638,
24/04/2020 10:00,4627,-0.001727489,4634.6,
24/04/2020 10:05,4623,-0.000864865,4630.8,
24/04/2020 10:10,4625,0.000432526,4628,
24/04/2020 10:15,4629,0.000864491,4627.8,
24/04/2020 10:20,4630,0.000216006,4626.8,
24/04/2020 10:35,4629,-0.000216006,4627.2,
24/04/2020 10:40,4630,0.000216006,4628.6,
24/04/2020 10:45,4631,0.000215959,4629.8,
24/04/2020 10:50,4618,-0.002811117,4627.6,
24/04/2020 10:55,4617,-0.000216567,4625,
24/04/2020 11:00,4622,0.001082368,4623.6,
24/04/2020 11:05,4619,-0.00064928,4621.4,
24/04/2020 11:10,4626,0.001514332,4620.4,
24/04/2020 11:15,4627,0.000216146,4622.2,
24/04/2020 11:20,4625,-0.000432339,4623.8,
24/04/2020 11:25,4624,-0.00021624,4624.2,
24/04/2020 11:30,4631,0.001512696,4626.6,
24/04/2020 13:35,4631,0,4627.6,
24/04/2020 13:40,4637,0.001294778,4629.6,
24/04/2020 13:45,4640,0.000646761,4632.6,
24/04/2020 13:50,4638,-0.000431127,4635.4,
24/04/2020 13:55,4636,-0.000431313,4636.4,
24/04/2020 14:00,4633,-0.000647319,4636.8,
24/04/2020 14:05,4634,0.00021582,4636.2,
24/04/2020 14:10,4644,0.002155638,4637,
24/04/2020 14:15,4649,0.001076079,4639.2,
24/04/2020 14:20,4650,0.000215077,4642,
24/04/2020 14:25,4651,0.000215031,4645.6,
24/04/2020 14:30,4654,0.000644815,4649.6,
24/04/2020 14:35,4651,-0.000644815,4651,
24/04/2020 14:40,4647,-0.0008604,4650.6,
24/04/2020 14:45,4647,0,4650,
24/04/2020 14:50,4652,0.001075385,4650.2,
24/04/2020 14:55,4654,0.00042983,4650.2,
24/04/2020 15:00,4662,0.001717476,4652.4,
28/04/2020 09:05,4630,-0.006887673,4649,
28/04/2020 09:10,4624,-0.001296737,4644.4,
28/04/2020 09:15,4613,-0.002381727,4636.6,
28/04/2020 09:20,4623,0.00216544,4630.4,
28/04/2020 09:25,4619,-0.000865614,4621.8,
28/04/2020 09:30,4615,-0.000866363,4618.8,
28/04/2020 09:35,4617,0.000433276,4617.4,
28/04/2020 09:40,4616,-0.000216614,4618,
28/04/2020 09:45,4620,0.000866176,4617.4,
28/04/2020 09:50,4618,-0.000432994,4617.2,
28/04/2020 09:55,4632,0.003027029,4620.6,
28/04/2020 10:00,4633,0.000215866,4623.8,
28/04/2020 10:05,4626,-0.001512043,4625.8,
28/04/2020 10:10,4637,0.002375042,4629.2,
28/04/2020 10:15,4628,-0.001942796,4631.2,
28/04/2020 10:30,4628,0,4630.4,
28/04/2020 10:35,4635,0.00151139,4630.8,
28/04/2020 10:40,4642,0.001509109,4634,
28/04/2020 10:45,4635,-0.001509109,4633.6,
28/04/2020 10:50,4638,0.00064704,4635.6,
28/04/2020 10:55,4635,-0.00064704,4637,
28/04/2020 11:00,4636,0.000215726,4637.2,
28/04/2020 11:05,4635,-0.000215726,4635.8,
28/04/2020 11:10,4631,-0.000863372,4635,
28/04/2020 11:15,4635,0.000863372,4634.4,
28/04/2020 11:20,4631,-0.000863372,4633.6,
28/04/2020 11:25,4635,0.000863372,4633.4,
28/04/2020 11:30,4637,0.000431406,4633.8,
28/04/2020 13:35,4635,-0.000431406,4634.6,
28/04/2020 13:40,4639,0.000862627,4635.4,
28/04/2020 13:45,4634,-0.0010784,4636,
28/04/2020 13:50,4639,0.0010784,4636.8,
28/04/2020 13:55,4641,0.000431034,4637.6,
28/04/2020 14:00,4641,0,4638.8,
28/04/2020 14:05,4637,-0.000862255,4638.4,
28/04/2020 14:10,4641,0.000862255,4639.8,
28/04/2020 14:15,4633,-0.001725254,4638.6,
28/04/2020 14:20,4632,-0.000215866,4636.8,
28/04/2020 14:25,4635,0.000647459,4635.6,
28/04/2020 14:30,4630,-0.001079331,4634.2,
28/04/2020 14:35,4620,-0.002162163,4630,
28/04/2020 14:40,4622,0.000432807,4627.8,
28/04/2020 14:45,4622,0,4625.8,
28/04/2020 14:50,4625,0.000648859,4623.8,
28/04/2020 14:55,4628,0.000648438,4623.4,
28/04/2020 15:00,4625,-0.000648438,4624.4,
29/04/2020 09:05,4621,-0.000865239,4624.2,
29/04/2020 09:10,4633,0.002593475,4626.4,
29/04/2020 09:15,4635,0.000431593,4628.4,
29/04/2020 09:20,4633,-0.000431593,4629.4,
29/04/2020 09:25,4631,-0.000431779,4630.6,
29/04/2020 09:30,4627,-0.000864118,4631.8,
29/04/2020 09:35,4623,-0.000864865,4629.8,
29/04/2020 09:40,4626,0.000648719,4628,
29/04/2020 09:45,4623,-0.000648719,4626,
29/04/2020 09:50,4620,-0.00064914,4623.8,
29/04/2020 09:55,4624,0.000865426,4623.2,
29/04/2020 10:00,4625,0.00021624,4623.6,
29/04/2020 10:05,4628,0.000648438,4624,
29/04/2020 10:10,4627,-0.000216099,4624.8,
29/04/2020 10:15,4628,0.000216099,4626.4,
29/04/2020 10:30,4629,0.000216053,4627.4,
29/04/2020 10:35,4628,-0.000216053,4628,
29/04/2020 10:40,4632,0.000863931,4628.8,
29/04/2020 10:45,4634,0.000431686,4630.2,
29/04/2020 10:50,4633,-0.00021582,4631.2,
29/04/2020 10:55,4634,0.00021582,4632.2,
29/04/2020 11:00,4641,0.001509434,4634.8,
29/04/2020 11:05,4639,-0.000431034,4636.2,
29/04/2020 11:10,4644,0.001077238,4638.2,
29/04/2020 11:15,4637,-0.001508458,4639,
29/04/2020 11:20,4633,-0.000862999,4638.8,
29/04/2020 11:25,4628,-0.001079797,4636.2,
29/04/2020 11:30,4628,0,4634,
29/04/2020 13:35,4627,-0.000216099,4630.6,
29/04/2020 13:40,4626,-0.000216146,4628.4,
29/04/2020 13:45,4623,-0.000648719,4626.4,
29/04/2020 13:50,4623,0,4625.4,
29/04/2020 13:55,4623,0,4624.4,
29/04/2020 14:00,4625,0.000432526,4624,
29/04/2020 14:05,4622,-0.000648859,4623.2,
29/04/2020 14:10,4624,0.00043262,4623.4,
29/04/2020 14:15,4623,-0.000216286,4623.4,
29/04/2020 14:20,4622,-0.000216333,4623.2,
29/04/2020 14:25,4628,0.001297297,4623.8,
29/04/2020 14:30,4628,0,4625,
29/04/2020 14:35,4629,0.000216053,4626,
29/04/2020 14:40,4628,-0.000216053,4627,
29/04/2020 14:45,4627,-0.000216099,4628,
29/04/2020 14:50,4626,-0.000216146,4627.6,
29/04/2020 14:55,4625,-0.000216193,4627,
29/04/2020 15:00,4627,0.000432339,4626.6,
30/04/2020 09:05,4624,-0.000648579,4625.8,
30/04/2020 09:10,4623,-0.000216286,4625,
30/04/2020 09:15,4615,-0.001731977,4622.8,
30/04/2020 09:20,4620,0.001082837,4621.8,
30/04/2020 09:25,4619,-0.000216474,4620.2,
30/04/2020 09:30,4617,-0.000433088,4618.8,
30/04/2020 09:35,4625,0.001731227,4619.2,
30/04/2020 09:40,4624,-0.00021624,4621,
30/04/2020 09:45,4617,-0.001514988,4620.4,
30/04/2020 09:50,4594,-0.004994039,4615.4,
30/04/2020 09:55,4585,-0.001960999,4609,
30/04/2020 10:00,4586,0.000218079,4601.2,
30/04/2020 10:05,4595,0.001960571,4595.4,
30/04/2020 10:10,4587,-0.00174254,4589.4,
30/04/2020 10:15,4584,-0.000654236,4587.4,
30/04/2020 10:35,4572,-0.002621233,4584.8,
30/04/2020 10:40,4577,0.001093016,4583,
30/04/2020 10:45,4572,-0.001093016,4578.4,
30/04/2020 10:50,4567,-0.001094212,4574.4,
30/04/2020 10:55,4564,-0.000657102,4570.4,
30/04/2020 11:00,4568,0.00087604,4569.6,
30/04/2020 11:05,4572,0.000875274,4568.6,
30/04/2020 11:10,4580,0.001748252,4570.2,
30/04/2020 11:15,4572,-0.001748252,4571.2,
30/04/2020 11:20,4569,-0.000656383,4572.2,
30/04/2020 11:25,4569,0,4572.4,
30/04/2020 11:30,4544,-0.005486681,4566.8,
30/04/2020 13:35,4537,-0.001541681,4558.2,
30/04/2020 13:40,4535,-0.000440917,4550.8,
30/04/2020 13:45,4543,0.001762503,4545.6,
30/04/2020 13:50,4533,-0.002203615,4538.4,
30/04/2020 13:55,4538,0.001102414,4537.2,
30/04/2020 14:00,4531,-0.001543721,4536,
30/04/2020 14:05,4518,-0.002873248,4532.6,
30/04/2020 14:10,4530,0.002652521,4530,
30/04/2020 14:15,4536,0.001323627,4530.6,
30/04/2020 14:20,4538,0.00044082,4530.6,
30/04/2020 14:25,4538,0,4532,
30/04/2020 14:30,4544,0.001321295,4537.2,
30/04/2020 14:35,4535,-0.001982598,4538.2,
30/04/2020 14:40,4542,0.00154236,4539.4,
30/04/2020 14:45,4536,-0.001321877,4539,
30/04/2020 14:50,4545,0.001982161,4540.4,
30/04/2020 14:55,4542,-0.000660284,4540,
30/04/2020 15:00,4550,0.001759789,4543,
